,btc_usd,btc_aud,btc_eur
0,0.2219571077002911,0.3864568397275434,0.8776075632467837
1,1.192176139649746,1.2871118989896786,0.9105472343144356
2,-11.14528115262874,-10.690217759289226,-10.402465680663227
3,-9.911665307610747,-10.01750537368207,-9.995633149781497
4,0.5092370042439143,0.7438685883516882,0.6534486845412175
5,-5.1609358845307725,-5.35065528119776,-5.550685675778368
6,-5.330609392864062,-5.158400433769202,-4.782376733359342
7,4.221220722853104,4.674554287401406,4.263659681873833
8,-4.507082024894771,-4.232623928432076,-4.576349687029506
9,2.569814674478039,2.559351851543397,2.63742518235631
10,1.026079611188834,1.4972699644094973,1.1084171553939086
11,-0.08546643311274238,-0.0660087791911792,-0.24236129262499162
12,2.674483057749967,3.075776311516165,3.353213754706303
13,4.733904382972469,4.814329713670304,4.751257001413251
14,2.259824130544075,2.267821901325078,2.0587435215511505
15,6.552790093026488,6.707865075426525,6.797983376023694
16,2.128137003903248,2.1180495933949715,2.3123756350560143
17,1.2579497081314912,0.8847934800378425,0.9166681454662466
18,-2.8256114143223385,-2.9163041957890528,-3.0247954137994384
19,-3.5362502119842247,-4.118889822375422,-4.05873781479022
20,-3.774546043596274,-4.048676652066206,-3.835095783941142
21,-3.9871671863802476,-3.8461585874792945,-3.9187427687993477
22,5.679024120508984,5.807242605606007,5.598407230883822
23,-3.2735100910576875,-2.812082902089969,-3.259063932035133
24,2.709875762078809,2.7032346255946322,3.156308370302213
25,3.4332382112206687,3.130097110533825,3.248810203256653
26,-4.794143418046588,-4.398770212776071,-4.557689982655575
27,-1.4710461223003222,-2.2285348965287994,-1.7188041357676411
28,-0.8780004812433617,-0.8971848693108768,-0.894947051334384
29,-3.2354221497244,-3.025720916537466,-3.17318239562519
30,-0.1421443905110209,-0.3074693103953905,-0.20729684982870822
31,-4.359415961915147,-4.755832646151248,-4.606148509952618
32,3.306919029359051,3.5030163934916345,3.5344296816801943
33,-0.8541898529128957,-0.7040239658927021,-0.7958891019989096
34,0.4271861314919079,0.1540476010122802,0.24229418093455024
35,4.658702287148117,5.223548518782991,4.6613692123682995
36,2.1232933166502335,1.4874444950892212,1.4113842512269912
37,-6.895894063443848,-6.446966609697483,-6.661284058209276
38,-4.309182930541283,-3.857306655118009,-3.955591555990395
39,-10.60918767320618,-10.166117919656244,-10.02821171495998
40,-4.316032480244758,-4.44956965192614,-4.610979465360288
41,0.2902504882076755,0.8288066778986831,0.5643141968976124
42,-6.580311995698139,-6.62722723898878,-6.260520934227316
43,-9.303484716474486,-8.48834278260074,-9.160478236473864
44,3.2675438619044144,3.517255177577681,3.0390269908093615
45,-13.045399541118968,-13.20233967681088,-13.188110003375186
46,0.26794087598318583,0.5966039644608827,0.4701372525705665
47,4.9588105473376345,5.193747160652492,5.228911500928007
48,5.287969663932017,5.416613530207542,5.130148114860276
49,1.1484269287357165,0.47653086438913306,0.7511670268977468
50,1.058917062207911,0.7937138284778484,0.7863321586082748
51,-27.268321414007005,-27.579079367505983,-27.30866500812408
52,-0.06042478626477532,0.6056794277446897,0.4772130846940854
53,-10.875285653763058,-11.853864759710632,-11.4793177135507
54,13.379851002882788,14.296152418994097,13.275999835881521
55,10.880586922588918,11.250219723897317,11.147656425671812
56,-4.691407209063982,-4.51260147821813,-4.3568307671521325
57,4.094997577261893,3.731261670571257,3.922000887489048
58,6.037103286342244,5.5251925925640535,5.998428045775654
59,4.673735065076471,4.857976734185286,4.708428143219862
60,-0.08853866932258825,-0.15927733630996954,-0.32277153435461514
61,1.7103598873254668,1.773372600071525,1.8992677404767164
62,6.373283243658079,5.730544906697105,5.818639580373201
63,4.702454813690565,4.102153745341639,4.474757093763401
64,-3.122768082197581,-3.1088808296899515,-3.123117135548455
65,-8.24765098509306,-8.087671374061756,-7.994047067844804
66,0.6481836354341795,0.045491765999031486,0.17913763192154875
67,1.7362392719987838,1.8633828052224999,1.8253731870972842
68,6.59372031579187,6.652511297212186,6.913291022112389
69,-3.2767729729148414,-3.411237790751329,-2.880667745905157
70,-3.287545522902292,-3.309384891304944,-3.317699206434554
71,9.014871096214847,8.230499136514482,8.291419847642828
72,6.4187496194517735,6.5091245013736625,6.534701200152995
73,-3.7126242719732545,-3.877928713505753,-3.88034916126162
74,11.384116010642174,11.389136059980956,11.63110253650666
75,-3.828389414185949,-3.8711448183130415,-4.025699869076561
76,-2.1653466517836932,-1.5615940352709003,-1.5796959738072474
77,-1.1857080209829292,-1.3851655476591986,-1.3710912868791638
78,-0.28941047288935806,-0.26831831657000293,-0.28148200460418593
79,5.484527213780893,5.841971662983269,5.334656248021929
80,-3.7782148917540326,-4.277795441315902,-3.963179233864139
81,10.834840370553138,11.256654645982053,10.904623643054947
82,1.9133296334566694,0.8165517695069866,1.2853248951360001
83,1.7103279446473607,1.9834280127142847,1.630331457081411
84,4.036160331190331,4.744237851480648,4.081497139832209
85,-5.632375360983133,-5.096559877454638,-5.503553117127012
86,-5.061998711664273,-5.011988456708423,-4.871099711979696
87,-3.072551915414806,-3.347932842794762,-3.528942709470357
88,-0.9207308951426967,-0.9109795881795435,-0.9104598450830963
89,0.6330935463247442,-0.13338372293765133,0.4203152426143788
90,-0.9785863088090991,-1.0232000358846562,-0.8758562053772039
91,0.4318473055063805,0.11126812290967791,0.3153966138543183
92,8.112762543340068,7.868558767348077,8.20034255925566
93,2.4238979572692188,1.8307953630883276,2.0482917817662383
94,-2.36679751758129,-1.8970314949237945,-2.222068826256873
95,-2.9449207141969964,-3.0737615833040763,-2.8891190884824027
96,5.026858523257033,4.816518005469334,5.007138664666854
97,10.627092574286507,10.175080111403076,10.454679887116072
98,-3.431216059027065,-4.349743237791699,-4.110044295746775
99,-2.474368805565973,-2.711671763796403,-3.0849779228447005
100,-0.59817984208712,-1.2370224683236302,-0.5903495387883595
101,2.9305092456834245,3.1778285117852647,3.1214259034695715
102,-5.869631622848829,-5.434916058040471,-5.6952508435242635
103,2.1695078590255434,2.1907752817769506,2.087392909339542
104,-0.8558224976059137,-1.1943733172465727,-0.7996523676883953
105,-5.265127909804505,-5.503664499228762,-5.65052078942972
106,0.0,-0.17804286429054628,-0.10494097079936182
107,1.0609776326109568,0.912134792215511,0.9440725189360819
108,-0.6020383479590237,-1.3573806866097584,-0.5593427868261642
109,-6.530987754214948,-6.456031091620389,-6.7014267600989115
110,-1.5599275197218958,-1.4353640214430925,-1.8322767634945194
111,-0.5783690155440127,-1.3250538136289833,-0.9173988858383382
112,-5.5112539788297,-5.7698102324011415,-5.557634793844045
113,-1.8341417430565343,-1.4023978774348507,-1.5986645677021443
114,11.847827710298588,11.567326744481761,11.45374512428316
115,0.9498453617634368,1.2522082985051384,1.3347854031380848
116,1.2937914200701925,1.2729609222733416,1.2979497726610134
117,-5.589665056526428,-5.931945718770294,-5.660160306390026
118,-7.74444431638949,-8.002116477131494,-7.822079629824657
119,-1.865291555370277,-1.7441535652069433,-1.8850146957720426
120,-2.6874669287608413,-2.7924417941248976,-2.744952973926047
121,4.086761679427582,4.083860835118685,4.0968333605396765
122,-5.1696305093610135,-5.016410288015322,-5.132603226518768
123,-4.607964950260794,-4.721562550477756,-4.692237776142065
124,-1.2657670618318662,-1.3498520644407108,-1.293335908681911
125,8.71011562631611,8.866458076128765,8.769003380382856
126,-2.2801693695801077,-2.5447618931411853,-2.3904251709500386
127,6.999357806274929,7.185876844838276,7.225130642313161
128,1.8292422458198416,1.512193758650028,1.5945858342383872
129,2.4337961831006396,2.3202650554612774,2.334136015173499
130,-2.549839119117678,-2.387926343080835,-2.4403626675393753
131,-0.9578683808576898,-1.038046760178986,-0.9211039727324533
132,1.3929599745006271,1.4890355607494712,1.275148940139843
133,-6.896679404382667,-7.081397449772339,-6.60584140267747
134,-2.0753869567670336,-2.0910048984260357,-2.1045505279762438
135,-4.193124152130622,-4.218020595049893,-4.545218354100143
136,4.193124152130622,3.9221996328396926,4.188075493160795
137,10.884223624736478,11.135115618701093,10.977214616574202
138,5.772188383569301,5.678071699192515,5.742384242301341
139,3.705463328948099,4.020195703524223,3.646695720490243
140,-3.2896177955826715,-3.3571626848588494,-3.2474930330208736
141,-2.0651090086921613,-1.6939712063704064,-1.9605789986362652
142,-1.0054149619609234,-1.339375604829911,-1.0518935051259177
143,-0.7475346082846954,-0.5362529454851028,-0.8072016863116005
144,-4.496980769583388,-4.479993156945056,-4.4689273312433215
145,2.8561968553694896,2.690403613720264,3.0283845949106762
146,-9.378053622089283,-9.29004690709371,-9.290234429818156
147,-5.0144415733120695,-4.825181810732829,-4.945133438735866
148,-13.802252628314818,-13.97184957162608,-13.862177013765177
149,2.545208394043584,2.759510558547845,2.4199531431204377
150,0.23643456783429428,0.13777583892806433,0.18035891472754884
151,-4.976903269753166,-4.995003882748279,-5.207403370501197
152,-0.5941417797021131,-0.6925208033007948,-0.36263417861664493
153,10.376266329207283,10.657702460155633,10.28388733851898
154,-6.52063975962119,-6.463761387969498,-6.410509222094333
155,-5.75925593683678,-5.719177086119089,-5.761198608108316
156,0.833283781328646,0.6242413936033699,0.6901938265509671
157,-0.2975216468948929,-0.23115508297451015,-0.25422651719418354
158,2.2886365857593773,2.3091498738012888,2.1407457242075907
159,5.241117663479599,5.222064110615975,5.313873729146508
160,2.6839319469254406,2.4520768992242665,2.6284062875329255
161,-0.382978101280969,-0.5265748716519738,-0.25173970247851685
162,3.705777600489455,3.2466076347518538,3.5544423025221477
163,-4.206816529906064,-4.208895203853899,-4.202064114033419
164,-4.55029741510225,-4.756278856026256,-4.906745782838698
165,1.331774860565929,1.0128914309789252,1.3373093164973398
166,-5.783877667319757,-5.907618602757793,-5.977520651276791
167,-15.61946224024905,-15.487551253325364,-15.452522778448838
168,6.205026083813209,6.443396746421058,6.400374972014106
169,-3.8811632021606783,-3.790719627222643,-3.8942003657484747
170,-1.3272603076602536,-1.1728830807387567,-1.2154473789651092
171,-4.356119058269542,-4.045255875067596,-4.358270979850204
172,-2.549860228653415,-2.453931058462331,-2.779993265092344
173,-2.89162695588675,-2.1758161978905264,-2.676084109591102
174,-5.5938644085163105,-5.6031866247631115,-5.59828289017787
175,10.671483673095281,10.869028751374572,10.79522097604422
176,2.725787622641292,2.9161395953451574,2.6253042496246053
177,3.532452384783028,3.2354141650284873,3.354780016845325
178,-4.652154721501574,-4.386743607636163,-4.167517879752268
179,-7.964778387440674,-8.357383739803481,-8.014885205553583
180,2.3778324162904028,1.4451040739058953,1.7122654471913847
181,5.1023617954560905,4.747012515710594,5.008264813503047
182,1.4530486300591292,1.5302942327889468,1.3682675063337228
183,4.256160491722767,4.623715887659273,4.093605318277696
184,-0.8136083979261457,-0.5621530609696492,-0.699519569048789
185,2.2583908784235973,2.3869710856015445,2.3910695789218153
186,7.192766347496217,7.126916695055115,7.029648542991708
187,3.3092375731448556,3.8682079619065917,3.569091122088139
188,-4.474547333758892,-4.332471300407633,-4.445099500188007
189,-3.954231981169869,-4.328003777456615,-4.171551716828617
190,3.4458511630909925,3.352348617365351,3.3313229790655896
191,-13.855226008930913,-14.325752359505714,-13.799920924500839
192,-1.7910543166526622,-1.6281076259529073,-1.8544623666402913
193,-0.27349388607763103,-0.0472310780587577,-0.25989938327256823
194,-2.2211075110226375,-1.8910746936726355,-2.267701114924421
195,5.286034728595041,5.40369662050216,5.456077374683446
196,2.209410562665653,2.420995670621778,2.2553759583479405
197,5.156438112055184,5.361692057047549,5.267338181705782
198,-0.2707296179687546,-0.37368335442079115,-0.1469615698151756
199,8.324010853733853,8.237035873396962,8.421402896048676
200,-12.762518456385806,-12.55275152412105,-12.586878611651628
201,4.995602513776248,5.295002671446127,4.953526048322601
202,-5.437591471247288,-5.981752996027353,-5.781504568185483
203,-0.26528717492146825,0.22896918174774328,-0.18008608163290774
204,2.120329445320749,2.058366841472889,2.1229520594097266
205,-2.0318925670853787,-2.0812614005826617,-2.014896518756359
206,-1.9474202843957755,-1.7185875152572407,-1.802451821800787
207,0.08860142654339143,-0.13761467911717773,0.03608089336557896
208,2.212488180724904,2.4284089826269337,2.3064735610641947
209,-3.897259140088863,-3.5988990007044777,-3.7507256896333274
210,-5.934031179636804,-6.081006438696932,-5.97968694271367
211,1.070727602149418,1.0622330983787833,1.053568606655972
212,-0.3567818316987541,-0.3462563947741728,-0.2905287643898191
213,1.6638938946962298,1.4534718612740107,1.6693888834324753
214,4.76833079282369,4.921473493990561,4.847178960473684
215,-13.3551456288169,-13.302122151510048,-13.368406006789883
216,-0.4792140980625845,-0.6744264723820379,-0.47553727462036477
217,0.08987013771002239,0.348898067153641,0.10975944399433502
218,-3.2704771338503633,-3.494470649773575,-3.298035163536042
219,2.970878593650923,3.192099358786436,3.1150960634531657
220,-0.05993048066193296,-0.06979097605471907,-0.03659183636591479
221,3.7984762057403714,4.016675743117958,3.7983975544593704
222,-0.35829452192774625,-0.32444959728491085,-0.4010719613306719
223,-0.41817259189338074,-0.48687185799280996,-0.4742016175259778
224,-1.1359221620205062,-1.1601736920983967,-1.1682244319235906
225,-10.614246835786616,-10.244532744427488,-10.649727916657866
226,2.475697176560061,2.10881562756731,2.470548279961804
227,-0.06030999338327092,0.18723523821790877,0.11047892625902023
228,-7.7929533239585,-8.180723752748236,-7.8917693940802565
229,10.437185633885747,10.652221198635743,10.423091251250298
230,4.670387508613203,4.46118124527311,4.751818284015826
231,4.036212631886883,4.216936185726809,4.05988885484112
232,2.7802443226792093,2.77851310251026,2.9980697563569265
233,-0.5613413250302983,-1.0783403782079404,-1.0103926956599025
234,0.26593780167058867,0.29838071304948244,0.28878781516323215
235,-3.7592360046201065,-3.563426955939576,-3.5071897108573467
236,5.8547137875521,5.855691569975534,5.850504228352293
237,5.439510038144363,5.343454438561821,5.386783118499807
238,1.6992855372263875,1.2972974792410241,1.5746344018680247
239,-4.165450434727973,-3.7599597659209394,-3.9412448007715284
240,-4.8029558260150225,-5.104212319916769,-4.93046182616672
241,1.062762100384134,0.940399394969063,1.0817438764424878
242,1.3563322144145786,1.3974961895946763,1.4045199031679658
243,2.7659279072486243,2.2410766543125646,2.5877885267545935
244,-0.9407338417204301,-0.9141186248325539,-1.0774315077633219
245,6.069776871212525,6.426786632184303,6.375836485198306
246,7.484999486603556,6.972455466733663,7.0093329263818305
247,16.34662852511974,16.11205638726824,16.178168145859672
248,-2.3720735319093365,-1.732987169700209,-1.9905368797699339
249,4.7385336437946535,5.057237288996475,4.951540906851733
250,-0.9972221070001979,-0.996115233276214,-1.0440593974108197
251,1.1680746616621036,1.3279332673118915,1.391837101409692
252,-2.5658584039574635,-1.8374422667384351,-1.8446015845474903
253,-3.9184891039767535,-3.284804089929821,-3.454717026303115
254,-0.1433013773730636,-0.5114464037833386,-0.48951049928655266
255,-0.4873783442453714,-0.9568846349047817,-0.8397187435784872
256,-5.665248735196656,-5.312868268560123,-5.475426967945168
257,1.0664822951548558,1.1408503927323181,1.2662236576252326
258,-0.144052781188293,0.4023425330324244,0.2460240764557966
259,-3.4635067959352455,-2.9991069928400975,-3.1325369226597104
260,-0.0867415535976761,-0.3587041849932575,-0.3173204081285803
261,2.1951369221296773,2.195046350152552,2.1839453535885696
262,2.996084287755366,3.863207243161014,3.792938451828377
263,-2.534563568820886,-3.3263785457220365,-2.8082017892884323
264,-1.702914125753523,-1.6337495940770168,-1.8647860020992084
265,4.036099693001233,4.0236105785406835,4.006753567891792
266,2.241637908442499,2.7401855073985644,2.9071315197852527
267,2.093400818981536,2.066874089803605,2.061388148506012
268,2.4891648404391162,1.7967065222655947,1.9874830022472452
269,-2.231377513555344,-2.285258862599221,-2.1969217072855827
270,-4.190110596096929,-4.385434941528729,-4.26812850564238
271,-0.1725724808711675,-0.13386880876714713,0.17528176588530187
272,-5.219986185651578,-4.853672702272888,-5.307103221641228
273,-4.143432222690535,-3.9765056948381243,-4.202354555525744
274,-0.2613506033194426,-0.4728398624538386,-0.42474869674333604
275,0.7548265708956023,0.9454562530354451,0.849317058626184
276,2.6374151245345274,2.741266743014421,2.6141958576718025
277,6.548887451741393,6.954177595656802,6.961319115027436
278,2.4986012223544094,2.2258339369691384,2.2747564446854085
279,-0.746054553972499,-0.711727972038716,-0.48951049928655266
280,3.4673005580225436,3.9304124231966853,3.874553252788246
281,-4.012846476367486,-4.152931338223425,-4.119398389460912
282,5.327846237058111,5.880085727849291,5.755461760229082
283,-11.493058355457833,-11.459212004830988,-11.579426578198763
284,-1.3880858214906766,-0.9179550398876017,-1.5494051976347691
285,4.705891037412584,3.9791705199295393,4.641032168303354
286,-1.4700162619519688,-1.5406087334085896,-1.3338483496772824
287,5.522968819775997,5.437339301342945,5.359689147873723
288,3.3506625273912505,3.4166071306317463,3.4527892006080947
289,-7.778119950953624,-7.424896283671842,-7.478629998804536
290,-1.7303038115624076,-1.8536928402136255,-1.8608575845355517
291,2.220012732610485,2.076797566494861,2.141441200294139
292,2.301298372020028,2.4508724001188966,2.59167307883763
293,1.8372331850805494,2.0896326294841856,1.5727395116009575
294,0.3154348008065426,0.15543638797316817,0.34916201471969543
295,8.10969607333027,8.776155275161727,8.72426937403361
296,-11.469885337563028,-11.110241762355145,-11.310959854352404
297,-2.217583168119745,-2.8081141697748535,-2.382872487500208
298,-6.102076571307407,-6.291088999128988,-6.264537978651788
299,-1.6257805874520272,-1.4383964362514234,-1.2717704049246095
300,-3.6968618813261855,-3.334237566714364,-3.434786755375171
301,-1.1088093108846806,-1.2645081394111912,-1.3843289103988354
302,3.468228415655176,2.797835760111411,3.297933803502019
303,-1.1644494925858453,-0.3380319810457877,-0.8500390113040339
304,-3.150803435191847,-3.6354233754900633,-3.620748693103451
305,1.6058163185589365,1.5822430461266777,1.599005404212221
306,1.3993355440652522,1.9855602191182697,1.631900461490659
307,2.2116177097523178,2.2515432576528838,1.8415559264722106
308,0.7264380159358552,0.31481190248996427,0.7781000604772998
309,-1.889837600359897,-2.1607030688519444,-1.9463865297202574
310,0.3491620147215144,0.5406136095989496,0.35417035964383103
311,0.9595673959993292,1.575122397618543,0.9202563209182699
312,-6.063628175506892,-6.111812983235723,-6.103638537242659
313,-1.1703093877949868,-1.063793769617405,-1.1040476930338627
314,10.918251503044303,11.371307272882405,11.479311174702161
315,-0.6662321920684917,-0.6719226197983517,-0.7047961668904463
316,2.084118043861963,1.9026093863776623,1.9018108148175088
317,0.8959926607767557,0.49185093437154137,0.8089334829601285
318,2.4526435909428983,2.4556324428212974,2.4579527104961016
319,2.3603925754632655,1.3368985948418413,1.892015560377331
320,-1.697768849457134,-1.9167768366623932,-1.3310450667377154
321,-1.8449126017021626,-1.361804936590488,-1.5083223653382447
322,-5.671311497146235,-5.1289629441289435,-4.856086677036728
323,2.897544910892975,3.0491929817635537,2.219834952531528
324,-0.05786869594703603,0.4252509604229999,0.2111560803186876
325,-1.3898542890547105,-1.5451973200651992,-1.5495143260886834
326,-1.333758787413899,-1.794527175165058,-1.6225180801920942
327,12.026273657127604,11.696039763191948,11.547026605629071
328,5.88808652491025,6.48081807376002,5.845324739890202
329,-5.02843835459862,-4.972990389973347,-4.764149292344882
330,-1.4044744845596142,-0.2659220863970404,-0.27890113135799766
331,-1.8086562025127932,-1.2640965057762514,-2.1641252468762104
332,-1.3802227800006222,-2.0436731017289276,-1.8887067976793332
333,0.02877408031054074,-0.22239025132876122,-0.0700206561214145
334,-1.1516095013721497,-1.3799245457012148,-0.7004763525437738
335,-4.012186247868158,-4.9343123435355665,-4.5298997661247995
336,-7.635730336241977,-7.0754217521316605,-7.2411612565592804
337,2.0089389954155195,2.701305021510052,2.0540432904454065
338,-1.5136082063072536,-2.2055191908275447,-1.6641590102481132
339,5.982824537248234,5.168550831833272,5.442478800203389
340,1.504586377990563,0.6273947639074322,1.4439927139719657
341,-0.34701136810508615,-1.1430493764310086,-0.8450109650075319
342,1.6761072008557676,1.9491218322473287,1.794795576022807
343,2.393691030321861,2.61525714860727,2.6686346115911874
344,0.5471483628443821,0.6248605425371352,0.3856604482898547
345,0.057577153402235126,1.0702819430516683,0.525661030837
346,0.4892720018160617,0.0891384766819101,0.14012962012566277
347,-2.5641409056079283,-2.2085159501566523,-1.8232184847838653
348,1.0091545583582047,1.272165419142766,1.4728576095039898
349,0.5762028393382934,0.9809167899074964,0.3153303111103014
350,-1.0124239738979668,-0.7158196440232132,-0.5274169001149858
351,1.2436913199799164,0.8946945215229789,1.089688492100322
352,-2.257141335054257,-2.4399264457751997,-2.532715579283831
353,-0.05794246315053897,-0.11206616397976177,-0.14089468145903083
354,3.4417468285064388,2.9543441362948215,3.2355658810374734
355,0.7792545526153845,0.625558554806048,0.772173707246111
356,2.2189891095258645,2.4760494029615074,2.4179571292006585
357,0.6330935463247442,0.7794666615900496,0.6997656070871017
358,-0.28772010786451574,-0.4230636551237694,-0.2798474849496415
359,1.495241386210182,1.8468047747810488,1.3984549354609044
360,3.2415869117248803,3.3289717598199786,3.2786914616954164
361,-0.4296947800921771,-0.1772656773973722,-0.24378776654157264
362,-3.9906459517242183,-3.04056162786037,-2.685595322176596
363,-0.5467232709379459,-2.0247651181853143,-1.9577003281028738
364,-1.6046308494787809,-2.0180746439891664,-2.0204842099701636
365,0.7453274052186316,0.7544825495479017,0.6971799355142139
366,0.8020395147923409,0.5100626600578835,0.38324188257684
367,-1.9202390435348207,-2.197339662709055,-2.0921968716938864
368,0.37287212352384813,0.3998755995889951,0.5583473065216822
369,-2.3542933642002026,-3.1812090941948554,-3.0397815199594334
370,1.378795496058956,1.3360055427419866,1.4336920018486126
371,-0.20095597696308687,-0.4228753359766415,-0.17473047868224967
372,2.552009299140991,2.8453948285023216,3.035962759715403
373,0.17181146597431507,0.2885330334847822,0.10452415388499503
374,4.171673002307216,4.27384199593871,4.276110741449884
375,15.532699716182833,15.218924500113644,15.387831811911383
376,3.279288783131051,3.2157861839186808,3.103844775712787
377,0.6154190638444561,1.1274202785589296,0.7829654363322334
378,0.6150405561511434,0.6282019550890254,0.646335470597478
379,-1.8462576577057916,-1.8640950450444507,-1.497413838196735
380,3.577521353839984,4.027287028147839,3.739338755627614
381,0.6693627359109087,0.4104779965837224,0.7800973821431398
382,2.561747843757985,2.5886072655430326,2.708652409412025
383,-4.962374275803086,-4.9673982320018695,-4.9148476190712245
384,-0.16770082212678972,-0.21653458141736337,-0.3058571670881065
385,1.6757440033688908,2.076799015785582,1.7658849292929517
386,-1.1727258841110597,-1.4922632179768698,-0.9844358111258771
387,3.4026919649913907,3.090190571589119,3.390523353802564
388,5.608633094236211,5.594179444771726,5.603011924255043
389,-0.055377118189426255,0.2788891648178833,-0.10098120075053885
390,-1.6072718640498351,-1.6315318547640345,-1.650804720888118
391,0.9425071385740011,1.073675724263012,0.876276555010918
392,0.08311976177174074,0.579305921903142,0.4041764959019929
393,1.771577720715868,1.8643728144543275,1.480584428218208
394,-0.32974280360213015,-0.31900301196583314,-0.4008417730801739
395,-8.417674278023696,-8.372896964996471,-8.421314300299855
396,-5.948758299902693,-5.657084810663946,-6.0153606413223315
397,0.0,0.08627941594204458,0.135574837519016
398,-0.9204893189817085,-0.9063053574463993,-0.644144242773109
399,3.0093647321264143,2.931731604701781,2.8784794422517734
400,4.386337229003402,4.467265434845103,4.487414112849365
401,2.3794383580698195,2.717829123013871,2.42090162283057
402,0.8839291222448082,0.3632439864322805,0.5707475268663984
403,4.3254926725076075,4.157212344538493,4.320384502118031
404,-1.2103541763135581,-1.2560007611846231,-1.270733183300763
405,0.24769165268116922,0.19169533280546602,0.20074946534259652
406,2.967524296747797,3.1470639225462946,3.073122637691995
407,-4.675090328995793,-4.638997104928421,-4.8142916695760505
408,-2.9538041324940423,-2.7338761154078384,-2.8190776128612924
409,4.74392041725514,4.8858120895019965,4.827849924480688
410,0.7976346431278216,0.9785569194755226,0.7689607707452524
411,6.440231087000939,6.612014679601998,6.429390703642639
412,16.79482550992543,16.715231451227737,16.7932823692081
413,2.0126400546632794,1.8884963017717382,1.957266976167375
414,10.45398607917923,10.57992689413004,10.310038155314032
415,-2.7894761921088502,-2.9379457581435418,-3.0365703653333185
416,-1.490908398953252,-1.4825189059647528,-1.165388108975094
417,-3.20230839665237,-3.178340446214861,-3.4393285038713657
418,3.255593418245553,2.910429020248557,3.0829666308200103
419,0.42617798903120274,0.6181488699276088,0.6478362496582122
420,-4.082781959228669,-3.776665549088648,-3.8933278690547013
421,0.16042351843134384,0.062027685044085956,0.0
422,-6.6523850479243265,-6.596439451832339,-6.4245985489269515
423,-0.43070960071599984,-0.9994795209968288,-0.45814517458347837
424,4.968787500694816,5.4019370520672965,4.8978090464479465
425,1.36544378050894,1.0975926548435382,1.26951075789475
426,-3.1084220323191403,-2.715111982253802,-2.9320757282293926
427,3.6701221259918384,3.418594248338195,3.6149914797188103
428,0.8018817921401933,0.8063266059452872,0.90982946974691
429,1.5484838634492917,1.1979512338130007,1.3307585663733335
430,2.105291987341843,1.7118171092588454,1.9766374446644477
431,0.9047125494016655,1.0298025748907094,1.0677021155042894
432,-2.63659153763183,-2.555859252650407,-2.525499156805381
433,-7.521750735100795,-7.831802177923237,-7.745669603526039
434,-2.0171871123711753,-2.1655847210677166,-2.1258859047284204
435,3.279220226992038,3.3920558604531834,3.3992515163427015
436,1.180036074390955,0.49847343545843614,0.9784098360596545
437,3.932326340507643,4.061592503539941,3.904094492614604
438,-1.12194482184168,-1.1794772352241125,-1.072107443378627
439,18.03807399825928,18.035882587073502,18.103248461664407
440,-2.918021497715017,-2.912099480856341,-2.9731954957442213
441,-1.8445814078841067,-1.9597442274280183,-2.115385404222252
442,-1.5309492233973288,-1.8816989925962844,-1.7983883584238356
443,0.26412403418180475,0.409366306683296,0.06428387762753118
444,-0.07928013640230347,0.26617254280245106,0.28941233420118806
445,0.23782155568005692,0.22516759728750912,0.35361247656328487
446,-0.5021340803468775,-0.47086281360861904,-0.5143867658844101
447,-2.5144594590783527,-2.542391626353492,-2.4469570147593913
448,-1.511716085322405,-1.4586396151753434,-1.548537264634433
449,-3.383286610547657,-3.200002730673077,-3.3708261263000168
450,4.12767053432799,4.127121004652508,4.114765481037466
451,-2.2614512185318745,-2.639394471882042,-2.525172114577799
452,2.8724951928579685,2.9894155796682753,3.010051954694063
453,-4.0984754642158805,-4.001655504966038,-3.885637761286489
454,-1.1740848824410932,-0.9925764374947903,-1.3310609870422923
455,0.907368427124311,0.8892290143703576,0.9416655185796117
456,0.7732818197455344,0.7645181325551675,0.8110695206742093
457,-0.6132434101873514,-1.157335777186745,-0.616352832839766
458,-0.2400672199746623,0.20676536340397433,-0.1947166878344433
459,1.5194532892564894,1.982775294858584,1.6862863547721645
460,-2.800786050453098,-2.9549444461063104,-2.7903976574289118
461,-2.8890157322239247,-3.4204367969523446,-3.058902482771373
462,-3.2198369603029278,-3.4738508313585044,-3.26445626630084
463,-1.7753393946368305,-0.7504377905752335,-0.7850577747758507
464,2.957150388732771,2.9567954909871332,2.9734211323830095
465,8.127300450238181,9.992325188877658,9.417182762699667
466,1.5431280665488885,0.8641975846494461,1.0982977490621124
467,-1.0373582874908607,-1.7085400259475136,-1.7449191747600707
468,-0.2927829035688774,-0.5770340610197309,-0.48524060798445134
469,-4.749715408177508,-4.835419501472643,-4.735348755173618
470,-1.016912954259169,-1.0155125583878544,-0.8131007229221723
471,-1.017948118973436,-0.6844982169532159,-0.8463266674898478
472,-2.0658669900094537,-1.9107756914418133,-1.7926700910775253
473,-0.026857534212467726,-0.12474271830433281,0.032622702141452464
474,-1.2900106602282904,-1.5605983378954988,-1.4364066193938925
475,4.373908466415742,4.570866656313228,4.530720441203812
476,2.139724791984918,2.505099495421746,2.565894517219931
477,-0.21376656772008573,0.020677177566540195,-0.1622033709409152
478,-0.18708323922510317,-0.7446478780329926,-0.6490767111972673
479,-0.9626956218853593,-1.0144403333597438,-1.0718984996565268
480,-6.899634066834551,-6.775459776272328,-6.782782150885396
481,-2.7786413334943063,-2.8401990523525456,-2.8179185723020055
482,3.4519060192633333,3.52815054763596,3.5048104138495546
483,-2.5338306726062,-2.566591912540389,-2.4225769721542747
484,-3.298191689473242,-3.91471867056498,-3.3488769888790557
485,3.837842548473418,3.872930993742557,3.7421262156403827
486,2.0695316001856554,2.1032253726261843,1.925996645444684
487,4.5539859040818556,4.752377346323556,4.685220869218028
488,-1.310493494675029,-1.450296529019397,-1.2992498660732963
489,-0.32119914623035584,-0.22809509590479138,-0.22754238074958266
490,0.9632880976059823,0.8499083232545672,0.8124137257291295
491,-0.9097477415507456,-0.9328648955379322,-1.0725255752913654
492,3.9540527070766984,3.5609329168601107,3.765015807473901
493,-1.17389693860423,-0.9511010744881787,-0.9399258474732051
494,-2.4589738161375863,-2.589092054124194,-2.662512125503781
495,1.524207105887399,1.6784959647120559,1.7541584539631003
496,3.574099611783822,3.5755290291017445,3.5314546428799076
497,-2.5058661012026278,-3.016655868410453,-2.590675024093798
498,-0.4538598185044975,-0.20695364312086895,-0.42161934884279617
499,5.565555941366256,5.799151541223182,5.725299072979396
500,-1.461619468542267,-2.080523146989435,-1.8401645198464394
501,1.196029325685231,1.0305029766022926,1.1626030697552778
502,2.7322058987556375,2.3455835617205594,2.6109254601924476
503,-5.7382868259555835,-5.543605578603092,-5.681833467429897
504,1.810051601514715,1.383625939655758,1.5204700210160809
505,-0.2127772761905362,-0.1031895903252007,0.032325322044926
506,3.050521617025879,2.6763855969275028,3.191337750375169
507,4.993339393178758,5.331377457432609,5.104263020133658
508,1.8693808843036095,1.7163878345309058,1.8554661582275003
509,-0.2904252109492518,-0.34836422856824356,-0.32084189186934964
510,-0.158449309756179,-0.1639781092890189,-0.16045955651316035
511,-0.44907609952861094,0.34842134740574693,-0.35310168090109073
512,0.34342927675788815,0.4507180834752944,0.44938050444943656
513,1.6890112745368242,2.761330874331179,2.2118583812007273
514,1.8230595980767248,1.9377112818729074,1.8981340719583386
515,1.2481798999324383,1.0278839597758633,1.3265533672056335
516,2.0768439448384015,1.6102414815413795,1.9550348358043266
517,-2.59672958171177,-2.638125441317243,-2.6180915514451044
518,-1.405042772710658,-1.5337116803766548,-1.5488442082896654
519,0.2603420909745182,0.24232144057532423,0.4111517049550457
520,-0.5467966963897197,-0.48470161506338627,-0.18974131990216847
521,-2.3207009020370606,-1.7994889456094825,-1.9627713025347475
522,-4.527528592889212,-5.118797121314856,-4.810951815168664
523,-4.261628464690148,-3.992745776231459,-4.169304839359029
524,-0.31254069794886163,-0.30313134913194517,-0.3165658958332642
525,2.6794672708329017,3.268965923336509,3.129596181375746
526,0.649274782901557,0.463247372306796,0.31557687714666827
527,-1.4549614144016232,-1.9349773235462635,-1.9581839369438967
528,3.5039032954828144,3.222885255174333,3.5975802497632685
529,-2.10086835320908,-2.537152502718527,-2.112798982183449
530,-2.2093712281766784,-2.220249579911979,-2.2438185917308147
531,-2.605525184288126,-2.5087515939922014,-2.851532253474943
532,-1.27918984693315,-0.8308930551302183,-0.7617838806763757
533,-1.2023630493422388,-1.19688823384422,-1.2073458923550788
534,-0.20925427085967385,-0.42635698906997277,-0.3497670904835104
535,-1.754225645241604,-1.0768528495264036,-1.4639893133844453
536,-0.10482729712566652,0.42681626208104717,-0.06370035355757864
537,1.728246783828581,1.0357959798857337,1.2096133895702224
538,0.15696533714253746,-0.26392455971108575,-0.25453388619826
539,3.3688090879513766,3.122024957669055,3.4941746424265148
540,-3.054952308682914,-3.284474700136343,-3.2714539491607866
541,-1.33457215375347,-1.4835742628256412,-1.1459495126418915
542,-4.593003100802889,-4.750021672542061,-4.820978958850901
543,7.234252560558161,7.471609183956389,7.429288854173137
544,0.7570912395458436,0.7704473030207737,0.7621225480816065
545,-2.2991518945709686,-2.3334392277447478,-2.1926697378294193
546,1.019594603432779,0.9340291852477094,1.271698524535168
547,0.39187512747594155,0.7303713045293989,0.5399825430977216
548,-1.5684227499605186,-1.5425211095862323,-1.8753084656109422
549,-3.013036929356531,-3.0107024653843837,-3.0907985795201967
550,-1.654477313204552,-1.4475470686720655,-1.6928314245888032
551,0.5517966375318792,0.06120637772437476,0.2876640104223043
552,2.571032714626199,2.607988438272514,2.6490081715764973
553,2.7734914034444955,2.966456855659999,2.6102195307066722
554,6.147453587553173,6.2292896199742245,6.243186863308438
555,0.4413692904599884,-0.020162306569545763,0.726365520102263
556,-4.578929352186606,-4.5063781790613575,-4.492967532876719
557,1.0685571587109735,1.0323992050507513,1.1409737546109682
558,-3.104579788443516,-3.404879558680477,-2.981951897163526
559,-0.3136025113890355,-0.3451881817472895,-0.4448822724243655
560,-2.5123668706892204,-2.5214540179858886,-2.5141233705780905
561,-0.5504226598568494,0.10179463958047563,-0.06373080111916352
562,2.278352715926303,2.29779980110834,2.2281649147207645
563,-0.9945041384962678,-0.9957427742356231,-1.0498020655886648
564,1.4913855640461406,1.6454889899869158,1.7490583397102455
565,-0.4707236154808925,0.081188601165195,-0.12710114090259594
566,4.3587838334424305,3.8286669747340056,4.05924510067598
567,-4.5061642925229535,-5.186891873001514,-4.42485640868108
568,4.039561666580994,4.600048819898802,3.8228781823509053
569,0.4710932066482201,0.5278544868378958,0.5403945011257747
570,-1.7284278232564247,-2.214795325699015,-1.749392134948721
571,2.983592466889604,2.8235121694287955,3.3053678708129155
572,0.8603048095028498,0.686882590291134,0.347600768222037
573,0.13028467219373852,0.20193453351021162,0.1895495045791904
574,1.301913997198426,1.2309184002515394,1.4520204571363138
575,4.336148666407098,4.446911095927135,4.437667596941537
576,2.6908862520176626,3.2672234638284863,3.323199597212806
577,-5.3630545022442675,-5.337305498973365,-6.027518719640284
578,3.8632610891290824,3.6749612112580508,3.645968333536075
579,1.706485055756275,1.7023667002704315,1.661416347435079
580,4.87070428309562,5.010140523960217,4.780736213437194
581,0.7195723994700529,0.9552619736150518,1.0592891291798878
582,1.0783886838580656,1.073580094764111,1.18258501940727
583,-1.9779351161323575,-2.247884852291463,-2.0860259444198164
584,6.637561048701173,6.4713581407377205,6.368953567704011
585,3.900429402832742,3.69328420603415,3.771139828295418
586,1.8048481582518434,1.8120228703410248,1.9418379581838963
587,-4.709604825358838,-4.990985178663323,-4.289401895397532
588,4.86197803844334,4.656402075925143,4.720409844929236
589,5.0658669634412945,5.124541220555329,5.157657336440025
590,1.6156723700405564,1.389500688359476,1.28526855320888
591,2.821160561297802,3.845295233237266,3.327891693912534
592,-1.5607303356919147,-1.6573242886861408,-1.9831893122591282
593,0.32745179824269144,0.46822873828932643,0.3664234063417098
594,-2.6731241014622356,-2.441097557388275,-2.2311545542470412
595,-4.048486084271644,-4.409048616922519,-4.354365838700687
596,4.098988584157269,4.115716063704895,4.415559731569374
597,-0.10100755040184595,-0.176040841930444,0.0
598,2.320596324538201,1.9347468879277585,2.0783673964724585
599,-0.2771793241972773,-0.7031112963250052,-0.3664569759439473
600,4.952434170339984,4.522513020272527,4.844690229618209
601,4.05426252315192,3.184654224665792,3.5803181640367256
602,-6.137831953108616,-5.930811819172959,-6.136852410958454
603,-4.079274410052676,-4.789702518668491,-4.244864446061911
604,-0.35331230651354417,-0.5096440442757739,-0.5203948996295367
605,-2.8563142657931166,-3.496095009291821,-3.312378431121033
606,-0.7090223385821446,-0.7282533068646444,-0.7375764801618061
607,7.369490486013092,7.864559005693081,7.351397704534975
608,0.9550619002820895,0.761592350587307,0.6406834175377298
609,1.2301822974150127,0.5074061895320483,1.0668943719774688
610,-2.990214935200129,-3.067876681978305,-2.9290638790334924
611,-0.528614413276955,-0.9006540139707795,-0.8865113305073464
612,0.629271198886272,0.01958806303446181,0.4892068831122742
613,-2.292452289377252,-1.8233332829822757,-2.1420492293364077
614,4.027188931368073,4.0343167012579215,4.035468637572194
615,-2.4647279900291323,-2.6616059707412205,-2.50496541555367
616,-5.4540080656333885,-5.955498905521381,-6.043797446247481
617,-4.16096403865231,-4.445461597000758,-4.286491799621217
618,1.7527597745538515,1.602643715305021,1.8216909707807645
619,0.0,-0.3559211474494077,0.03084753605617152
620,1.2681988206095411,1.482169772243651,1.4487618704661145
621,3.845477453660351,3.646653558676917,3.7815364879461413
622,-0.7830755057566421,-0.531386241727887,-0.6139112477176241
623,4.38740964511635,4.282409404764621,4.472909635655014
624,0.0,0.03920338717762206,-0.24457352613535477
625,-2.292163570809862,-2.5317711379429966,-2.387731871864162
626,-2.4490941760650458,-2.183643222480896,-2.5777955721841863
627,-0.2528253243308427,-0.6106990723965282,-0.46102070799497596
628,-2.810662102256174,-2.8416958776251704,-2.955576179410855
629,0.32958535925354226,-0.9688103174867138,-0.6785516267991625
630,0.7095074289118202,1.4627399326800514,1.2025717981541675
631,1.3416195104273356,1.77612929546558,1.5704149429984682
632,-1.1389955291870137,-1.0850374416022532,-1.3547217195500707
633,0.6835529829822917,1.2230486995958927,1.1700949727655825
634,-0.2784281483527593,0.27596538780744595,0.030773491716900025
635,-2.1287387663633126,-2.1308507786416158,-2.1255957358553133
636,-1.5233068854049634,-2.076022692133847,-2.0374150407715206
637,1.9798468278968357,2.5894204089163395,2.530709331645994
638,1.5709330009995028,1.2823423243389698,1.5092017956594646
639,-5.101857630173981,-5.277995944123177,-5.307671535812915
640,2.1606790393580013,2.4151253944455675,2.194372780217236
641,0.35542918447754346,0.5139457307377597,0.5555555698447279
642,0.8101881598704495,0.9267384401955496,0.8923763958591735
643,-0.48097004990086134,-0.4534029943115456,-0.5230206097039627
644,1.3916478088231088,1.3989736575204006,1.5067885198368458
645,2.9287773100240884,3.0669443090500863,3.068051740847295
646,-1.4633164383267285,-1.4143440391744662,-1.5328492531989468
647,1.4381049771964172,1.218026947179169,1.042593084535838
648,-3.6371024131676677,-3.4615040955086442,-3.592321829366483
649,3.031836582120377,3.0883954085475125,3.1324882810058625
650,1.8398805487649952,2.177773842591705,1.8380668716872606
651,3.217942792442045,2.974503670584454,3.0254435179085704
652,-0.5021214737316768,-0.3713294614426559,-0.36623329470057797
653,-3.320340114985811,-3.760139168427486,-3.5471873778715235
654,-2.2989387011948565,-1.5732549950989778,-2.2421189729720936
655,0.3793099133854412,0.17711480037178262,0.3689129407302971
656,-0.5057785303670244,-0.5708155928587075,-0.6149305322287546
657,-0.4807266655516287,-0.7681626518897247,-0.5845344657191163
658,0.20243939539614075,0.11821728350514604,0.2769273391131719
659,3.7377556396295404,3.245510770824694,3.439806831525857
660,-3.510060295015137,-3.4228419372411736,-3.3782778359673102
661,-3.9286805825231568,-3.6719022600809694,-4.192619742831084
662,-1.21976026507582,-1.3853981276570266,-1.236476200812831
663,2.5648527843568445,3.045346339024036,2.8724557609784824
664,-1.3196966613450059,-1.2842425229155197,-1.296216464435929
665,-9.927983031673648,-10.054130154841914,-9.931492823012377
666,-9.431844176429877,-9.531047820999447,-9.401216181518976
667,1.9916976100685133,1.953735376793702,1.9187524563130864
668,-3.4427006111891387,-3.426593693833638,-3.4311830310289224
669,-0.2593293756908679,-0.12115338032708678,-0.15767647972643317
670,-1.6613024275666248,-1.2123417863640498,-1.48337542389163
671,1.972489609164768,1.7977805288464879,2.1139322264225484
672,-0.38899911020598665,-0.1210971402379073,-0.3152287010325381
673,7.854322770224826,8.141321238379533,7.882340181768086
674,-3.015582784488288,-2.8067942803809274,-3.038801855987913
675,-0.5680497970934084,-0.8636706537345162,-0.8160959679535154
676,1.9352098000672413,1.9873339138084702,2.070329168871467
677,0.8245510529250168,0.9020296276867157,0.9396436310125864
678,-4.207163535249492,-4.216450378935406,-4.235366885948679
679,-3.78346612146197,-3.789868665524409,-3.6221082451756956
680,2.825995839872121,2.8437471894540067,2.678474556632864
681,-2.410670322531587,-2.2178322732524975,-2.5207184787504957
682,-3.379523324652837,-3.3157467550954607,-3.3497692806995474
683,11.186610001535882,11.016676548182659,11.237311154965937
684,3.7781963597226422,3.6387668355982896,4.029681360781979
685,-1.4633209722414904,-1.2780575267915992,-1.5599653731296712
686,-0.48824989085005654,-0.5196778114604967,-0.4997033115632803
687,2.1567779947581585,2.13694498303812,2.122016711398828
688,-3.7001866612663434,-3.797725931633977,-3.7477791454602993
689,6.133807679712845,6.149074057870166,6.145227168542988
690,-1.305733892648277,-1.1749829585260159,-1.338125890124502
691,-1.1278871257982246,-1.0766195190299186,-1.1216701596640632
692,-2.7995754714120267,-2.796645849934066,-2.809692158085454
693,-1.0293361691146856,-0.7604410924559488,-0.7505864308604941
694,3.8289116405267123,3.7764923546055797,3.778479677699579
695,-0.46177527757208736,-0.17950993835256668,-0.405268495922428
696,5.807945300590291,5.510203814639681,5.782878943722608
697,0.8925042986393237,0.8724792843913747,0.9915409977911622
698,-3.5748065544303245,-3.4746041648104438,-3.5990234622568096
699,7.797012440254548,7.332137558329123,7.524536578259358
700,-0.8613701383837906,-1.084759240535277,-0.985676962600337
701,-1.8773154836180765,-1.8764510962446366,-1.881642210402788
702,-0.7366669963394088,-0.5141693312380085,-0.6485985865547264
703,1.7011340761782776,1.5022140712389955,1.6361310702177434
704,-1.1146578648131253,-0.9655268289679952,-0.8621751981281705
705,-1.5219930897055747,-1.6178679245167586,-1.6648685824893619
706,-1.5243130841336097,-1.2447765455435729,-1.4822137100982218
707,4.5647126150415716,4.630413285927716,4.745332911696096
708,-2.2797517346243694,-2.953106843533533,-2.6472142771617655
709,-2.3357971368459403,-1.934083886895678,-2.0672320346839115
710,0.6860715053953754,0.17777602243586443,0.46318455644541245
711,3.802960747949328,3.863748695650429,3.913055169447034
712,-1.6715212198778318,-1.693480506333799,-1.6311460106553568
713,-2.6650100164970354,-2.3677990541564213,-2.59067502409016
714,-5.8625779658068495,-5.685829508649476,-5.853675251461027
715,-1.483831627145264,-1.3121274248351256,-1.523229540522152
716,-3.8220364858370885,-3.806946786078697,-3.8026414927153382
717,3.463540118174933,3.5084957447561465,3.584847742535203
718,3.6812680578987056,3.773814239042622,3.8510560343438556
719,2.0393083618037053,2.1585662832658272,1.88904256971
720,-1.6566211274057423,-1.3262732680959743,-1.2073370400867134
721,1.2236159373114788,0.7128430859065702,0.9597969682727125
722,2.518989156873431,2.96472200552671,2.565253064094577
723,-1.347760506114355,-1.6393931992697617,-1.4827173506873805
724,-0.967438146690256,-1.1471974041887734,-0.9897010055374267
725,-1.5039321731965174,-1.1485149777345214,-1.5173804877795192
726,-1.5572947071887029,-1.5863262036491506,-1.5196864307617943
727,0.1532841124026163,-0.0396904147692112,0.031037104861752596
728,2.2964466217381414,1.8637486559109675,2.108266422370434
729,-6.186904561802294,-6.398813614028768,-6.369349335775041
730,-0.20518081631416862,0.019935607986553805,-0.12468439279291488
731,-2.4140333765426476,-1.9555810115471104,-2.24698156519662
732,-1.4924223751495447,-1.479201501049829,-1.6572602720552823
733,-0.025750962442543823,-0.08001920464994328,-0.06259193191908707
734,-1.7784197375149233,-1.6618450300229597,-1.8168723476792366
735,-1.7040617585680593,-1.564255091947416,-1.663136807612318
736,2.1167307007708587,2.125186252356798,2.1333341424196988
737,-5.585451012373596,-5.52282323986401,-5.499440348690769
738,-2.856477051987895,-2.581062894420029,-2.8085030846286827
739,2.0263431452331133,2.1580638247542083,1.9888567476409662
740,4.117949954985306,4.121644437513169,4.122938472886744
741,-1.6037251238558383,-1.6466197820755042,-1.3514577369296603
742,-5.321025363984518,-5.178383306334581,-5.234458393308159
743,-1.8234395111976482,-1.4151136473847146,-1.6453617178613058
744,-2.114138101966091,-2.3494633374466503,-2.1557198305126803
745,4.067696151336349,3.9665727032097493,4.085581068224201
746,-1.797132885458268,-2.0622732743686356,-1.8981941224246839
747,4.863025954215118,4.805371870117597,4.896318596913261
748,-0.5449379294859682,-0.6246033468214591,-0.6935031643188267
749,2.2297709464019135,2.4759712714385387,2.330783127050381
750,-1.9442902338760177,-1.8110843280919653,-1.857887896056127
751,-3.144779273596214,-3.83420577083416,-3.2833494374117436
752,-0.7551788700493489,-0.6472099410839292,-0.6959382793847908
753,1.2496421922478476,1.5162392093061499,1.3597914973743173
754,4.983011011554481,5.138084425549096,5.106394074575292
755,4.365634718646106,4.471768182429514,4.32941852719523
756,-1.1347811606137839,-0.8406894147938146,-1.127607712038298
757,-1.704589890776333,-1.2022122150065115,-1.2857704632988316
758,0.20677177639117872,0.32073127003786794,0.06275888040363498
759,-4.636773451367844,-4.942647341020347,-4.686353699340543
760,-2.0532553899083723,-1.5924693690612912,-1.7985900120183942
761,-4.8248166933699395,-5.1576219425442105,-4.970802870850093
762,-4.900750161048563,-4.369348400123272,-4.517265515101826
763,-4.344227044592117,-4.654494470183636,-4.4737084903626965
764,0.7648990838060854,0.7568087578310951,0.7363416958032758
765,-3.5921855848628184,-3.194760038590175,-3.7835109902443946
766,-5.705278912841095,-6.213883906577394,-5.734551797524546
767,4.328378838292338,4.509938759594661,4.287908560647338
768,2.831176564013731,2.9953655812641955,3.0195005434943596
769,-0.36997886257086066,-0.22536596454665414,-0.25662411124358186
770,4.167551927755994,3.8855649204597285,4.0022465974179795
771,-1.5278439303128835,-1.3684502906580747,-1.534968802547155
772,-1.0286574291203578,-0.6951543931536435,-0.9605533525464125
773,0.8968373896459525,1.022118736520497,0.9605533525464125
774,1.7386269230410107,1.9187595190742286,1.7905680243620736
775,-2.6882445095689036,-2.2661626839380915,-2.4628584791498724
776,1.687586098225438,1.511345589235134,1.4720473713241518
777,-5.018367152128121,-5.484399618466341,-5.033110469472376
778,8.306243123179229,8.337468600871944,8.225757329239059
779,6.230386646184343,6.005536634454984,5.816279685783229
780,0.5739629690579022,0.32359841719335236,0.6336132003507373
781,-1.0438141914837615,-1.315270477656668,-1.2359178261885972
782,1.7738363852913608,1.9621533335593995,1.8374787365391967
783,1.9007699933245021,1.857460659222852,1.9604749362188159
784,-1.9007699933245021,-1.7766297170946928,-1.9604749362188159
785,-1.6433000111446745,-1.2738468860316061,-1.1717947216584434
786,1.9299486990839796,1.7788923003499804,1.9627713025347475
787,-3.1838018490907416,-3.216445064137588,-3.26285234433999
788,6.565259096354566,7.227536357799181,6.924819374993604
789,-4.580716978554847,-4.25348125990422,-3.915011472934566
790,-1.4880372405477829,-1.597202203620327,-1.1078229249542346
791,-2.3540500513063307,-2.329610388227593,-2.600286862329085
792,1.4392445143603254,1.5199265255232604,1.4278237635880942
793,0.31374189757298154,1.0322320402428886,0.41210315841999545
794,1.4106216910313378,1.4150564340725396,1.3935518819489516
795,-1.802814445720287,-1.8602023278690467,-1.7105392368066532
796,2.6638824841538735,2.9706293506424117,2.4698407159594353
797,2.240517819302113,2.398348506903858,1.9904276511206263
798,1.2483422078330477,1.9507100131595507,1.7344417082040309
799,-5.21173818119496,-5.398884991353043,-5.370751860391465
800,-3.900477451961706,-4.433519757953036,-4.412915712549875
801,-3.2576741714456148,-4.26986131216654,-3.7934982293954818
802,4.044229362621991,4.107533531439913,3.952574315822858
803,0.39304571627508267,0.5883128776895319,0.3498783413306228
804,1.073537408525226,0.7298382515909907,1.1442012499628618
805,4.1263018510999245,4.34770105395728,4.247502265145158
806,3.5864688373003446,3.6826524489497388,3.501194296839458
807,-0.4411173313874315,-0.2812543964555516,-0.18894067319160968
808,0.4151746387942694,0.24108003974106396,0.2519129654028802
809,1.6071756058172468,1.2045291747872398,1.6358892502157687
810,3.13021688502522,2.94598247072463,2.794481935341537
811,-4.400618009982281,-4.2714968036179926,-4.052976941613451
812,-1.1421452804261207,-1.3473974145344982,-1.575349265587647
813,-1.7937224540273746,-1.7120015460550349,-1.7357554103145958
814,1.8456664584027749,1.591250474244589,1.8934020614360634
815,-1.9237274240567785,-1.9945006762936828,-2.1777218283132243
816,0.9103323341460055,1.0884025744926475,1.1367943626664783
817,-1.977776687575897,-2.097240075816444,-1.8321387441701518
818,3.6661984147431212,3.94883156421929,3.9758974466367363
819,-1.6104317878289294,-1.0863880680626608,-1.0713048886718752
820,-3.5938474577724264,-3.771268246429827,-3.980167619742133
821,-3.1879616223268386,-3.157002662535888,-3.0114298509779474
822,-0.523587634350406,-0.20271229114223388,-0.3175208002812724
823,-2.1233378447559517,-2.0090719369291037,-2.416458522209723
824,2.2804429221905593,2.0496176826727606,1.9717599569739832
825,0.6543389447342634,0.7295424471431033,0.6987232705032511
826,1.176732220041231,1.1337869695253175,0.9837366917909094
827,-1.6216361150527518,-1.397171461752805,-1.428322281837609
828,1.6477699989391112,2.1657954604361294,1.9039767120120814
829,-5.949980202414736,-5.880819171015901,-5.914166681999632
830,-3.133354328394489,-2.831045609100329,-2.650446219560763
831,2.502207197570897,2.586954643320496,2.522874859158037
832,2.4959617807890027,2.113478270041014,2.611965554549897
833,-6.819494825975198,-6.762562945739774,-6.702865823384855
834,1.1618083267112524,1.3888323787869012,1.3121891434911959
835,2.6354643126869632,2.649764090896497,2.6192240354866954
836,-3.85011419401053,-3.977283764648746,-4.091554103333692
837,-2.8840958248165407,-2.844777457530654,-2.7263267628695758
838,-8.087946821380683,-7.901275674135832,-8.0619591765535
839,-4.658892436716997,-4.472057142591439,-4.575775885319672
840,3.2688523829074256,3.273189721874587,3.214966966148495
841,3.311526594137831,3.5098621765464486,3.4631789019131247
842,4.628406411156902,4.318772779564824,4.25587436281603
843,1.321772424646042,1.593723519874402,1.6019483113104798
844,-5.210084593032661,-5.164233745308593,-5.571947423013626
845,3.1293070189367427,3.266895635650144,3.4051694137542654
846,1.920871385385908,1.8355251350949402,1.7467253349404928
847,-3.337207587732337,-3.83988580571895,-3.755994572347845
848,8.945270233136398,8.670366220694632,8.752861785294954
849,-2.441355633556668,-1.8883033463389438,-2.124646691592716
850,0.664001830480629,0.6777363864966901,0.6765137252023123
851,-0.13276509890602028,1.2720820772010484,0.6760563637781161
852,0.8493922048073728,0.96324312939214,1.1257459254848072
853,-4.30748625288652,-3.282929677690845,-4.09090747531809
854,-3.7910182360174076,-3.788741276706787,-3.751257511517906
855,-1.9545113920939912,-1.5897762177228287,-1.8160007585065614
856,-1.9851921961253538,-1.633700072809006,-1.559201225414654
857,-3.012131476232753,-3.940115420446091,-3.6149914797188103
858,2.5286504031555523,2.6560991731221293,2.7694079767534276
859,-3.0944365241575724,-3.7371578842557938,-3.5200975039861078
860,-7.22161499424692,-7.202160457040009,-7.044705488797263
861,0.5156247994054866,0.5236424688973784,0.49310476187747554
862,4.601691795120132,4.61711237950658,4.983126726318005
863,3.262469696106564,3.931730343378149,3.5256132885951956
864,-10.798627242225848,-10.288392764907258,-10.153369028465022
865,-4.58190950511198,-3.109376848638931,-4.222617035327858
866,-2.682507835821525,-1.2843864610022138,-2.084885341952031
867,0.08222444537386764,-1.011825799345388,-0.729080396835343
868,0.0,0.42171850914746756,0.23203779005234537
869,6.36553298900435,7.560678670886773,7.100777891120742
870,1.5510840286769962,0.48110613501557964,1.4469878873060225
871,-13.909267861556145,-14.704598307411288,-14.198249468934591
872,-0.27575557200907497,-0.5731693235375133,-0.7669351315398671
873,-11.399848863560692,-11.425522845678643,-11.40645754041725
874,-3.717008876905311,-3.2485372514784103,-3.6844904528043116
875,-7.221871130746877,-7.071293535000223,-6.796043690561419
876,-4.069411595583006,-5.091062494151629,-4.373832361445238
877,-15.495779848753955,-14.78839066972796,-15.217422410330983
878,15.794635053160164,15.086328816849345,16.36496438793256
879,10.06911791528728,9.761419156202464,9.779204556511104
880,7.327458093745008,6.2920789015533956,6.822312596032134
881,-8.577093779334973,-8.948748916156546,-8.703275128304085
882,3.162715911397754,3.2555877027152746,3.289366239143419
883,7.395993532627472,6.861894545936593,7.245319753510557
884,-4.629893074537904,-4.192521330953241,-4.467865527703907
885,-2.8215005855254276,-3.0115679699083557,-2.676929823424871
886,0.8860339487619058,0.940753955335822,0.7368703441679827
887,-3.5210815867667407,-3.8112413382659724,-3.6561885592745966
888,-14.857783917435881,-14.695024025228122,-14.487120416146354
889,4.4721409987923835,4.647938518293813,4.660110139340759
890,7.799326697444485,8.007035408740194,7.775037477080332
891,1.9751032222302456,1.7182134811355354,1.7831013858594815
892,1.3885805386016727,1.6081482961872098,1.746373361627775
893,-1.2218490315190138,-1.179055820175563,-1.2758958182530478
894,-6.103782938018412,-6.024114603382259,-6.0659348902463535
895,-6.478868250354935,-6.36462218205088,-6.3410463229774905
896,5.248030006123372,5.34986493499855,4.988049228470118
897,3.9668180631069845,3.6224892449699837,4.087222160345846
898,2.024039619087489,2.033064741797716,2.0444079177668755
899,-0.4155642729929241,-0.14966379126235552,-0.30137124141947425
900,3.6786610238195863,3.5005371924871724,3.5437319781121914
901,-7.454345686941451,-7.099204429778183,-7.234515928832479
902,-5.10311895086852,-5.141952573443632,-4.919810435651016
903,-2.2110589900366904,-2.0296245685640315,-1.9950299954034563
904,-6.493438043278729,-6.766307179519572,-6.588131276155764
905,-7.956212248656811,-7.579517080792357,-8.004695018093116
906,-3.331485591003002,-3.096351636602776,-3.026969840122547
907,4.638266834323076,4.432942652549173,4.502731583717832
908,6.169889099701322,6.090591537931687,6.0859049986393075
909,-1.863933438064123,-2.2223683896736475,-1.9448289051360916
910,1.2147752041219064,1.6127981178269692,1.262863454354374
911,11.565041181169363,11.540296738865436,11.328299140350282
912,1.4502052350544545,1.6347253645817545,1.4491535099878092
913,-1.1711562322398095,-1.484046772495276,-1.0445272779452353
914,-0.1116102570995281,-0.08609927251563931,-0.10114121007245558
915,-1.3961802781795996,-1.594175136729973,-1.38328941236432
916,-6.138341746076549,-6.033429125851399,-6.061753436746585
917,4.040409537004962,3.8534858907460148,3.864804620767245
918,-6.996867322497565,-6.590238250499169,-6.8924812375043985
919,-2.4562753212576354,-2.547994017653764,-2.2170311108711758
920,-4.902317869949911,-4.195443615679324,-4.688979242329879
921,-4.184523392030314,-4.235109409893994,-4.435359434693964
922,-4.058887950523058,-4.032307952393239,-4.074450579902987
923,7.646693274125937,7.347313018890418,7.686115009724745
924,-2.3904393852972134,-2.325939652608213,-2.475163696193704
925,4.605028178308203,4.799535835338247,4.670177781883467
926,4.245089154088419,4.363103847766979,4.2732916335535265
927,-5.664132956850153,-5.5006359635153785,-5.507394152116831
928,-0.5681818334687705,-0.7663758463113481,-0.754924200289679
929,10.937410317274043,11.217839458471644,11.026825051269043
930,2.1058846177020314,1.8826895553538634,2.0688843886837276
931,1.0092515574942809,1.1451908642375201,1.015916104983262
932,-1.9072199644488137,-2.010355083102695,-1.8293927454433287
933,4.761246916419623,4.986034353170908,4.837218734350245
934,-0.3632959364786075,-0.538415993192757,-0.4387815444642911
935,-0.08385627040115651,-0.43094161408225773,-0.03376040242801537
936,0.670653353252419,1.2276943506549287,0.7424656950715871
937,4.125786405535109,3.9099474061877117,4.174528012244991
938,2.00100116791873,1.9064557489564322,2.047221026119587
939,6.061882793488621,6.186950377821631,5.983338091733458
940,-0.24839577854800154,-0.12761884522296896,-0.2666488916529488
941,5.093553226806762,4.965106000960077,5.087377345849745
942,-5.3696209203590115,-4.624825266071639,-5.254069016653375
943,-1.2985400158668199,-1.5321759892194677,-1.401308116670407
944,5.321581456330023,5.394741541918847,5.0621215767187095
945,-2.8364907141822187,-2.8424175427790033,-2.461253154933729
946,-4.505321403374182,-4.513526930039006,-4.505790043856905
947,4.89133662819404,4.895814287354369,4.705576938500599
948,-0.7721795149409445,-0.764720914146892,-0.7660666186402523
949,-2.347775526346595,-2.361577609439337,-2.1681490839746402
950,7.685670657279843,7.681246390218803,7.684029491951151
951,11.785061514710833,11.78845116505363,11.793133351469805
952,-3.531844575476498,-3.515677667932323,-3.87177699275162
953,1.468588787200133,1.4663680696939991,1.8065071999990323
954,-2.5850706241944863,-2.578050285052086,-2.7603448239133286
955,3.3728679565447237,3.373179116884785,3.5476172936396324
956,0.1900650299648987,0.1673150127298868,0.1967213121097302
957,-8.20559364555811,-8.189366054917627,-8.196632292003414
958,0.4105146542933653,0.42160294060158776,0.39656312482657086
959,5.702374154911013,5.674310666627207,5.699710677858093
960,-4.1985939155474625,-4.200098576457094,-4.213998005474423
961,-2.4345221625608247,-2.4441647228832153,-2.7751182367755973
962,3.3630019802112656,3.390726146510133,3.731409219943089
963,1.9633514160250343,1.9533922761638678,1.9756344917896058
964,2.0410669615939696,2.033351851936459,2.004568456854031
965,1.1683355266668514,1.172014114610647,1.1811412508723151
966,-0.3802384684167919,-0.3765690421078034,-0.3935587601245061
967,-0.6521739361596701,-0.669806409132434,-0.6562756593193626
968,2.6874804095295985,2.6974202686487843,2.3605794378527207
969,8.100052387326286,8.111019240235692,8.088495224861617
970,5.711466583179572,5.700610282337948,5.700789578329932
971,-1.9001999588817853,-1.8965949447028834,-1.8750813718361314
972,-0.723559946349269,-0.7224762671175995,-0.7445414130925201
973,-1.6366396205194178,-1.63265342388695,-1.296176461446521
974,4.367345678463607,4.375290754034722,4.044985694896241
975,-4.582185757706611,-4.582145935459266,-4.5963698452196695
976,-2.177859300012642,-2.1952996286800044,-2.1760673748703994
977,0.5112818485231401,0.5389159628830384,0.5200884267542278
978,1.666577451489502,1.656383665796966,2.0127916414585343
979,1.5833616189538589,1.571027278640031,1.2316469971719926
980,-2.658254904936257,-2.6473645244604995,-2.6596622989090974
981,4.292658108875912,4.298415380389997,4.3102816557911865
982,3.207444013494751,3.2117296816613816,3.1963866103578766
983,1.013549644005252,1.0066873648029286,1.030994356418887
984,1.8643802342776326,1.8668778309274785,1.86597229446852
985,-0.9583899783174274,-0.9842924142903939,-0.9968968394296098
986,-2.853982172708129,-2.8352493670900003,-2.8353274785986287
987,-6.807670149693877,-6.8127186019573855,-6.798782987236336
988,0.9945568993989582,1.014524347605402,1.0065426114015281
989,-5.144723203322428,-5.166147365542201,-5.1733509449331905
990,0.2160177142923203,0.20799101553711807,0.2283216736122995
991,2.480855549174521,2.49252372313822,2.4755712968581065
992,-1.2126930004669703,-1.2247144728989952,-1.2044468325657363
993,2.0203387571164058,2.0334488477510604,2.017441787997086
994,-1.2386570234903047,-1.2444777911277924,-1.2360136884526582
995,0.5387350631335721,0.539463869003157,0.5206130335900525
996,-8.654784374750307,-8.645617011688955,-8.624967708172335
997,-8.264622561846409,-8.277879905153895,-8.2698196295878
998,6.1436156484178355,6.1624079002431245,6.13478621826107
999,-2.0982363444381917,-2.09894500163864,-2.1066498903619504
