,emojitracker-twitter-cat_face_with_tears_of_joy,emojitracker-twitter-crying_cat_face,emojitracker-twitter-cat_face_with_wry_smile,emojitracker-twitter-pouting_cat_face,emojitracker-twitter-smiling_cat_face_with_open_mouth,emojitracker-twitter-grinning_cat_face_with_smiling_eyes,emojitracker-twitter-smiling_cat_face_with_heart-shaped_eyes,emojitracker-twitter-kissing_cat_face_with_closed_eyes,emojitracker-twitter-cat_face
0,13.0,8.0,20.0,6.0,3.0,5.0,14.0,7.0,2.0
1,12.0,3.0,22.0,5.0,3.0,2.0,10.0,3.0,3.0
2,10.0,7.0,10.0,1.0,2.0,6.0,17.0,4.0,5.0
3,13.0,12.0,7.0,7.0,2.0,4.0,10.0,16.0,6.0
4,13.0,11.0,12.0,8.0,2.0,2.0,10.0,9.0,12.0
5,20.0,2.0,11.0,7.0,1.0,2.0,14.0,8.0,4.0
6,17.0,10.0,14.0,7.0,5.0,3.0,15.0,6.0,6.0
7,11.0,9.0,12.0,5.0,1.0,3.0,5.0,4.0,1.0
8,10.0,7.0,19.0,3.0,1.0,4.0,16.0,7.0,5.0
9,8.0,7.0,19.0,1.0,2.0,6.0,16.0,7.0,4.0
10,8.0,7.0,22.0,4.0,4.0,5.0,15.0,7.0,4.0
11,14.0,6.0,18.0,5.0,3.0,3.0,17.0,6.0,4.0
12,12.0,6.0,17.0,5.0,1.0,2.0,9.0,6.0,6.0
13,5.0,9.0,12.0,6.0,1.0,4.0,9.0,2.0,8.0
14,14.0,7.0,14.0,4.0,2.0,1.0,11.0,7.0,7.0
15,13.0,10.0,17.0,5.0,4.0,2.0,18.0,7.0,4.0
16,16.0,10.0,9.0,8.0,2.0,4.0,11.0,11.0,5.0
17,8.0,13.0,9.0,4.0,2.0,5.0,14.0,4.0,6.0
18,10.0,6.0,14.0,4.0,3.0,4.0,10.0,6.0,5.0
19,12.0,4.0,18.0,6.0,2.0,3.0,19.0,6.0,5.0
20,14.0,8.0,13.0,8.0,2.0,0.0,15.0,4.0,5.0
21,10.0,10.0,16.0,16.0,2.0,10.0,8.0,3.0,6.0
22,15.0,5.0,15.0,2.0,2.0,4.0,8.0,5.0,3.0
23,11.0,6.0,13.0,7.0,2.0,1.0,16.0,8.0,4.0
24,12.0,6.0,9.0,7.0,4.0,3.0,17.0,8.0,6.0
25,9.0,10.0,7.0,10.0,2.0,6.0,14.0,6.0,3.0
26,11.0,7.0,12.0,12.0,1.0,1.0,12.0,3.0,3.0
27,16.0,11.0,23.0,7.0,6.0,3.0,16.0,7.0,4.0
28,15.0,11.0,14.0,9.0,4.0,10.0,14.0,2.0,7.0
29,16.0,5.0,16.0,8.0,4.0,9.0,16.0,5.0,8.0
30,16.0,9.0,16.0,8.0,4.0,2.0,16.0,2.0,5.0
31,13.0,6.0,18.0,3.0,4.0,13.0,10.0,5.0,4.0
32,17.0,7.0,12.0,6.0,2.0,1.0,13.0,9.0,3.0
33,15.0,10.0,15.0,6.0,2.0,6.0,22.0,7.0,5.0
34,12.0,7.0,16.0,10.0,4.0,6.0,10.0,6.0,5.0
35,14.0,3.0,18.0,7.0,6.0,2.0,16.0,7.0,3.0
36,10.0,8.0,8.0,5.0,2.0,5.0,11.0,4.0,5.0
37,10.0,11.0,12.0,6.0,2.0,1.0,10.0,6.0,6.0
38,14.0,14.0,17.0,1.0,1.0,2.0,11.0,5.0,4.0
39,13.0,16.0,14.0,3.0,1.0,2.0,18.0,6.0,2.0
40,13.0,5.0,12.0,3.0,4.0,4.0,18.0,6.0,11.0
41,19.0,10.0,8.0,3.0,5.0,6.0,15.0,4.0,5.0
42,10.0,12.0,9.0,9.0,3.0,3.0,16.0,7.0,5.0
43,19.0,12.0,9.0,8.0,1.0,3.0,21.0,6.0,6.0
44,21.0,13.0,17.0,4.0,4.0,4.0,11.0,12.0,3.0
45,17.0,12.0,7.0,10.0,1.0,5.0,7.0,8.0,4.0
46,8.0,9.0,7.0,8.0,4.0,5.0,19.0,8.0,3.0
47,17.0,5.0,14.0,5.0,6.0,6.0,23.0,8.0,3.0
48,26.0,11.0,15.0,6.0,3.0,6.0,18.0,4.0,6.0
49,17.0,11.0,13.0,5.0,2.0,5.0,11.0,8.0,2.0
50,12.0,6.0,12.0,6.0,2.0,6.0,20.0,10.0,3.0
51,13.0,12.0,16.0,7.0,7.0,3.0,19.0,2.0,3.0
52,16.0,5.0,15.0,7.0,4.0,3.0,12.0,5.0,5.0
53,12.0,10.0,9.0,7.0,8.0,6.0,11.0,6.0,7.0
54,16.0,5.0,14.0,8.0,4.0,9.0,9.0,9.0,3.0
55,15.0,5.0,15.0,6.0,6.0,1.0,13.0,6.0,7.0
56,15.0,5.0,7.0,8.0,3.0,4.0,11.0,5.0,3.0
57,11.0,9.0,9.0,9.0,0.0,4.0,12.0,2.0,1.0
58,12.0,15.0,14.0,11.0,1.0,4.0,14.0,7.0,5.0
59,11.0,11.0,14.0,7.0,6.0,2.0,19.0,5.0,7.0
60,22.0,6.0,12.0,5.0,1.0,2.0,17.0,12.0,5.0
61,16.0,11.0,13.0,6.0,4.0,4.0,14.0,1.0,2.0
62,10.0,8.0,9.0,7.0,4.0,4.0,16.0,7.0,3.0
63,11.0,7.0,10.0,4.0,4.0,4.0,11.0,7.0,5.0
64,14.0,14.0,13.0,15.0,7.0,1.0,15.0,7.0,3.0
65,17.0,8.0,12.0,6.0,5.0,6.0,19.0,9.0,5.0
66,13.0,9.0,13.0,2.0,4.0,2.0,11.0,5.0,7.0
67,20.0,9.0,11.0,8.0,4.0,2.0,11.0,6.0,2.0
68,18.0,9.0,16.0,7.0,5.0,2.0,20.0,7.0,3.0
69,11.0,4.0,14.0,8.0,3.0,1.0,10.0,6.0,4.0
70,10.0,13.0,18.0,9.0,5.0,1.0,17.0,6.0,9.0
71,15.0,7.0,13.0,7.0,4.0,3.0,20.0,4.0,3.0
72,18.0,11.0,9.0,7.0,3.0,2.0,13.0,2.0,3.0
73,12.0,8.0,17.0,3.0,3.0,4.0,9.0,6.0,9.0
74,14.0,6.0,13.0,6.0,3.0,4.0,17.0,9.0,3.0
75,8.0,10.0,8.0,1.0,5.0,7.0,8.0,10.0,13.0
76,11.0,6.0,16.0,10.0,6.0,4.0,17.0,4.0,7.0
77,14.0,10.0,18.0,7.0,2.0,5.0,17.0,13.0,1.0
78,12.0,12.0,17.0,6.0,0.0,5.0,15.0,4.0,3.0
79,13.0,5.0,10.0,9.0,3.0,11.0,11.0,5.0,6.0
80,16.0,12.0,10.0,10.0,2.0,8.0,15.0,7.0,7.0
81,17.0,4.0,9.0,4.0,4.0,6.0,14.0,1.0,5.0
82,9.0,5.0,19.0,12.0,9.0,7.0,9.0,3.0,7.0
83,20.0,3.0,15.0,5.0,6.0,8.0,16.0,8.0,6.0
84,10.0,15.0,14.0,8.0,4.0,5.0,23.0,6.0,8.0
85,11.0,13.0,11.0,5.0,3.0,6.0,17.0,7.0,5.0
86,14.0,6.0,12.0,7.0,2.0,4.0,16.0,6.0,4.0
87,13.0,10.0,15.0,4.0,8.0,5.0,16.0,13.0,8.0
88,13.0,12.0,15.0,7.0,4.0,9.0,14.0,8.0,4.0
89,16.0,9.0,12.0,6.0,4.0,6.0,18.0,6.0,6.0
90,9.0,8.0,20.0,8.0,3.0,7.0,14.0,5.0,6.0
91,16.0,6.0,15.0,6.0,3.0,5.0,16.0,8.0,4.0
92,13.0,9.0,18.0,6.0,2.0,4.0,13.0,6.0,5.0
93,19.0,7.0,13.0,3.0,2.0,4.0,13.0,10.0,3.0
94,15.0,6.0,10.0,8.0,5.0,3.0,13.0,6.0,3.0
95,18.0,9.0,14.0,6.0,4.0,8.0,10.0,6.0,7.0
96,12.0,10.0,12.0,9.0,3.0,7.0,22.0,7.0,7.0
97,16.0,2.0,14.0,6.0,0.0,2.0,18.0,4.0,2.0
98,13.0,13.0,11.0,7.0,5.0,4.0,14.0,3.0,6.0
99,9.0,16.0,12.0,4.0,3.0,3.0,16.0,5.0,7.0
100,12.0,18.0,8.0,9.0,6.0,9.0,14.0,8.0,4.0
101,21.0,8.0,10.0,7.0,4.0,3.0,18.0,6.0,3.0
102,13.0,7.0,14.0,5.0,2.0,5.0,20.0,7.0,6.0
103,14.0,13.0,17.0,9.0,4.0,1.0,16.0,10.0,11.0
104,14.0,7.0,15.0,5.0,6.0,5.0,16.0,7.0,4.0
105,8.0,10.0,12.0,7.0,3.0,6.0,21.0,10.0,4.0
106,13.0,16.0,10.0,3.0,3.0,7.0,17.0,10.0,10.0
107,25.0,9.0,14.0,7.0,7.0,7.0,21.0,3.0,8.0
108,11.0,9.0,14.0,11.0,3.0,9.0,16.0,7.0,2.0
109,14.0,17.0,21.0,5.0,5.0,8.0,25.0,2.0,4.0
110,16.0,8.0,21.0,8.0,3.0,4.0,14.0,6.0,7.0
111,16.0,11.0,16.0,13.0,2.0,8.0,16.0,8.0,6.0
112,19.0,10.0,15.0,6.0,1.0,5.0,10.0,10.0,3.0
113,17.0,11.0,10.0,9.0,2.0,9.0,12.0,10.0,4.0
114,11.0,17.0,15.0,10.0,3.0,6.0,21.0,6.0,3.0
115,13.0,9.0,23.0,8.0,3.0,6.0,22.0,5.0,7.0
116,9.0,13.0,16.0,14.0,2.0,7.0,23.0,7.0,4.0
117,15.0,13.0,11.0,5.0,4.0,2.0,18.0,3.0,3.0
118,8.0,7.0,14.0,6.0,2.0,11.0,9.0,4.0,3.0
119,13.0,10.0,20.0,2.0,3.0,5.0,14.0,6.0,5.0
120,15.0,13.0,10.0,10.0,6.0,4.0,17.0,28.0,4.0
121,11.0,17.0,13.0,10.0,1.0,3.0,15.0,11.0,9.0
122,13.0,15.0,14.0,14.0,5.0,5.0,12.0,11.0,3.0
123,14.0,14.0,15.0,11.0,4.0,7.0,18.0,8.0,9.0
124,19.0,12.0,10.0,8.0,4.0,4.0,16.0,4.0,4.0
125,20.0,14.0,15.0,3.0,4.0,3.0,19.0,7.0,4.0
126,13.0,9.0,16.0,10.0,5.0,6.0,12.0,14.0,5.0
127,17.0,13.0,13.0,10.0,2.0,6.0,14.0,9.0,7.0
128,16.0,10.0,9.0,8.0,4.0,5.0,11.0,7.0,5.0
129,11.0,11.0,11.0,12.0,3.0,7.0,21.0,3.0,12.0
130,10.0,15.0,12.0,13.0,4.0,7.0,23.0,10.0,9.0
131,25.0,5.0,14.0,9.0,4.0,7.0,22.0,10.0,4.0
132,11.0,7.0,13.0,3.0,1.0,8.0,17.0,8.0,7.0
133,14.0,11.0,12.0,10.0,7.0,7.0,24.0,4.0,9.0
134,15.0,18.0,21.0,8.0,2.0,5.0,12.0,5.0,11.0
135,16.0,13.0,19.0,10.0,3.0,5.0,24.0,8.0,12.0
136,15.0,11.0,14.0,7.0,2.0,3.0,17.0,8.0,4.0
137,12.0,8.0,12.0,7.0,4.0,4.0,21.0,6.0,14.0
138,21.0,10.0,16.0,9.0,4.0,5.0,15.0,8.0,7.0
139,16.0,9.0,20.0,9.0,5.0,3.0,16.0,6.0,8.0
140,15.0,15.0,15.0,11.0,2.0,4.0,21.0,5.0,13.0
141,23.0,12.0,14.0,10.0,9.0,7.0,24.0,3.0,4.0
142,17.0,8.0,16.0,9.0,3.0,2.0,22.0,5.0,11.0
143,10.0,10.0,15.0,7.0,3.0,8.0,20.0,12.0,9.0
144,15.0,13.0,7.0,10.0,5.0,12.0,15.0,7.0,5.0
145,13.0,15.0,6.0,2.0,6.0,5.0,19.0,7.0,4.0
146,24.0,9.0,9.0,5.0,7.0,7.0,18.0,4.0,6.0
147,16.0,13.0,14.0,7.0,4.0,10.0,14.0,4.0,5.0
148,17.0,8.0,21.0,5.0,4.0,5.0,29.0,8.0,6.0
149,16.0,9.0,8.0,9.0,5.0,8.0,29.0,8.0,14.0
150,23.0,13.0,19.0,9.0,2.0,4.0,31.0,7.0,6.0
151,19.0,3.0,10.0,12.0,11.0,9.0,14.0,9.0,10.0
152,19.0,14.0,10.0,10.0,5.0,5.0,18.0,11.0,8.0
153,16.0,7.0,14.0,10.0,5.0,7.0,33.0,7.0,8.0
154,12.0,10.0,20.0,13.0,6.0,5.0,15.0,7.0,9.0
155,17.0,17.0,11.0,8.0,3.0,3.0,22.0,8.0,11.0
156,20.0,10.0,12.0,9.0,6.0,7.0,14.0,6.0,13.0
157,14.0,10.0,23.0,12.0,1.0,10.0,20.0,6.0,6.0
158,11.0,16.0,10.0,16.0,3.0,5.0,23.0,8.0,8.0
159,11.0,9.0,12.0,10.0,4.0,4.0,18.0,7.0,4.0
160,14.0,16.0,14.0,10.0,5.0,8.0,18.0,11.0,10.0
161,8.0,11.0,17.0,18.0,3.0,10.0,22.0,9.0,5.0
162,14.0,12.0,21.0,12.0,3.0,4.0,27.0,4.0,5.0
163,16.0,20.0,15.0,12.0,3.0,2.0,32.0,5.0,7.0
164,16.0,16.0,12.0,11.0,10.0,8.0,22.0,8.0,7.0
165,19.0,12.0,18.0,10.0,8.0,5.0,28.0,6.0,4.0
166,11.0,14.0,19.0,15.0,10.0,2.0,24.0,3.0,6.0
167,17.0,15.0,14.0,9.0,10.0,6.0,23.0,8.0,9.0
168,20.0,17.0,13.0,9.0,7.0,4.0,16.0,5.0,6.0
169,18.0,14.0,19.0,10.0,1.0,8.0,25.0,6.0,2.0
170,22.0,12.0,16.0,7.0,2.0,2.0,26.0,7.0,5.0
171,19.0,16.0,9.0,10.0,6.0,2.0,19.0,13.0,8.0
172,23.0,7.0,13.0,7.0,3.0,4.0,16.0,8.0,8.0
173,12.0,11.0,13.0,13.0,1.0,6.0,26.0,4.0,7.0
174,20.0,10.0,20.0,7.0,4.0,5.0,20.0,6.0,8.0
175,10.0,13.0,18.0,11.0,5.0,9.0,19.0,4.0,11.0
176,13.0,5.0,18.0,8.0,0.0,4.0,29.0,4.0,16.0
177,13.0,14.0,14.0,7.0,6.0,7.0,15.0,34.0,8.0
178,18.0,15.0,9.0,6.0,7.0,8.0,24.0,6.0,8.0
179,20.0,12.0,17.0,11.0,8.0,8.0,14.0,5.0,7.0
180,20.0,17.0,15.0,7.0,3.0,7.0,17.0,17.0,8.0
181,22.0,10.0,7.0,14.0,5.0,5.0,27.0,8.0,21.0
182,18.0,16.0,15.0,9.0,3.0,5.0,18.0,7.0,22.0
183,11.0,14.0,12.0,10.0,5.0,4.0,20.0,8.0,24.0
184,23.0,16.0,14.0,5.0,2.0,6.0,18.0,8.0,14.0
185,7.0,17.0,24.0,9.0,2.0,7.0,24.0,7.0,6.0
186,17.0,15.0,17.0,14.0,3.0,4.0,11.0,5.0,5.0
187,19.0,20.0,13.0,10.0,4.0,5.0,10.0,9.0,8.0
188,12.0,16.0,17.0,13.0,11.0,4.0,25.0,7.0,12.0
189,23.0,12.0,19.0,9.0,6.0,3.0,21.0,9.0,8.0
190,13.0,14.0,20.0,7.0,8.0,9.0,16.0,4.0,6.0
191,16.0,13.0,14.0,12.0,1.0,10.0,30.0,4.0,10.0
192,25.0,12.0,18.0,9.0,2.0,7.0,23.0,9.0,6.0
193,15.0,17.0,20.0,14.0,5.0,11.0,18.0,8.0,10.0
194,10.0,9.0,9.0,9.0,1.0,9.0,19.0,12.0,2.0
195,10.0,14.0,17.0,6.0,4.0,2.0,29.0,9.0,12.0
196,14.0,18.0,18.0,11.0,2.0,8.0,15.0,7.0,9.0
197,13.0,8.0,13.0,7.0,2.0,9.0,21.0,9.0,8.0
198,14.0,11.0,20.0,13.0,3.0,7.0,10.0,6.0,6.0
199,13.0,17.0,16.0,5.0,3.0,6.0,13.0,7.0,6.0
200,20.0,10.0,13.0,10.0,6.0,9.0,13.0,11.0,3.0
201,15.0,16.0,13.0,6.0,8.0,4.0,17.0,6.0,7.0
202,15.0,12.0,21.0,8.0,8.0,7.0,19.0,7.0,9.0
203,18.0,10.0,14.0,8.0,4.0,10.0,16.0,9.0,10.0
204,14.0,16.0,22.0,9.0,7.0,6.0,27.0,11.0,10.0
205,16.0,11.0,18.0,9.0,4.0,6.0,24.0,11.0,10.0
206,23.0,17.0,13.0,8.0,6.0,1.0,24.0,13.0,6.0
207,15.0,12.0,18.0,6.0,4.0,3.0,23.0,14.0,19.0
208,17.0,20.0,16.0,12.0,7.0,7.0,24.0,6.0,16.0
209,25.0,10.0,15.0,7.0,6.0,8.0,27.0,10.0,11.0
210,20.0,10.0,13.0,11.0,5.0,3.0,21.0,2.0,15.0
211,23.0,14.0,20.0,12.0,5.0,7.0,21.0,10.0,17.0
212,16.0,14.0,14.0,5.0,6.0,4.0,23.0,11.0,13.0
213,17.0,17.0,20.0,11.0,6.0,8.0,20.0,10.0,10.0
214,13.0,9.0,17.0,10.0,5.0,5.0,16.0,12.0,13.0
215,16.0,18.0,15.0,6.0,5.0,7.0,25.0,7.0,17.0
216,18.0,17.0,10.0,5.0,5.0,7.0,14.0,6.0,16.0
217,23.0,10.0,19.0,8.0,6.0,8.0,23.0,14.0,13.0
218,17.0,12.0,15.0,9.0,3.0,7.0,21.0,9.0,11.0
219,23.0,16.0,20.0,11.0,4.0,4.0,22.0,17.0,17.0
220,12.0,12.0,17.0,6.0,5.0,5.0,16.0,13.0,12.0
221,16.0,19.0,18.0,7.0,4.0,10.0,24.0,13.0,9.0
222,20.0,11.0,21.0,9.0,4.0,6.0,22.0,9.0,20.0
223,16.0,17.0,14.0,10.0,7.0,6.0,35.0,9.0,24.0
224,25.0,13.0,11.0,9.0,6.0,7.0,26.0,8.0,14.0
225,20.0,12.0,29.0,5.0,6.0,8.0,30.0,9.0,14.0
226,22.0,19.0,22.0,12.0,3.0,9.0,20.0,6.0,12.0
227,16.0,11.0,18.0,5.0,5.0,5.0,21.0,5.0,8.0
228,15.0,15.0,14.0,8.0,4.0,5.0,15.0,7.0,12.0
229,24.0,11.0,14.0,11.0,1.0,8.0,29.0,11.0,22.0
230,17.0,16.0,11.0,9.0,6.0,7.0,16.0,11.0,11.0
231,21.0,13.0,23.0,10.0,2.0,6.0,21.0,12.0,12.0
232,15.0,13.0,16.0,13.0,5.0,8.0,12.0,12.0,14.0
233,17.0,14.0,13.0,6.0,2.0,2.0,17.0,9.0,11.0
234,16.0,15.0,16.0,16.0,5.0,6.0,19.0,10.0,13.0
235,17.0,16.0,13.0,13.0,5.0,5.0,31.0,13.0,10.0
236,19.0,19.0,23.0,7.0,4.0,17.0,21.0,12.0,10.0
237,19.0,13.0,14.0,10.0,2.0,7.0,19.0,12.0,13.0
238,20.0,19.0,20.0,8.0,6.0,5.0,18.0,10.0,6.0
239,24.0,7.0,19.0,15.0,7.0,10.0,20.0,8.0,8.0
240,26.0,14.0,21.0,10.0,6.0,6.0,19.0,8.0,7.0
241,17.0,10.0,16.0,3.0,1.0,7.0,22.0,8.0,11.0
242,22.0,10.0,21.0,10.0,3.0,9.0,21.0,10.0,11.0
243,18.0,14.0,10.0,17.0,4.0,5.0,19.0,11.0,6.0
244,24.0,19.0,20.0,7.0,3.0,11.0,21.0,11.0,11.0
245,12.0,16.0,12.0,9.0,1.0,7.0,29.0,9.0,11.0
246,17.0,19.0,16.0,8.0,6.0,5.0,18.0,18.0,8.0
247,16.0,16.0,22.0,13.0,2.0,9.0,24.0,10.0,13.0
248,23.0,18.0,24.0,10.0,4.0,4.0,20.0,11.0,7.0
249,15.0,13.0,21.0,12.0,7.0,6.0,22.0,15.0,12.0
250,23.0,11.0,19.0,8.0,7.0,4.0,19.0,41.0,11.0
251,13.0,9.0,24.0,20.0,5.0,9.0,15.0,12.0,11.0
252,15.0,15.0,20.0,12.0,10.0,7.0,17.0,11.0,8.0
253,20.0,21.0,22.0,11.0,8.0,9.0,20.0,13.0,14.0
254,16.0,14.0,12.0,7.0,5.0,5.0,18.0,15.0,5.0
255,18.0,11.0,13.0,7.0,6.0,7.0,21.0,11.0,7.0
256,11.0,16.0,17.0,11.0,2.0,5.0,17.0,10.0,12.0
257,24.0,14.0,18.0,18.0,7.0,8.0,25.0,11.0,11.0
258,24.0,17.0,21.0,6.0,8.0,8.0,22.0,14.0,6.0
259,21.0,10.0,22.0,15.0,6.0,5.0,31.0,14.0,8.0
260,17.0,10.0,12.0,11.0,6.0,7.0,14.0,11.0,11.0
261,9.0,18.0,15.0,10.0,7.0,3.0,20.0,7.0,9.0
262,21.0,13.0,10.0,7.0,2.0,3.0,13.0,10.0,10.0
263,23.0,11.0,15.0,6.0,3.0,6.0,28.0,10.0,10.0
264,15.0,13.0,14.0,14.0,3.0,3.0,22.0,8.0,12.0
265,13.0,19.0,23.0,6.0,4.0,7.0,24.0,12.0,7.0
266,18.0,12.0,16.0,5.0,5.0,5.0,22.0,7.0,8.0
267,14.0,20.0,13.0,11.0,3.0,7.0,23.0,12.0,5.0
268,17.0,16.0,22.0,7.0,4.0,2.0,16.0,10.0,13.0
269,11.0,12.0,27.0,9.0,2.0,5.0,18.0,10.0,11.0
270,20.0,18.0,22.0,9.0,6.0,7.0,11.0,11.0,8.0
271,24.0,17.0,14.0,8.0,4.0,2.0,15.0,11.0,7.0
272,19.0,13.0,15.0,10.0,2.0,5.0,26.0,10.0,6.0
273,14.0,7.0,12.0,10.0,2.0,5.0,20.0,13.0,7.0
274,27.0,19.0,24.0,10.0,5.0,8.0,26.0,6.0,10.0
275,17.0,16.0,20.0,4.0,3.0,5.0,30.0,12.0,9.0
276,18.0,16.0,21.0,15.0,2.0,7.0,25.0,4.0,5.0
277,13.0,20.0,19.0,14.0,1.0,4.0,21.0,8.0,12.0
278,23.0,9.0,17.0,9.0,7.0,4.0,22.0,5.0,12.0
279,21.0,10.0,15.0,9.0,1.0,8.0,19.0,10.0,10.0
280,18.0,15.0,22.0,11.0,14.0,3.0,23.0,7.0,8.0
281,23.0,8.0,27.0,11.0,5.0,11.0,33.0,15.0,13.0
282,16.0,16.0,23.0,11.0,4.0,2.0,31.0,13.0,7.0
283,15.0,13.0,13.0,15.0,6.0,5.0,17.0,12.0,8.0
284,11.0,11.0,17.0,8.0,6.0,2.0,21.0,7.0,5.0
285,22.0,14.0,17.0,9.0,5.0,6.0,28.0,10.0,18.0
286,19.0,20.0,24.0,15.0,6.0,7.0,26.0,11.0,6.0
287,11.0,13.0,12.0,12.0,2.0,6.0,22.0,12.0,15.0
288,19.0,19.0,18.0,10.0,5.0,11.0,28.0,10.0,16.0
289,26.0,13.0,21.0,12.0,5.0,6.0,28.0,9.0,5.0
290,23.0,15.0,22.0,8.0,7.0,8.0,28.0,3.0,8.0
291,18.0,11.0,22.0,15.0,7.0,13.0,19.0,10.0,10.0
292,22.0,15.0,11.0,5.0,4.0,8.0,22.0,11.0,3.0
293,11.0,11.0,20.0,9.0,5.0,7.0,21.0,12.0,6.0
294,12.0,6.0,18.0,4.0,2.0,2.0,13.0,3.0,5.0
295,24.0,24.0,23.0,6.0,4.0,15.0,23.0,13.0,11.0
296,17.0,20.0,22.0,9.0,0.0,6.0,18.0,8.0,6.0
297,19.0,14.0,16.0,7.0,2.0,9.0,18.0,9.0,10.0
298,16.0,14.0,12.0,16.0,5.0,5.0,27.0,10.0,9.0
299,22.0,20.0,13.0,7.0,4.0,10.0,29.0,6.0,5.0
300,23.0,17.0,32.0,10.0,1.0,8.0,25.0,16.0,9.0
301,17.0,19.0,17.0,5.0,5.0,9.0,22.0,6.0,8.0
302,18.0,14.0,16.0,13.0,3.0,10.0,9.0,7.0,8.0
303,12.0,15.0,20.0,8.0,4.0,7.0,24.0,10.0,16.0
304,13.0,10.0,20.0,11.0,4.0,6.0,19.0,11.0,8.0
305,17.0,16.0,16.0,12.0,5.0,5.0,23.0,6.0,9.0
306,17.0,12.0,13.0,7.0,6.0,8.0,22.0,12.0,7.0
307,17.0,9.0,17.0,10.0,4.0,10.0,28.0,8.0,8.0
308,12.0,12.0,11.0,7.0,1.0,11.0,23.0,7.0,7.0
309,21.0,12.0,20.0,5.0,7.0,6.0,25.0,8.0,15.0
310,14.0,10.0,9.0,9.0,2.0,2.0,22.0,5.0,6.0
311,21.0,24.0,32.0,15.0,10.0,4.0,28.0,9.0,14.0
312,17.0,13.0,16.0,8.0,6.0,4.0,25.0,7.0,10.0
313,16.0,17.0,16.0,10.0,5.0,5.0,27.0,11.0,5.0
314,19.0,8.0,6.0,5.0,2.0,4.0,18.0,6.0,5.0
315,14.0,4.0,11.0,6.0,4.0,5.0,18.0,3.0,10.0
316,22.0,16.0,16.0,10.0,7.0,12.0,27.0,12.0,14.0
317,24.0,18.0,22.0,10.0,4.0,9.0,28.0,11.0,14.0
318,15.0,14.0,29.0,18.0,5.0,4.0,22.0,7.0,8.0
319,17.0,21.0,16.0,17.0,4.0,5.0,36.0,10.0,12.0
320,9.0,12.0,8.0,7.0,2.0,5.0,20.0,7.0,2.0
321,33.0,13.0,23.0,12.0,4.0,5.0,18.0,11.0,6.0
322,28.0,17.0,16.0,13.0,5.0,8.0,32.0,15.0,5.0
323,14.0,13.0,11.0,9.0,6.0,2.0,20.0,12.0,10.0
324,23.0,16.0,20.0,13.0,6.0,4.0,36.0,11.0,12.0
325,13.0,13.0,23.0,13.0,2.0,8.0,28.0,10.0,7.0
326,4.0,15.0,14.0,6.0,1.0,2.0,15.0,8.0,10.0
327,15.0,17.0,25.0,17.0,9.0,5.0,36.0,10.0,8.0
328,19.0,20.0,20.0,8.0,3.0,9.0,37.0,5.0,11.0
329,27.0,22.0,30.0,10.0,4.0,2.0,23.0,14.0,10.0
330,16.0,12.0,24.0,9.0,5.0,3.0,26.0,8.0,7.0
331,20.0,14.0,16.0,9.0,6.0,7.0,26.0,9.0,8.0
332,14.0,12.0,28.0,2.0,5.0,7.0,24.0,7.0,6.0
333,24.0,16.0,24.0,6.0,5.0,6.0,19.0,7.0,2.0
334,11.0,12.0,17.0,12.0,6.0,4.0,24.0,5.0,7.0
335,21.0,15.0,28.0,12.0,1.0,6.0,28.0,8.0,3.0
336,15.0,14.0,27.0,7.0,5.0,6.0,29.0,8.0,8.0
337,24.0,16.0,20.0,5.0,4.0,3.0,34.0,13.0,8.0
338,17.0,38.0,30.0,6.0,3.0,11.0,22.0,19.0,8.0
339,25.0,15.0,19.0,9.0,3.0,10.0,44.0,21.0,13.0
340,21.0,22.0,22.0,24.0,5.0,4.0,22.0,13.0,9.0
341,20.0,18.0,18.0,13.0,4.0,7.0,25.0,6.0,9.0
342,14.0,21.0,23.0,22.0,5.0,5.0,18.0,7.0,6.0
343,31.0,20.0,20.0,7.0,3.0,6.0,19.0,4.0,16.0
344,15.0,14.0,22.0,10.0,3.0,7.0,19.0,8.0,8.0
345,25.0,11.0,16.0,11.0,1.0,5.0,26.0,4.0,6.0
346,18.0,13.0,15.0,2.0,2.0,5.0,18.0,8.0,7.0
347,30.0,10.0,19.0,13.0,7.0,3.0,28.0,11.0,3.0
348,13.0,15.0,19.0,6.0,3.0,9.0,21.0,8.0,7.0
349,28.0,14.0,15.0,13.0,3.0,9.0,18.0,7.0,7.0
350,20.0,17.0,27.0,9.0,4.0,8.0,25.0,6.0,8.0
351,28.0,14.0,23.0,12.0,4.0,11.0,23.0,8.0,9.0
352,16.0,12.0,13.0,8.0,4.0,5.0,21.0,8.0,5.0
353,20.0,11.0,21.0,5.0,3.0,7.0,21.0,13.0,14.0
354,25.0,5.0,16.0,8.0,10.0,7.0,23.0,10.0,4.0
355,15.0,14.0,14.0,9.0,6.0,8.0,29.0,11.0,6.0
356,11.0,18.0,17.0,12.0,6.0,6.0,26.0,9.0,12.0
357,21.0,16.0,15.0,8.0,7.0,7.0,19.0,6.0,7.0
358,25.0,17.0,17.0,12.0,5.0,7.0,26.0,9.0,1.0
359,22.0,12.0,15.0,7.0,2.0,6.0,16.0,8.0,4.0
360,17.0,14.0,19.0,13.0,2.0,5.0,22.0,4.0,10.0
361,23.0,12.0,11.0,9.0,2.0,2.0,22.0,8.0,11.0
362,18.0,18.0,14.0,17.0,6.0,3.0,26.0,13.0,2.0
363,15.0,15.0,19.0,14.0,1.0,4.0,25.0,14.0,8.0
364,21.0,16.0,15.0,11.0,3.0,1.0,24.0,13.0,7.0
365,17.0,11.0,17.0,11.0,4.0,4.0,26.0,6.0,5.0
366,17.0,13.0,17.0,12.0,2.0,5.0,17.0,9.0,6.0
367,27.0,11.0,17.0,9.0,4.0,7.0,21.0,13.0,6.0
368,34.0,15.0,19.0,10.0,1.0,13.0,20.0,12.0,6.0
369,21.0,6.0,19.0,11.0,5.0,9.0,17.0,7.0,5.0
370,22.0,5.0,25.0,11.0,2.0,8.0,25.0,7.0,5.0
371,20.0,10.0,17.0,5.0,8.0,6.0,16.0,7.0,7.0
372,20.0,14.0,28.0,9.0,6.0,11.0,26.0,7.0,5.0
373,23.0,8.0,20.0,12.0,10.0,9.0,25.0,7.0,8.0
374,15.0,7.0,10.0,11.0,1.0,10.0,22.0,7.0,7.0
375,18.0,15.0,24.0,9.0,3.0,10.0,14.0,9.0,9.0
376,23.0,18.0,14.0,12.0,3.0,7.0,20.0,10.0,8.0
377,15.0,7.0,15.0,16.0,6.0,9.0,24.0,8.0,5.0
378,23.0,12.0,14.0,13.0,8.0,7.0,18.0,9.0,4.0
379,11.0,7.0,11.0,11.0,7.0,9.0,24.0,2.0,10.0
380,17.0,13.0,14.0,9.0,14.0,8.0,29.0,7.0,7.0
381,25.0,10.0,16.0,10.0,10.0,4.0,13.0,5.0,9.0
382,29.0,17.0,25.0,8.0,9.0,7.0,19.0,9.0,2.0
383,22.0,14.0,18.0,12.0,6.0,7.0,32.0,5.0,8.0
384,23.0,18.0,22.0,11.0,9.0,4.0,28.0,11.0,6.0
385,24.0,17.0,23.0,12.0,13.0,5.0,23.0,14.0,4.0
386,19.0,13.0,18.0,10.0,5.0,11.0,24.0,11.0,7.0
387,18.0,15.0,18.0,13.0,9.0,6.0,30.0,9.0,9.0
388,32.0,19.0,13.0,4.0,6.0,6.0,24.0,12.0,15.0
389,29.0,13.0,27.0,11.0,5.0,7.0,13.0,9.0,11.0
390,18.0,17.0,16.0,8.0,6.0,5.0,24.0,7.0,0.0
391,20.0,12.0,13.0,9.0,4.0,7.0,23.0,4.0,8.0
392,19.0,10.0,13.0,7.0,6.0,7.0,15.0,9.0,3.0
393,18.0,8.0,16.0,7.0,1.0,3.0,20.0,7.0,8.0
394,26.0,14.0,15.0,11.0,3.0,6.0,26.0,8.0,10.0
395,16.0,17.0,22.0,11.0,4.0,7.0,20.0,6.0,2.0
396,25.0,13.0,31.0,7.0,5.0,8.0,21.0,3.0,2.0
397,22.0,10.0,21.0,10.0,1.0,2.0,15.0,6.0,8.0
398,23.0,12.0,20.0,6.0,6.0,5.0,21.0,9.0,11.0
399,19.0,16.0,22.0,10.0,1.0,4.0,21.0,7.0,9.0
400,19.0,11.0,19.0,11.0,3.0,3.0,19.0,5.0,5.0
401,15.0,14.0,22.0,9.0,1.0,6.0,19.0,3.0,7.0
402,24.0,13.0,22.0,6.0,1.0,5.0,26.0,7.0,8.0
403,20.0,10.0,18.0,15.0,2.0,4.0,18.0,6.0,6.0
404,16.0,11.0,16.0,10.0,3.0,8.0,21.0,9.0,7.0
405,19.0,16.0,15.0,8.0,5.0,3.0,23.0,8.0,6.0
406,17.0,14.0,16.0,5.0,5.0,7.0,24.0,9.0,9.0
407,20.0,22.0,28.0,15.0,4.0,5.0,20.0,6.0,4.0
408,14.0,13.0,27.0,5.0,2.0,10.0,24.0,9.0,10.0
409,19.0,21.0,22.0,11.0,6.0,4.0,23.0,5.0,3.0
410,28.0,12.0,17.0,9.0,1.0,5.0,20.0,4.0,7.0
411,23.0,12.0,10.0,7.0,3.0,7.0,21.0,4.0,6.0
412,23.0,12.0,26.0,18.0,3.0,5.0,18.0,12.0,5.0
413,24.0,13.0,23.0,9.0,3.0,6.0,26.0,6.0,7.0
414,17.0,20.0,15.0,6.0,0.0,5.0,20.0,11.0,2.0
415,20.0,15.0,15.0,9.0,0.0,7.0,16.0,10.0,4.0
416,21.0,8.0,20.0,6.0,4.0,11.0,33.0,9.0,6.0
417,23.0,15.0,14.0,9.0,5.0,3.0,18.0,8.0,6.0
418,28.0,8.0,14.0,10.0,3.0,7.0,17.0,8.0,8.0
419,21.0,10.0,12.0,5.0,3.0,7.0,28.0,7.0,2.0
420,26.0,16.0,19.0,18.0,5.0,3.0,15.0,4.0,7.0
421,26.0,13.0,24.0,7.0,6.0,2.0,20.0,11.0,10.0
422,22.0,12.0,19.0,4.0,3.0,10.0,20.0,5.0,3.0
423,22.0,20.0,28.0,5.0,3.0,6.0,27.0,3.0,8.0
424,26.0,10.0,13.0,10.0,7.0,4.0,24.0,9.0,6.0
425,20.0,19.0,18.0,7.0,8.0,4.0,24.0,8.0,7.0
426,23.0,12.0,23.0,7.0,3.0,10.0,17.0,9.0,7.0
427,13.0,16.0,13.0,11.0,2.0,10.0,18.0,8.0,10.0
428,24.0,16.0,15.0,7.0,3.0,2.0,20.0,7.0,6.0
429,17.0,14.0,18.0,16.0,1.0,7.0,30.0,9.0,11.0
430,12.0,12.0,30.0,10.0,1.0,7.0,20.0,10.0,7.0
431,15.0,14.0,14.0,12.0,6.0,1.0,23.0,6.0,9.0
432,22.0,9.0,14.0,6.0,2.0,4.0,19.0,6.0,7.0
433,18.0,17.0,16.0,10.0,6.0,9.0,27.0,13.0,7.0
434,24.0,16.0,18.0,11.0,5.0,1.0,20.0,5.0,6.0
435,17.0,16.0,20.0,7.0,3.0,6.0,22.0,7.0,8.0
436,19.0,17.0,26.0,15.0,3.0,10.0,19.0,9.0,7.0
437,15.0,12.0,19.0,14.0,4.0,2.0,22.0,3.0,4.0
438,23.0,12.0,18.0,9.0,8.0,4.0,15.0,5.0,10.0
439,12.0,7.0,14.0,11.0,2.0,7.0,19.0,5.0,4.0
440,26.0,17.0,21.0,8.0,8.0,5.0,18.0,6.0,6.0
441,23.0,7.0,18.0,6.0,4.0,5.0,19.0,5.0,7.0
442,20.0,9.0,24.0,10.0,2.0,5.0,20.0,4.0,5.0
443,20.0,10.0,15.0,9.0,7.0,6.0,16.0,4.0,7.0
444,26.0,11.0,28.0,7.0,7.0,5.0,19.0,11.0,5.0
445,24.0,14.0,21.0,8.0,4.0,5.0,20.0,6.0,5.0
446,17.0,14.0,18.0,5.0,2.0,6.0,15.0,7.0,10.0
447,28.0,13.0,15.0,8.0,2.0,10.0,12.0,3.0,4.0
448,23.0,18.0,29.0,10.0,5.0,5.0,25.0,11.0,7.0
449,21.0,13.0,16.0,9.0,7.0,4.0,14.0,4.0,2.0
450,21.0,8.0,22.0,7.0,1.0,6.0,18.0,4.0,3.0
451,18.0,15.0,21.0,8.0,6.0,7.0,21.0,3.0,4.0
452,20.0,10.0,13.0,11.0,4.0,6.0,27.0,5.0,4.0
453,22.0,18.0,21.0,8.0,4.0,3.0,25.0,8.0,6.0
454,19.0,14.0,14.0,11.0,6.0,3.0,15.0,3.0,5.0
455,23.0,13.0,20.0,8.0,4.0,3.0,17.0,7.0,7.0
456,15.0,9.0,16.0,9.0,6.0,3.0,29.0,6.0,10.0
457,24.0,12.0,13.0,13.0,2.0,6.0,24.0,3.0,4.0
458,21.0,12.0,21.0,9.0,10.0,5.0,15.0,4.0,8.0
459,28.0,14.0,16.0,10.0,3.0,7.0,22.0,9.0,8.0
460,18.0,14.0,16.0,9.0,4.0,4.0,15.0,10.0,8.0
461,15.0,11.0,13.0,10.0,8.0,3.0,25.0,7.0,9.0
462,14.0,5.0,13.0,11.0,7.0,8.0,18.0,6.0,7.0
463,22.0,6.0,20.0,9.0,3.0,2.0,17.0,8.0,4.0
464,17.0,15.0,24.0,12.0,3.0,6.0,18.0,8.0,5.0
465,17.0,12.0,18.0,5.0,1.0,11.0,17.0,5.0,7.0
466,11.0,11.0,21.0,10.0,1.0,4.0,18.0,6.0,4.0
467,23.0,13.0,13.0,8.0,6.0,13.0,19.0,8.0,8.0
468,30.0,8.0,20.0,6.0,1.0,2.0,15.0,10.0,3.0
469,15.0,10.0,25.0,8.0,8.0,2.0,20.0,5.0,2.0
470,15.0,11.0,9.0,5.0,4.0,2.0,24.0,5.0,3.0
471,12.0,14.0,18.0,8.0,3.0,4.0,15.0,12.0,8.0
472,21.0,7.0,24.0,8.0,3.0,2.0,18.0,4.0,3.0
473,24.0,16.0,16.0,13.0,5.0,5.0,20.0,5.0,8.0
474,18.0,19.0,18.0,10.0,5.0,5.0,15.0,7.0,1.0
475,30.0,11.0,22.0,14.0,5.0,5.0,18.0,7.0,2.0
476,17.0,18.0,16.0,10.0,2.0,6.0,21.0,2.0,3.0
477,27.0,6.0,17.0,12.0,1.0,3.0,22.0,7.0,3.0
478,24.0,13.0,19.0,5.0,7.0,5.0,20.0,11.0,7.0
479,18.0,15.0,20.0,7.0,3.0,4.0,21.0,5.0,6.0
480,13.0,7.0,13.0,10.0,4.0,6.0,20.0,10.0,1.0
481,25.0,8.0,8.0,11.0,3.0,6.0,16.0,4.0,5.0
482,27.0,8.0,20.0,5.0,6.0,5.0,17.0,6.0,4.0
483,10.0,10.0,13.0,7.0,5.0,3.0,21.0,6.0,2.0
484,24.0,10.0,10.0,5.0,4.0,4.0,17.0,5.0,2.0
485,22.0,11.0,14.0,8.0,3.0,6.0,21.0,7.0,3.0
486,18.0,11.0,12.0,7.0,5.0,4.0,16.0,5.0,5.0
487,21.0,6.0,24.0,3.0,5.0,5.0,31.0,5.0,6.0
488,14.0,12.0,24.0,5.0,3.0,2.0,21.0,6.0,7.0
489,12.0,13.0,25.0,12.0,2.0,4.0,17.0,5.0,6.0
490,24.0,12.0,17.0,9.0,9.0,6.0,15.0,7.0,5.0
491,26.0,6.0,9.0,6.0,0.0,0.0,23.0,5.0,2.0
492,20.0,6.0,19.0,7.0,3.0,6.0,23.0,10.0,7.0
493,23.0,12.0,26.0,9.0,3.0,8.0,23.0,9.0,7.0
494,20.0,14.0,19.0,1.0,3.0,5.0,14.0,9.0,12.0
495,21.0,12.0,18.0,6.0,4.0,7.0,24.0,5.0,3.0
496,14.0,13.0,17.0,5.0,2.0,5.0,15.0,7.0,5.0
497,18.0,9.0,13.0,9.0,3.0,6.0,20.0,8.0,7.0
498,27.0,11.0,18.0,6.0,2.0,8.0,39.0,8.0,6.0
499,18.0,14.0,11.0,5.0,4.0,6.0,20.0,6.0,3.0
500,15.0,12.0,21.0,3.0,1.0,4.0,22.0,6.0,7.0
501,33.0,14.0,24.0,16.0,5.0,5.0,14.0,14.0,3.0
502,14.0,10.0,12.0,6.0,2.0,2.0,22.0,4.0,11.0
503,22.0,9.0,20.0,6.0,4.0,7.0,14.0,1.0,3.0
504,15.0,11.0,17.0,8.0,6.0,3.0,14.0,4.0,4.0
505,16.0,15.0,19.0,2.0,3.0,5.0,20.0,11.0,1.0
506,18.0,9.0,14.0,8.0,2.0,4.0,28.0,4.0,5.0
507,20.0,7.0,16.0,4.0,4.0,2.0,14.0,13.0,5.0
508,23.0,8.0,21.0,9.0,5.0,4.0,19.0,7.0,8.0
509,18.0,11.0,17.0,7.0,0.0,4.0,19.0,8.0,7.0
510,16.0,14.0,21.0,5.0,1.0,2.0,19.0,6.0,3.0
511,22.0,14.0,15.0,8.0,1.0,7.0,13.0,9.0,6.0
512,21.0,9.0,12.0,2.0,1.0,5.0,11.0,8.0,6.0
513,24.0,9.0,14.0,8.0,1.0,5.0,16.0,4.0,7.0
514,18.0,8.0,19.0,3.0,5.0,2.0,15.0,11.0,5.0
515,21.0,8.0,14.0,11.0,4.0,5.0,17.0,7.0,4.0
516,23.0,12.0,9.0,4.0,6.0,2.0,26.0,9.0,6.0
517,30.0,15.0,20.0,3.0,3.0,1.0,19.0,10.0,5.0
518,19.0,9.0,16.0,8.0,3.0,4.0,21.0,8.0,9.0
519,23.0,13.0,6.0,5.0,4.0,1.0,19.0,4.0,4.0
520,18.0,13.0,24.0,7.0,4.0,4.0,18.0,6.0,8.0
521,17.0,13.0,25.0,14.0,1.0,5.0,17.0,3.0,3.0
522,25.0,5.0,21.0,5.0,3.0,3.0,18.0,6.0,7.0
523,19.0,21.0,12.0,5.0,4.0,5.0,17.0,7.0,5.0
524,20.0,8.0,17.0,6.0,7.0,3.0,28.0,7.0,3.0
525,28.0,11.0,15.0,9.0,4.0,6.0,24.0,4.0,5.0
526,20.0,14.0,19.0,7.0,4.0,3.0,18.0,6.0,4.0
527,34.0,4.0,15.0,12.0,4.0,8.0,11.0,2.0,6.0
528,20.0,10.0,23.0,5.0,5.0,5.0,17.0,6.0,6.0
529,15.0,13.0,14.0,7.0,5.0,4.0,21.0,5.0,3.0
530,17.0,13.0,17.0,7.0,0.0,6.0,19.0,8.0,6.0
531,17.0,9.0,10.0,5.0,4.0,4.0,15.0,7.0,7.0
532,25.0,6.0,16.0,8.0,3.0,2.0,18.0,11.0,4.0
533,20.0,7.0,17.0,4.0,2.0,5.0,14.0,6.0,3.0
534,24.0,6.0,20.0,8.0,2.0,5.0,15.0,1.0,6.0
535,26.0,10.0,17.0,5.0,7.0,6.0,18.0,11.0,10.0
536,23.0,8.0,14.0,7.0,1.0,8.0,16.0,6.0,8.0
537,18.0,12.0,17.0,5.0,3.0,3.0,20.0,7.0,7.0
538,13.0,12.0,13.0,7.0,2.0,4.0,18.0,9.0,3.0
539,23.0,12.0,19.0,8.0,4.0,6.0,22.0,7.0,7.0
540,25.0,8.0,22.0,6.0,3.0,3.0,11.0,3.0,7.0
541,21.0,10.0,20.0,7.0,4.0,4.0,17.0,5.0,7.0
542,25.0,11.0,21.0,4.0,4.0,2.0,26.0,5.0,4.0
543,22.0,11.0,15.0,3.0,2.0,5.0,17.0,9.0,5.0
544,20.0,10.0,16.0,5.0,3.0,5.0,16.0,10.0,5.0
545,17.0,12.0,16.0,4.0,1.0,5.0,24.0,6.0,6.0
546,12.0,7.0,21.0,9.0,3.0,4.0,21.0,3.0,6.0
547,20.0,15.0,11.0,3.0,3.0,4.0,19.0,5.0,4.0
548,22.0,14.0,15.0,5.0,4.0,2.0,15.0,3.0,5.0
549,16.0,8.0,12.0,13.0,1.0,4.0,24.0,5.0,6.0
550,8.0,7.0,21.0,2.0,2.0,1.0,15.0,8.0,11.0
551,22.0,12.0,15.0,10.0,5.0,4.0,18.0,4.0,3.0
552,13.0,14.0,12.0,4.0,1.0,7.0,14.0,5.0,4.0
553,26.0,6.0,19.0,6.0,4.0,2.0,21.0,6.0,9.0
554,15.0,6.0,14.0,3.0,5.0,10.0,18.0,17.0,5.0
555,12.0,10.0,11.0,5.0,3.0,6.0,20.0,11.0,7.0
556,16.0,8.0,22.0,3.0,5.0,9.0,15.0,3.0,3.0
557,19.0,6.0,12.0,4.0,6.0,7.0,19.0,10.0,9.0
558,16.0,11.0,21.0,8.0,5.0,11.0,23.0,7.0,8.0
559,24.0,9.0,15.0,3.0,1.0,7.0,22.0,7.0,5.0
560,24.0,9.0,19.0,7.0,2.0,7.0,19.0,7.0,10.0
561,20.0,10.0,20.0,7.0,4.0,8.0,16.0,7.0,6.0
562,16.0,15.0,16.0,4.0,5.0,3.0,18.0,6.0,4.0
563,20.0,13.0,22.0,10.0,4.0,3.0,23.0,3.0,4.0
564,21.0,16.0,21.0,5.0,1.0,2.0,12.0,8.0,5.0
565,24.0,18.0,19.0,6.0,4.0,4.0,16.0,5.0,9.0
566,22.0,13.0,28.0,6.0,5.0,7.0,14.0,9.0,9.0
567,19.0,10.0,24.0,3.0,3.0,2.0,25.0,4.0,6.0
568,14.0,13.0,17.0,8.0,5.0,8.0,16.0,7.0,7.0
569,21.0,7.0,12.0,3.0,6.0,6.0,16.0,8.0,8.0
570,17.0,10.0,18.0,5.0,9.0,3.0,17.0,10.0,6.0
571,19.0,5.0,14.0,9.0,4.0,3.0,22.0,11.0,3.0
572,17.0,11.0,10.0,14.0,2.0,5.0,25.0,1.0,8.0
573,14.0,6.0,13.0,9.0,3.0,4.0,12.0,3.0,4.0
574,16.0,13.0,17.0,6.0,5.0,2.0,18.0,9.0,11.0
575,21.0,17.0,15.0,7.0,1.0,2.0,32.0,11.0,10.0
576,21.0,9.0,13.0,6.0,2.0,2.0,11.0,9.0,6.0
577,21.0,8.0,18.0,5.0,4.0,3.0,16.0,4.0,8.0
578,19.0,7.0,12.0,7.0,3.0,3.0,21.0,5.0,4.0
579,16.0,12.0,22.0,3.0,2.0,4.0,19.0,10.0,5.0
580,18.0,16.0,15.0,8.0,5.0,6.0,21.0,7.0,7.0
581,21.0,14.0,23.0,7.0,4.0,1.0,22.0,5.0,5.0
582,18.0,11.0,22.0,5.0,1.0,3.0,15.0,5.0,9.0
583,22.0,12.0,16.0,5.0,4.0,10.0,17.0,5.0,15.0
584,13.0,12.0,18.0,5.0,2.0,3.0,13.0,4.0,5.0
585,12.0,12.0,10.0,4.0,1.0,7.0,13.0,9.0,7.0
586,17.0,10.0,15.0,7.0,2.0,0.0,9.0,10.0,8.0
587,21.0,10.0,22.0,5.0,4.0,9.0,16.0,6.0,12.0
588,22.0,8.0,18.0,6.0,2.0,5.0,20.0,12.0,7.0
589,22.0,19.0,15.0,3.0,1.0,9.0,16.0,7.0,8.0
590,18.0,6.0,18.0,12.0,6.0,7.0,12.0,4.0,5.0
591,15.0,10.0,9.0,6.0,6.0,5.0,18.0,3.0,4.0
592,22.0,15.0,16.0,6.0,2.0,4.0,16.0,6.0,7.0
593,21.0,10.0,17.0,4.0,4.0,1.0,18.0,3.0,4.0
594,20.0,5.0,18.0,6.0,1.0,3.0,15.0,8.0,7.0
595,18.0,8.0,16.0,4.0,6.0,4.0,8.0,6.0,4.0
596,17.0,7.0,9.0,12.0,1.0,9.0,15.0,6.0,5.0
597,19.0,12.0,15.0,5.0,3.0,1.0,14.0,8.0,4.0
598,23.0,16.0,15.0,4.0,3.0,4.0,21.0,4.0,5.0
599,17.0,13.0,16.0,5.0,4.0,5.0,14.0,5.0,7.0
600,17.0,5.0,14.0,3.0,3.0,6.0,12.0,3.0,3.0
601,17.0,17.0,13.0,5.0,2.0,8.0,13.0,2.0,4.0
602,20.0,15.0,15.0,8.0,4.0,5.0,20.0,9.0,7.0
603,14.0,8.0,17.0,8.0,1.0,6.0,20.0,4.0,7.0
604,17.0,10.0,10.0,4.0,2.0,2.0,20.0,4.0,3.0
605,17.0,9.0,16.0,5.0,4.0,7.0,20.0,3.0,3.0
606,14.0,15.0,11.0,5.0,3.0,6.0,28.0,7.0,2.0
607,13.0,8.0,16.0,5.0,4.0,5.0,22.0,8.0,2.0
608,21.0,11.0,14.0,8.0,0.0,2.0,18.0,7.0,5.0
609,23.0,9.0,20.0,3.0,1.0,2.0,19.0,7.0,7.0
610,24.0,12.0,19.0,5.0,1.0,3.0,19.0,5.0,5.0
611,20.0,5.0,12.0,3.0,1.0,4.0,20.0,10.0,8.0
612,21.0,7.0,17.0,4.0,3.0,1.0,23.0,8.0,5.0
613,25.0,9.0,20.0,9.0,7.0,5.0,23.0,3.0,6.0
614,19.0,10.0,28.0,7.0,2.0,4.0,14.0,7.0,2.0
615,17.0,7.0,22.0,3.0,2.0,3.0,19.0,5.0,3.0
616,10.0,7.0,18.0,7.0,3.0,3.0,13.0,11.0,3.0
617,17.0,9.0,20.0,11.0,4.0,7.0,16.0,5.0,0.0
618,14.0,13.0,12.0,8.0,3.0,4.0,24.0,3.0,6.0
619,13.0,11.0,8.0,4.0,8.0,4.0,32.0,9.0,5.0
620,16.0,10.0,22.0,7.0,7.0,3.0,17.0,7.0,6.0
621,15.0,10.0,12.0,7.0,1.0,2.0,20.0,5.0,4.0
622,19.0,6.0,14.0,4.0,4.0,9.0,15.0,6.0,5.0
623,24.0,19.0,17.0,12.0,2.0,3.0,15.0,5.0,1.0
624,16.0,10.0,14.0,4.0,4.0,2.0,22.0,5.0,2.0
625,23.0,13.0,16.0,6.0,1.0,4.0,21.0,12.0,6.0
626,19.0,10.0,10.0,4.0,3.0,4.0,19.0,7.0,2.0
627,13.0,11.0,16.0,2.0,5.0,7.0,16.0,5.0,5.0
628,22.0,10.0,16.0,6.0,3.0,11.0,23.0,7.0,3.0
629,15.0,12.0,21.0,7.0,6.0,6.0,19.0,5.0,3.0
630,15.0,9.0,10.0,7.0,6.0,9.0,23.0,5.0,5.0
631,13.0,18.0,14.0,4.0,8.0,2.0,19.0,6.0,4.0
632,20.0,9.0,20.0,8.0,3.0,3.0,20.0,7.0,5.0
633,25.0,12.0,8.0,7.0,4.0,7.0,22.0,9.0,9.0
634,22.0,9.0,14.0,5.0,4.0,4.0,21.0,16.0,2.0
635,17.0,14.0,19.0,6.0,6.0,4.0,14.0,5.0,6.0
636,17.0,14.0,22.0,7.0,4.0,4.0,14.0,7.0,5.0
637,22.0,7.0,16.0,6.0,5.0,7.0,25.0,8.0,5.0
638,15.0,10.0,13.0,5.0,8.0,5.0,18.0,8.0,3.0
639,20.0,11.0,19.0,5.0,7.0,4.0,18.0,5.0,9.0
640,18.0,5.0,13.0,4.0,4.0,4.0,20.0,6.0,5.0
641,16.0,11.0,19.0,5.0,4.0,6.0,16.0,7.0,4.0
642,15.0,13.0,22.0,5.0,1.0,7.0,21.0,5.0,7.0
643,17.0,13.0,22.0,5.0,3.0,7.0,24.0,5.0,7.0
644,24.0,3.0,20.0,3.0,2.0,5.0,13.0,13.0,3.0
645,23.0,5.0,17.0,8.0,6.0,5.0,17.0,6.0,1.0
646,16.0,15.0,18.0,4.0,2.0,4.0,27.0,5.0,4.0
647,26.0,13.0,11.0,5.0,6.0,3.0,25.0,11.0,4.0
648,11.0,6.0,16.0,3.0,3.0,4.0,18.0,5.0,10.0
649,17.0,7.0,26.0,10.0,4.0,6.0,24.0,15.0,2.0
650,15.0,13.0,15.0,9.0,2.0,6.0,13.0,12.0,3.0
651,17.0,8.0,14.0,7.0,4.0,10.0,17.0,11.0,4.0
652,20.0,10.0,15.0,4.0,2.0,4.0,20.0,5.0,2.0
653,10.0,11.0,15.0,6.0,3.0,3.0,22.0,5.0,7.0
654,13.0,8.0,16.0,5.0,5.0,5.0,20.0,4.0,3.0
655,18.0,8.0,9.0,10.0,4.0,5.0,19.0,8.0,8.0
656,15.0,10.0,12.0,5.0,2.0,5.0,23.0,6.0,7.0
657,15.0,10.0,19.0,5.0,4.0,4.0,22.0,6.0,5.0
658,17.0,9.0,12.0,11.0,2.0,2.0,17.0,8.0,8.0
659,17.0,14.0,21.0,7.0,1.0,7.0,16.0,11.0,5.0
660,24.0,7.0,15.0,9.0,5.0,5.0,20.0,7.0,3.0
661,17.0,14.0,14.0,5.0,4.0,6.0,13.0,3.0,8.0
662,22.0,8.0,23.0,12.0,2.0,3.0,22.0,8.0,3.0
663,16.0,13.0,19.0,5.0,5.0,7.0,18.0,5.0,2.0
664,16.0,11.0,20.0,8.0,4.0,7.0,19.0,8.0,3.0
665,19.0,9.0,9.0,6.0,2.0,8.0,18.0,5.0,4.0
666,16.0,15.0,19.0,7.0,0.0,8.0,20.0,8.0,4.0
667,21.0,13.0,20.0,4.0,4.0,7.0,19.0,7.0,7.0
668,9.0,15.0,7.0,5.0,7.0,3.0,20.0,16.0,3.0
669,24.0,13.0,18.0,12.0,3.0,3.0,25.0,12.0,3.0
670,15.0,12.0,13.0,5.0,5.0,6.0,21.0,6.0,11.0
671,24.0,4.0,19.0,7.0,5.0,9.0,18.0,13.0,6.0
672,22.0,8.0,19.0,7.0,4.0,4.0,21.0,10.0,4.0
673,19.0,1.0,22.0,4.0,5.0,6.0,18.0,10.0,10.0
674,18.0,4.0,16.0,5.0,0.0,9.0,22.0,9.0,4.0
675,17.0,17.0,15.0,2.0,3.0,2.0,19.0,12.0,8.0
676,14.0,13.0,15.0,4.0,2.0,6.0,15.0,6.0,11.0
677,18.0,12.0,18.0,7.0,4.0,8.0,22.0,13.0,6.0
678,21.0,15.0,18.0,2.0,1.0,7.0,23.0,5.0,7.0
679,17.0,10.0,21.0,5.0,3.0,2.0,19.0,7.0,11.0
680,15.0,8.0,10.0,3.0,2.0,8.0,20.0,9.0,8.0
681,24.0,18.0,27.0,3.0,2.0,9.0,21.0,6.0,6.0
682,18.0,10.0,18.0,6.0,4.0,1.0,26.0,6.0,11.0
683,17.0,11.0,24.0,3.0,3.0,2.0,20.0,5.0,7.0
684,15.0,12.0,21.0,6.0,5.0,3.0,14.0,7.0,9.0
685,18.0,6.0,22.0,1.0,2.0,5.0,16.0,2.0,7.0
686,12.0,4.0,19.0,9.0,2.0,3.0,13.0,5.0,6.0
687,19.0,4.0,16.0,6.0,3.0,6.0,16.0,11.0,7.0
688,20.0,9.0,16.0,6.0,2.0,4.0,18.0,6.0,5.0
689,18.0,6.0,12.0,5.0,2.0,5.0,22.0,8.0,4.0
690,8.0,10.0,13.0,8.0,4.0,2.0,14.0,8.0,4.0
691,18.0,9.0,17.0,3.0,4.0,4.0,22.0,6.0,6.0
692,22.0,4.0,15.0,3.0,2.0,5.0,22.0,5.0,8.0
693,26.0,16.0,20.0,2.0,1.0,7.0,13.0,5.0,8.0
694,13.0,11.0,15.0,7.0,2.0,7.0,17.0,8.0,4.0
695,16.0,7.0,19.0,9.0,2.0,6.0,26.0,6.0,5.0
696,22.0,14.0,22.0,2.0,4.0,3.0,12.0,3.0,7.0
697,17.0,16.0,14.0,3.0,7.0,3.0,19.0,9.0,3.0
698,21.0,12.0,16.0,9.0,0.0,5.0,21.0,10.0,5.0
699,18.0,15.0,18.0,5.0,3.0,5.0,11.0,10.0,3.0
700,19.0,14.0,21.0,8.0,6.0,0.0,17.0,7.0,3.0
701,24.0,9.0,12.0,3.0,4.0,4.0,19.0,6.0,5.0
702,17.0,11.0,11.0,7.0,1.0,2.0,16.0,8.0,1.0
703,16.0,6.0,18.0,7.0,3.0,8.0,28.0,6.0,3.0
704,13.0,9.0,18.0,2.0,2.0,5.0,22.0,9.0,5.0
705,15.0,10.0,21.0,9.0,1.0,5.0,20.0,7.0,7.0
706,19.0,7.0,14.0,9.0,0.0,7.0,19.0,5.0,4.0
707,20.0,6.0,27.0,5.0,5.0,4.0,22.0,6.0,6.0
708,14.0,9.0,19.0,9.0,1.0,3.0,19.0,6.0,2.0
709,20.0,7.0,10.0,4.0,1.0,3.0,15.0,5.0,2.0
710,17.0,10.0,21.0,3.0,2.0,9.0,10.0,8.0,3.0
711,15.0,11.0,13.0,2.0,2.0,4.0,20.0,7.0,3.0
712,17.0,9.0,10.0,8.0,0.0,5.0,13.0,7.0,7.0
713,21.0,10.0,17.0,6.0,2.0,4.0,24.0,7.0,2.0
714,17.0,8.0,21.0,3.0,1.0,5.0,10.0,5.0,2.0
715,19.0,9.0,15.0,4.0,1.0,6.0,16.0,2.0,3.0
716,16.0,9.0,15.0,6.0,0.0,5.0,19.0,7.0,2.0
717,13.0,10.0,13.0,2.0,1.0,8.0,23.0,8.0,3.0
718,13.0,8.0,18.0,2.0,2.0,3.0,31.0,3.0,5.0
719,18.0,12.0,16.0,10.0,1.0,6.0,15.0,5.0,4.0
720,19.0,8.0,21.0,8.0,3.0,4.0,19.0,8.0,4.0
721,12.0,11.0,13.0,4.0,2.0,2.0,16.0,4.0,4.0
722,21.0,11.0,16.0,6.0,2.0,3.0,20.0,8.0,5.0
723,21.0,9.0,16.0,1.0,3.0,4.0,17.0,10.0,1.0
724,16.0,10.0,23.0,5.0,2.0,5.0,23.0,5.0,5.0
725,14.0,10.0,16.0,7.0,5.0,5.0,18.0,8.0,2.0
726,26.0,7.0,21.0,9.0,1.0,11.0,21.0,9.0,3.0
727,15.0,14.0,14.0,5.0,0.0,2.0,17.0,9.0,6.0
728,18.0,8.0,20.0,5.0,3.0,6.0,20.0,5.0,0.0
729,24.0,8.0,15.0,2.0,6.0,6.0,27.0,3.0,3.0
730,23.0,11.0,14.0,8.0,4.0,3.0,13.0,10.0,3.0
731,19.0,13.0,26.0,6.0,2.0,3.0,16.0,10.0,3.0
732,21.0,7.0,11.0,2.0,3.0,2.0,16.0,9.0,4.0
733,23.0,5.0,22.0,8.0,1.0,2.0,19.0,7.0,6.0
734,19.0,11.0,18.0,4.0,1.0,2.0,17.0,5.0,3.0
735,22.0,8.0,19.0,8.0,4.0,5.0,19.0,4.0,3.0
736,24.0,8.0,16.0,5.0,3.0,3.0,16.0,6.0,8.0
737,6.0,8.0,16.0,4.0,7.0,5.0,15.0,6.0,3.0
738,9.0,6.0,21.0,4.0,4.0,3.0,15.0,10.0,10.0
739,17.0,11.0,31.0,6.0,3.0,3.0,29.0,4.0,4.0
740,16.0,10.0,22.0,4.0,3.0,7.0,21.0,7.0,4.0
741,23.0,10.0,18.0,4.0,2.0,3.0,18.0,12.0,5.0
742,17.0,4.0,9.0,6.0,1.0,2.0,20.0,5.0,1.0
743,21.0,8.0,15.0,2.0,3.0,6.0,15.0,8.0,1.0
744,19.0,8.0,20.0,5.0,2.0,5.0,20.0,5.0,4.0
745,10.0,7.0,18.0,5.0,4.0,4.0,25.0,7.0,1.0
746,21.0,9.0,15.0,6.0,3.0,8.0,19.0,3.0,4.0
747,17.0,10.0,20.0,6.0,4.0,2.0,14.0,5.0,5.0
748,9.0,10.0,19.0,5.0,2.0,4.0,21.0,8.0,3.0
749,11.0,9.0,23.0,9.0,3.0,4.0,16.0,7.0,4.0
750,12.0,8.0,14.0,8.0,3.0,4.0,21.0,7.0,6.0
751,18.0,8.0,16.0,3.0,1.0,5.0,18.0,5.0,2.0
752,20.0,9.0,21.0,5.0,1.0,6.0,16.0,7.0,2.0
753,13.0,8.0,20.0,8.0,4.0,5.0,12.0,3.0,2.0
754,13.0,8.0,13.0,6.0,1.0,6.0,13.0,7.0,8.0
755,16.0,13.0,16.0,3.0,3.0,2.0,10.0,5.0,3.0
756,13.0,9.0,17.0,4.0,5.0,3.0,17.0,2.0,2.0
757,9.0,7.0,18.0,6.0,3.0,6.0,15.0,4.0,5.0
758,17.0,9.0,10.0,6.0,3.0,4.0,16.0,7.0,6.0
759,5.0,8.0,18.0,8.0,4.0,5.0,18.0,4.0,5.0
760,12.0,10.0,22.0,6.0,3.0,7.0,19.0,6.0,8.0
761,15.0,4.0,12.0,7.0,3.0,6.0,16.0,6.0,4.0
762,22.0,7.0,14.0,5.0,5.0,12.0,21.0,6.0,11.0
763,12.0,4.0,17.0,5.0,1.0,4.0,22.0,5.0,7.0
764,17.0,11.0,7.0,9.0,4.0,7.0,17.0,4.0,2.0
765,17.0,6.0,15.0,5.0,5.0,7.0,18.0,8.0,9.0
766,16.0,11.0,18.0,5.0,3.0,2.0,13.0,2.0,10.0
767,16.0,10.0,15.0,8.0,5.0,7.0,17.0,9.0,8.0
768,18.0,8.0,14.0,5.0,3.0,6.0,15.0,3.0,3.0
769,13.0,12.0,15.0,9.0,3.0,4.0,27.0,5.0,5.0
770,11.0,9.0,10.0,8.0,5.0,3.0,21.0,6.0,7.0
771,14.0,7.0,11.0,3.0,4.0,4.0,15.0,5.0,3.0
772,12.0,6.0,16.0,0.0,0.0,1.0,9.0,7.0,2.0
773,16.0,12.0,22.0,5.0,3.0,1.0,14.0,7.0,4.0
774,18.0,10.0,14.0,7.0,3.0,1.0,21.0,7.0,2.0
775,22.0,15.0,27.0,5.0,3.0,3.0,23.0,6.0,5.0
776,16.0,8.0,14.0,4.0,1.0,5.0,20.0,3.0,3.0
777,17.0,10.0,17.0,5.0,2.0,3.0,19.0,8.0,3.0
778,10.0,6.0,16.0,5.0,4.0,3.0,22.0,3.0,3.0
779,16.0,5.0,12.0,11.0,3.0,4.0,20.0,9.0,4.0
780,13.0,10.0,17.0,9.0,2.0,4.0,16.0,9.0,1.0
781,18.0,13.0,14.0,4.0,4.0,4.0,22.0,3.0,2.0
782,13.0,7.0,16.0,3.0,2.0,5.0,12.0,7.0,9.0
783,15.0,10.0,15.0,6.0,1.0,3.0,19.0,3.0,5.0
784,17.0,6.0,20.0,6.0,4.0,8.0,20.0,7.0,3.0
785,9.0,16.0,23.0,3.0,0.0,5.0,15.0,4.0,3.0
786,6.0,7.0,12.0,5.0,1.0,6.0,16.0,7.0,6.0
787,13.0,8.0,18.0,2.0,2.0,5.0,14.0,5.0,3.0
788,9.0,8.0,19.0,6.0,3.0,5.0,14.0,10.0,5.0
789,13.0,9.0,16.0,6.0,2.0,2.0,12.0,5.0,0.0
790,7.0,9.0,28.0,4.0,4.0,4.0,17.0,2.0,3.0
791,17.0,12.0,12.0,3.0,2.0,4.0,19.0,7.0,4.0
792,15.0,13.0,11.0,9.0,1.0,3.0,17.0,6.0,8.0
793,16.0,5.0,22.0,7.0,2.0,7.0,21.0,9.0,9.0
794,14.0,11.0,22.0,5.0,4.0,2.0,16.0,9.0,5.0
795,18.0,7.0,15.0,7.0,2.0,6.0,18.0,8.0,6.0
796,8.0,5.0,15.0,3.0,0.0,5.0,13.0,10.0,10.0
797,10.0,8.0,23.0,3.0,1.0,5.0,14.0,1.0,5.0
798,14.0,9.0,8.0,6.0,4.0,1.0,12.0,2.0,9.0
799,11.0,11.0,21.0,8.0,4.0,3.0,17.0,9.0,7.0
800,18.0,11.0,12.0,6.0,1.0,4.0,17.0,5.0,5.0
801,11.0,6.0,12.0,4.0,1.0,8.0,22.0,8.0,5.0
802,13.0,9.0,18.0,1.0,4.0,2.0,17.0,5.0,4.0
803,22.0,10.0,18.0,3.0,1.0,3.0,18.0,5.0,3.0
804,13.0,8.0,15.0,5.0,1.0,3.0,16.0,5.0,3.0
805,22.0,7.0,21.0,3.0,2.0,5.0,19.0,3.0,5.0
806,16.0,7.0,21.0,5.0,4.0,5.0,16.0,4.0,2.0
807,8.0,6.0,16.0,3.0,3.0,4.0,12.0,7.0,3.0
808,15.0,6.0,13.0,3.0,3.0,7.0,13.0,12.0,1.0
809,13.0,11.0,18.0,7.0,4.0,5.0,17.0,3.0,9.0
810,17.0,6.0,13.0,6.0,2.0,6.0,20.0,4.0,2.0
811,11.0,2.0,17.0,5.0,0.0,6.0,20.0,6.0,8.0
812,11.0,7.0,14.0,3.0,3.0,6.0,14.0,4.0,10.0
813,17.0,6.0,13.0,3.0,5.0,3.0,23.0,6.0,7.0
814,11.0,13.0,14.0,5.0,4.0,5.0,14.0,9.0,5.0
815,12.0,8.0,11.0,5.0,0.0,2.0,17.0,3.0,3.0
816,18.0,15.0,16.0,9.0,3.0,4.0,17.0,7.0,8.0
817,10.0,7.0,9.0,4.0,1.0,3.0,17.0,7.0,4.0
818,18.0,9.0,22.0,5.0,1.0,4.0,19.0,3.0,2.0
819,15.0,9.0,19.0,10.0,2.0,3.0,16.0,6.0,4.0
820,12.0,6.0,12.0,7.0,3.0,1.0,15.0,4.0,7.0
821,10.0,10.0,15.0,8.0,2.0,2.0,14.0,4.0,6.0
822,18.0,14.0,14.0,6.0,3.0,3.0,12.0,8.0,4.0
823,10.0,4.0,9.0,7.0,4.0,2.0,14.0,5.0,7.0
824,12.0,9.0,10.0,4.0,0.0,7.0,12.0,6.0,6.0
825,9.0,2.0,21.0,3.0,3.0,4.0,18.0,1.0,1.0
826,19.0,12.0,14.0,10.0,2.0,5.0,20.0,4.0,3.0
827,15.0,10.0,9.0,1.0,1.0,1.0,26.0,9.0,5.0
828,9.0,6.0,25.0,5.0,2.0,2.0,19.0,5.0,6.0
829,14.0,9.0,13.0,3.0,2.0,3.0,16.0,7.0,4.0
830,16.0,8.0,13.0,5.0,4.0,3.0,16.0,8.0,4.0
831,12.0,8.0,12.0,4.0,1.0,1.0,19.0,5.0,2.0
832,11.0,7.0,13.0,1.0,3.0,2.0,22.0,4.0,5.0
833,16.0,7.0,17.0,5.0,3.0,2.0,15.0,4.0,3.0
834,17.0,10.0,21.0,1.0,2.0,4.0,15.0,4.0,2.0
835,18.0,9.0,23.0,7.0,2.0,4.0,15.0,4.0,6.0
836,12.0,20.0,12.0,2.0,0.0,5.0,12.0,8.0,5.0
837,8.0,9.0,15.0,5.0,2.0,4.0,15.0,8.0,5.0
838,9.0,12.0,15.0,3.0,1.0,3.0,12.0,4.0,1.0
839,12.0,12.0,17.0,7.0,1.0,1.0,27.0,4.0,2.0
840,8.0,8.0,16.0,3.0,3.0,5.0,14.0,3.0,4.0
841,13.0,6.0,18.0,11.0,2.0,5.0,18.0,6.0,5.0
842,12.0,9.0,20.0,8.0,0.0,2.0,22.0,7.0,4.0
843,15.0,10.0,19.0,6.0,6.0,3.0,19.0,14.0,2.0
844,13.0,11.0,15.0,2.0,3.0,5.0,17.0,5.0,6.0
845,12.0,13.0,14.0,3.0,0.0,4.0,15.0,7.0,1.0
846,5.0,11.0,18.0,3.0,3.0,6.0,22.0,9.0,4.0
847,13.0,11.0,18.0,10.0,5.0,9.0,19.0,6.0,3.0
848,12.0,5.0,19.0,8.0,2.0,8.0,20.0,8.0,2.0
849,10.0,10.0,16.0,9.0,2.0,4.0,9.0,2.0,6.0
850,8.0,9.0,15.0,7.0,6.0,8.0,18.0,13.0,11.0
851,11.0,7.0,13.0,4.0,1.0,7.0,17.0,5.0,1.0
852,14.0,5.0,13.0,5.0,1.0,5.0,23.0,5.0,5.0
853,9.0,7.0,20.0,5.0,2.0,0.0,18.0,12.0,5.0
854,17.0,6.0,15.0,14.0,4.0,3.0,14.0,5.0,6.0
855,7.0,6.0,11.0,5.0,4.0,2.0,16.0,4.0,4.0
856,13.0,9.0,15.0,5.0,1.0,7.0,16.0,6.0,5.0
857,20.0,11.0,17.0,10.0,5.0,9.0,12.0,7.0,3.0
858,12.0,8.0,15.0,6.0,5.0,6.0,11.0,7.0,6.0
859,15.0,12.0,15.0,11.0,1.0,7.0,17.0,6.0,7.0
860,9.0,13.0,22.0,5.0,3.0,8.0,19.0,1.0,3.0
861,5.0,15.0,12.0,6.0,1.0,4.0,7.0,7.0,3.0
862,16.0,9.0,24.0,6.0,3.0,4.0,17.0,5.0,4.0
863,14.0,5.0,15.0,9.0,8.0,5.0,18.0,2.0,4.0
864,21.0,11.0,21.0,4.0,2.0,4.0,20.0,4.0,5.0
865,11.0,6.0,19.0,11.0,7.0,4.0,21.0,7.0,5.0
866,13.0,12.0,17.0,10.0,3.0,4.0,19.0,3.0,3.0
867,19.0,9.0,14.0,12.0,3.0,2.0,26.0,8.0,6.0
868,9.0,10.0,16.0,8.0,6.0,2.0,26.0,7.0,5.0
869,11.0,13.0,14.0,5.0,4.0,3.0,19.0,11.0,5.0
870,16.0,13.0,20.0,10.0,1.0,3.0,17.0,10.0,2.0
871,14.0,12.0,9.0,13.0,1.0,7.0,11.0,7.0,4.0
872,13.0,11.0,20.0,13.0,3.0,5.0,15.0,11.0,4.0
873,6.0,15.0,20.0,7.0,5.0,2.0,17.0,2.0,7.0
874,12.0,15.0,16.0,10.0,4.0,6.0,16.0,10.0,4.0
875,13.0,13.0,20.0,14.0,2.0,5.0,21.0,4.0,9.0
876,6.0,7.0,25.0,10.0,4.0,3.0,13.0,13.0,4.0
877,11.0,8.0,15.0,12.0,2.0,5.0,20.0,13.0,6.0
878,7.0,9.0,22.0,11.0,0.0,8.0,18.0,13.0,3.0
879,13.0,3.0,11.0,4.0,2.0,5.0,19.0,11.0,3.0
880,17.0,8.0,18.0,8.0,3.0,2.0,22.0,11.0,4.0
881,13.0,14.0,16.0,4.0,4.0,6.0,24.0,7.0,4.0
882,14.0,12.0,15.0,9.0,4.0,5.0,11.0,9.0,7.0
883,11.0,10.0,22.0,9.0,1.0,5.0,20.0,9.0,5.0
884,12.0,7.0,19.0,9.0,4.0,7.0,15.0,9.0,3.0
885,13.0,8.0,20.0,9.0,1.0,8.0,18.0,10.0,3.0
886,12.0,12.0,19.0,10.0,1.0,7.0,11.0,4.0,6.0
887,13.0,9.0,13.0,1.0,0.0,6.0,15.0,7.0,4.0
888,9.0,7.0,13.0,2.0,3.0,2.0,21.0,8.0,3.0
889,13.0,13.0,17.0,5.0,2.0,4.0,16.0,5.0,1.0
890,12.0,6.0,13.0,9.0,2.0,8.0,14.0,10.0,7.0
891,15.0,8.0,17.0,3.0,6.0,6.0,9.0,5.0,4.0
892,11.0,7.0,21.0,6.0,4.0,2.0,11.0,0.0,7.0
893,12.0,14.0,13.0,4.0,2.0,4.0,14.0,5.0,5.0
894,10.0,8.0,14.0,3.0,1.0,9.0,23.0,4.0,2.0
895,14.0,5.0,20.0,7.0,3.0,10.0,18.0,12.0,1.0
896,6.0,16.0,12.0,7.0,3.0,6.0,12.0,8.0,5.0
897,11.0,10.0,15.0,3.0,0.0,3.0,17.0,15.0,4.0
898,8.0,6.0,15.0,10.0,3.0,4.0,19.0,16.0,1.0
899,11.0,9.0,18.0,5.0,2.0,4.0,21.0,16.0,9.0
900,7.0,7.0,12.0,7.0,3.0,3.0,23.0,7.0,4.0
901,20.0,7.0,13.0,7.0,3.0,4.0,27.0,8.0,3.0
902,18.0,9.0,13.0,7.0,1.0,5.0,18.0,6.0,5.0
903,11.0,8.0,10.0,3.0,3.0,3.0,15.0,6.0,4.0
904,8.0,8.0,14.0,8.0,2.0,3.0,14.0,7.0,4.0
905,16.0,10.0,23.0,11.0,3.0,1.0,16.0,3.0,4.0
906,14.0,9.0,16.0,10.0,0.0,4.0,16.0,7.0,6.0
907,16.0,6.0,11.0,8.0,3.0,8.0,15.0,10.0,5.0
908,5.0,10.0,15.0,7.0,1.0,6.0,6.0,8.0,6.0
909,14.0,7.0,11.0,4.0,4.0,8.0,22.0,6.0,4.0
910,14.0,7.0,14.0,5.0,6.0,3.0,19.0,5.0,1.0
911,13.0,6.0,11.0,11.0,4.0,4.0,19.0,7.0,4.0
912,11.0,7.0,18.0,6.0,1.0,7.0,12.0,6.0,3.0
913,15.0,10.0,18.0,8.0,8.0,2.0,13.0,7.0,9.0
914,17.0,6.0,17.0,3.0,5.0,10.0,20.0,7.0,4.0
915,16.0,7.0,18.0,2.0,4.0,2.0,15.0,5.0,6.0
916,9.0,8.0,13.0,6.0,2.0,2.0,17.0,7.0,1.0
917,11.0,5.0,22.0,4.0,2.0,5.0,13.0,8.0,5.0
918,8.0,11.0,15.0,13.0,2.0,5.0,24.0,10.0,1.0
919,7.0,8.0,12.0,17.0,3.0,1.0,14.0,5.0,4.0
920,8.0,14.0,6.0,14.0,1.0,2.0,29.0,7.0,4.0
921,11.0,6.0,9.0,15.0,4.0,9.0,25.0,12.0,6.0
922,12.0,7.0,8.0,13.0,3.0,5.0,30.0,10.0,4.0
923,10.0,5.0,23.0,8.0,7.0,6.0,15.0,8.0,4.0
924,4.0,6.0,9.0,10.0,2.0,8.0,9.0,4.0,9.0
925,13.0,10.0,17.0,12.0,4.0,2.0,21.0,2.0,2.0
926,11.0,12.0,14.0,9.0,5.0,5.0,30.0,10.0,3.0
927,8.0,6.0,27.0,8.0,1.0,5.0,23.0,10.0,5.0
928,10.0,11.0,20.0,5.0,0.0,5.0,22.0,9.0,4.0
929,12.0,6.0,20.0,13.0,10.0,1.0,27.0,7.0,0.0
930,10.0,12.0,17.0,16.0,6.0,2.0,25.0,9.0,6.0
931,16.0,13.0,18.0,13.0,7.0,5.0,18.0,6.0,8.0
932,12.0,7.0,14.0,11.0,1.0,3.0,22.0,11.0,6.0
933,17.0,8.0,13.0,9.0,2.0,2.0,19.0,8.0,8.0
934,12.0,14.0,14.0,6.0,5.0,6.0,17.0,6.0,2.0
935,11.0,9.0,15.0,5.0,7.0,2.0,19.0,6.0,2.0
936,11.0,12.0,18.0,3.0,2.0,0.0,17.0,4.0,8.0
937,10.0,7.0,22.0,6.0,4.0,6.0,23.0,3.0,5.0
938,16.0,13.0,21.0,4.0,6.0,5.0,24.0,8.0,3.0
939,6.0,4.0,15.0,4.0,2.0,5.0,21.0,12.0,2.0
940,11.0,10.0,16.0,8.0,3.0,7.0,19.0,9.0,6.0
941,15.0,11.0,12.0,8.0,2.0,5.0,19.0,9.0,5.0
942,18.0,6.0,19.0,11.0,4.0,5.0,24.0,10.0,10.0
943,12.0,11.0,21.0,2.0,6.0,5.0,22.0,4.0,6.0
944,5.0,2.0,17.0,6.0,1.0,5.0,13.0,7.0,3.0
945,5.0,9.0,13.0,4.0,3.0,2.0,22.0,5.0,2.0
946,9.0,11.0,19.0,6.0,1.0,11.0,11.0,11.0,3.0
947,8.0,11.0,16.0,8.0,3.0,7.0,13.0,7.0,5.0
948,12.0,11.0,18.0,8.0,12.0,4.0,27.0,6.0,8.0
949,10.0,9.0,15.0,8.0,4.0,5.0,17.0,9.0,0.0
950,11.0,6.0,14.0,10.0,2.0,5.0,17.0,6.0,6.0
951,5.0,11.0,12.0,10.0,7.0,7.0,19.0,8.0,3.0
952,14.0,12.0,17.0,5.0,5.0,6.0,28.0,7.0,4.0
953,10.0,11.0,21.0,4.0,1.0,8.0,13.0,8.0,4.0
954,7.0,10.0,10.0,9.0,5.0,5.0,15.0,10.0,7.0
955,7.0,18.0,16.0,5.0,1.0,2.0,13.0,8.0,5.0
956,12.0,9.0,25.0,5.0,1.0,7.0,13.0,10.0,3.0
957,10.0,10.0,21.0,9.0,3.0,5.0,21.0,4.0,5.0
958,6.0,8.0,21.0,14.0,1.0,9.0,27.0,9.0,8.0
959,10.0,13.0,15.0,8.0,4.0,6.0,16.0,5.0,4.0
960,10.0,15.0,9.0,6.0,1.0,4.0,23.0,9.0,7.0
961,11.0,8.0,11.0,3.0,4.0,4.0,31.0,3.0,3.0
962,9.0,8.0,12.0,4.0,2.0,8.0,17.0,5.0,4.0
963,10.0,6.0,21.0,5.0,4.0,5.0,30.0,8.0,7.0
964,11.0,10.0,16.0,6.0,1.0,5.0,17.0,8.0,4.0
965,12.0,10.0,11.0,9.0,5.0,2.0,18.0,10.0,4.0
966,10.0,9.0,21.0,4.0,8.0,4.0,23.0,5.0,7.0
967,9.0,17.0,12.0,6.0,5.0,5.0,19.0,7.0,9.0
968,8.0,12.0,17.0,10.0,16.0,8.0,18.0,10.0,4.0
969,10.0,12.0,14.0,5.0,15.0,2.0,15.0,7.0,6.0
970,8.0,14.0,15.0,2.0,4.0,5.0,16.0,10.0,12.0
971,11.0,12.0,14.0,1.0,16.0,4.0,25.0,13.0,3.0
972,7.0,13.0,19.0,6.0,7.0,5.0,17.0,9.0,2.0
973,8.0,13.0,15.0,9.0,7.0,5.0,29.0,11.0,6.0
974,7.0,17.0,17.0,8.0,2.0,2.0,20.0,5.0,5.0
975,8.0,12.0,12.0,12.0,2.0,3.0,21.0,9.0,4.0
976,11.0,10.0,23.0,10.0,5.0,5.0,22.0,8.0,6.0
977,13.0,7.0,14.0,7.0,1.0,3.0,20.0,11.0,5.0
978,8.0,7.0,12.0,7.0,4.0,3.0,17.0,6.0,3.0
979,14.0,6.0,9.0,7.0,2.0,2.0,16.0,9.0,6.0
980,12.0,7.0,12.0,10.0,2.0,7.0,14.0,8.0,4.0
981,12.0,12.0,20.0,7.0,1.0,2.0,21.0,10.0,3.0
982,19.0,12.0,18.0,7.0,1.0,6.0,15.0,3.0,2.0
983,9.0,16.0,13.0,9.0,4.0,4.0,20.0,8.0,4.0
984,10.0,10.0,15.0,6.0,3.0,5.0,21.0,8.0,6.0
985,13.0,7.0,10.0,5.0,3.0,2.0,19.0,7.0,5.0
986,11.0,10.0,21.0,3.0,5.0,6.0,23.0,7.0,3.0
987,13.0,10.0,10.0,7.0,1.0,5.0,21.0,5.0,4.0
988,14.0,8.0,13.0,9.0,2.0,4.0,24.0,5.0,4.0
989,11.0,16.0,10.0,9.0,4.0,3.0,27.0,13.0,5.0
990,7.0,6.0,10.0,8.0,3.0,5.0,18.0,9.0,4.0
991,16.0,11.0,20.0,2.0,2.0,2.0,17.0,5.0,2.0
992,9.0,11.0,15.0,14.0,4.0,3.0,18.0,12.0,1.0
993,9.0,14.0,18.0,15.0,3.0,2.0,15.0,8.0,3.0
994,6.0,7.0,17.0,12.0,2.0,3.0,24.0,9.0,5.0
995,18.0,6.0,12.0,4.0,3.0,5.0,21.0,8.0,5.0
996,9.0,10.0,15.0,9.0,5.0,6.0,18.0,6.0,7.0
997,14.0,21.0,13.0,6.0,4.0,3.0,20.0,6.0,4.0
998,19.0,15.0,14.0,4.0,1.0,3.0,27.0,6.0,3.0
999,10.0,10.0,11.0,3.0,2.0,3.0,23.0,10.0,4.0
