,traffic-nj511-minutes-nj_turnpike_exit_18w_to_gw_bridge_via_local_lanes,traffic-nj511-minutes-nj_turnpike_from_exit_14c_to_the_ny_side,traffic-nj511-minutes-ny_side_to_nj_turnpike_exit_14c,traffic-nj511-minutes-nj_turnpike_exit_8a_to_nj_turnpike_exit_14,traffic-nj511-minutes-gw_bridge_to_nj_turnpike_exit_18w_via_local_lanes,traffic-nj511-minutes-nj_turnpike_exit_18w_to_gw_bridge_via_express_lanes,traffic-nj511-minutes-nj_turnpike_from_exit_1_to_delaware,traffic-nj511-minutes-nj_turnpike_exit_6_to_nj_turnpike_exit_1,traffic-nj511-minutes-nj_turnpike_exit_1_to_nj_turnpike_exit_6,traffic-nj511-minutes-nj_turnpike_exit_14_to_nj_turnpike_exit_8a,traffic-nj511-minutes-gw_bridge_to_nj_turnpike_exit_18w_via_express_lanes,traffic-nj511-minutes-nj_turnpike_exit_18w_to_nj_turnpike_exit_14,traffic-nj511-minutes-nj_turnpike_exit_14_to_nj_turnpike_exit_18w
0,11.0,8.0,13.0,30.0,10.0,10.0,8.0,47.0,46.0,31.0,10.0,8.0,11.0
1,11.0,9.0,12.0,30.0,10.0,10.0,8.0,47.0,46.0,31.0,10.0,8.0,11.0
2,10.0,9.0,12.0,30.0,10.0,10.0,8.0,47.0,46.0,31.0,11.0,8.0,11.0
3,10.0,9.0,12.0,30.0,10.0,10.0,8.0,47.0,46.0,31.0,11.0,8.0,11.0
4,10.0,9.0,12.0,30.0,10.0,10.0,8.0,47.0,46.0,31.0,11.0,8.0,11.0
5,10.0,10.0,12.0,30.0,10.0,10.0,8.0,47.0,46.0,31.0,11.0,8.0,11.0
6,10.0,11.0,13.0,30.0,10.0,11.0,8.0,47.0,46.0,31.0,12.0,8.0,11.0
7,10.0,11.0,12.0,30.0,10.0,11.0,8.0,47.0,46.0,31.0,11.0,8.0,11.0
8,10.0,12.0,13.0,30.0,10.0,12.0,8.0,47.0,46.0,31.0,11.0,8.0,11.0
9,11.0,13.0,13.0,30.0,11.0,11.0,8.0,47.0,46.0,31.0,11.0,8.0,11.0
10,11.0,14.0,14.0,30.0,11.0,11.0,8.0,47.0,46.0,31.0,11.0,8.0,11.0
11,11.0,14.0,14.0,30.0,11.0,11.0,8.0,47.0,46.0,31.0,12.0,8.0,11.0
12,10.0,15.0,14.0,30.0,10.0,11.0,8.0,47.0,46.0,31.0,12.0,8.0,11.0
13,10.0,14.0,14.0,30.0,10.0,10.0,8.0,47.0,46.0,31.0,11.0,8.0,11.0
14,10.0,15.0,14.0,30.0,10.0,10.0,8.0,47.0,46.0,31.0,11.0,8.0,11.0
15,10.0,14.0,11.0,30.0,10.0,10.0,8.0,47.0,46.0,31.0,11.0,8.0,11.0
16,10.0,14.0,10.0,30.0,10.0,10.0,8.0,47.0,46.0,31.0,11.0,8.0,11.0
17,10.0,14.0,11.0,30.0,10.0,10.0,8.0,47.0,46.0,31.0,11.0,8.0,11.0
18,10.0,14.0,12.0,30.0,10.0,11.0,8.0,47.0,46.0,31.0,11.0,8.0,11.0
19,10.0,14.0,12.0,30.0,10.0,10.0,8.0,47.0,46.0,31.0,11.0,8.0,11.0
20,11.0,13.0,14.0,30.0,10.0,10.0,8.0,47.0,46.0,31.0,11.0,8.0,11.0
21,10.0,13.0,14.0,30.0,11.0,10.0,8.0,47.0,46.0,31.0,11.0,8.0,11.0
22,10.0,13.0,14.0,30.0,11.0,10.0,8.0,47.0,46.0,31.0,11.0,8.0,11.0
23,10.0,13.0,14.0,30.0,11.0,10.0,8.0,47.0,46.0,31.0,11.0,8.0,11.0
24,10.0,13.0,13.0,30.0,11.0,10.0,8.0,47.0,46.0,31.0,10.0,8.0,11.0
25,10.0,13.0,13.0,30.0,11.0,10.0,8.0,47.0,46.0,31.0,11.0,8.0,11.0
26,10.0,13.0,12.0,30.0,11.0,10.0,8.0,47.0,46.0,31.0,11.0,8.0,11.0
27,10.0,13.0,13.0,30.0,10.0,10.0,8.0,47.0,46.0,31.0,11.0,8.0,11.0
28,10.0,13.0,13.0,30.0,10.0,11.0,8.0,47.0,46.0,31.0,11.0,8.0,11.0
29,10.0,13.0,13.0,30.0,10.0,11.0,8.0,47.0,46.0,31.0,11.0,8.0,11.0
30,10.0,13.0,13.0,30.0,11.0,10.0,8.0,47.0,46.0,31.0,11.0,8.0,11.0
31,10.0,14.0,12.0,30.0,10.0,10.0,8.0,47.0,46.0,31.0,11.0,8.0,11.0
32,10.0,14.0,12.0,30.0,10.0,10.0,8.0,47.0,46.0,31.0,11.0,8.0,11.0
33,10.0,14.0,12.0,30.0,10.0,10.0,8.0,47.0,46.0,31.0,11.0,8.0,11.0
34,11.0,14.0,12.0,30.0,10.0,11.0,8.0,47.0,46.0,31.0,11.0,8.0,11.0
35,11.0,14.0,12.0,30.0,10.0,11.0,8.0,47.0,46.0,31.0,11.0,8.0,11.0
36,12.0,14.0,12.0,30.0,11.0,10.0,8.0,47.0,46.0,31.0,11.0,8.0,11.0
37,11.0,14.0,12.0,30.0,10.0,10.0,8.0,47.0,46.0,31.0,11.0,8.0,11.0
38,11.0,15.0,12.0,30.0,10.0,10.0,8.0,47.0,46.0,31.0,11.0,8.0,11.0
39,10.0,15.0,12.0,30.0,10.0,10.0,8.0,47.0,46.0,31.0,11.0,8.0,11.0
40,10.0,15.0,12.0,30.0,10.0,10.0,8.0,47.0,46.0,31.0,11.0,8.0,11.0
41,10.0,16.0,13.0,30.0,10.0,10.0,8.0,47.0,46.0,31.0,11.0,8.0,11.0
42,10.0,16.0,13.0,30.0,10.0,10.0,8.0,47.0,46.0,31.0,11.0,8.0,11.0
43,10.0,16.0,14.0,30.0,10.0,11.0,8.0,47.0,47.0,31.0,11.0,8.0,11.0
44,10.0,16.0,12.0,30.0,10.0,10.0,8.0,47.0,48.0,31.0,11.0,8.0,11.0
45,10.0,16.0,12.0,30.0,10.0,10.0,8.0,47.0,46.0,31.0,11.0,8.0,11.0
46,10.0,16.0,11.0,30.0,10.0,10.0,8.0,47.0,46.0,31.0,10.0,8.0,11.0
47,10.0,17.0,11.0,30.0,10.0,10.0,8.0,47.0,46.0,31.0,11.0,8.0,11.0
48,10.0,17.0,12.0,30.0,10.0,10.0,8.0,47.0,46.0,31.0,10.0,8.0,11.0
49,10.0,17.0,12.0,30.0,10.0,10.0,8.0,47.0,46.0,31.0,10.0,8.0,11.0
50,10.0,17.0,11.0,30.0,10.0,10.0,8.0,47.0,46.0,31.0,11.0,8.0,11.0
51,10.0,17.0,11.0,30.0,10.0,10.0,8.0,47.0,46.0,31.0,11.0,8.0,11.0
52,10.0,17.0,10.0,30.0,10.0,10.0,8.0,47.0,46.0,31.0,11.0,8.0,11.0
53,10.0,17.0,10.0,30.0,10.0,10.0,8.0,47.0,46.0,31.0,10.0,8.0,11.0
54,10.0,17.0,9.0,30.0,10.0,10.0,8.0,47.0,46.0,31.0,11.0,8.0,11.0
55,10.0,15.0,8.0,30.0,10.0,10.0,8.0,47.0,46.0,31.0,10.0,8.0,11.0
56,10.0,15.0,7.0,30.0,10.0,13.0,8.0,47.0,46.0,31.0,10.0,8.0,11.0
57,10.0,15.0,7.0,30.0,10.0,21.0,8.0,47.0,46.0,31.0,10.0,8.0,11.0
58,10.0,16.0,7.0,30.0,10.0,18.0,8.0,47.0,46.0,31.0,10.0,8.0,11.0
59,10.0,16.0,7.0,30.0,10.0,15.0,8.0,47.0,46.0,31.0,10.0,8.0,11.0
60,13.0,16.0,7.0,30.0,10.0,14.0,8.0,47.0,46.0,31.0,10.0,8.0,11.0
61,12.0,16.0,7.0,30.0,10.0,11.0,8.0,47.0,46.0,31.0,10.0,8.0,11.0
62,11.0,17.0,7.0,30.0,10.0,10.0,8.0,47.0,46.0,31.0,10.0,8.0,11.0
63,11.0,17.0,8.0,30.0,10.0,10.0,8.0,47.0,46.0,31.0,10.0,8.0,11.0
64,10.0,17.0,9.0,30.0,10.0,10.0,8.0,47.0,46.0,31.0,10.0,8.0,11.0
65,10.0,16.0,8.0,30.0,10.0,10.0,8.0,47.0,46.0,31.0,10.0,8.0,11.0
66,10.0,15.0,8.0,30.0,10.0,10.0,8.0,47.0,46.0,31.0,10.0,8.0,11.0
67,10.0,15.0,8.0,30.0,10.0,10.0,8.0,47.0,46.0,31.0,10.0,8.0,11.0
68,10.0,14.0,7.0,30.0,10.0,10.0,8.0,47.0,46.0,31.0,10.0,8.0,11.0
69,11.0,13.0,7.0,30.0,10.0,10.0,8.0,47.0,46.0,31.0,10.0,8.0,11.0
70,11.0,12.0,7.0,30.0,10.0,10.0,8.0,47.0,46.0,31.0,10.0,8.0,11.0
71,12.0,12.0,7.0,30.0,10.0,10.0,8.0,47.0,46.0,31.0,10.0,8.0,11.0
72,10.0,12.0,7.0,30.0,10.0,10.0,8.0,47.0,46.0,31.0,10.0,8.0,11.0
73,10.0,11.0,7.0,30.0,10.0,10.0,8.0,47.0,46.0,31.0,10.0,8.0,11.0
74,10.0,11.0,7.0,30.0,10.0,10.0,8.0,47.0,46.0,31.0,10.0,8.0,11.0
75,10.0,10.0,7.0,30.0,10.0,10.0,8.0,47.0,46.0,31.0,10.0,8.0,11.0
76,12.0,10.0,7.0,30.0,10.0,10.0,8.0,47.0,46.0,31.0,10.0,8.0,11.0
77,10.0,9.0,7.0,30.0,10.0,10.0,8.0,47.0,46.0,31.0,10.0,8.0,11.0
78,10.0,8.0,7.0,30.0,10.0,10.0,8.0,47.0,46.0,31.0,10.0,8.0,11.0
79,10.0,8.0,7.0,30.0,10.0,10.0,8.0,47.0,46.0,31.0,10.0,8.0,11.0
80,10.0,8.0,7.0,30.0,10.0,10.0,8.0,47.0,46.0,31.0,10.0,8.0,11.0
81,10.0,8.0,7.0,30.0,10.0,10.0,8.0,47.0,46.0,31.0,10.0,8.0,11.0
82,10.0,8.0,7.0,30.0,10.0,10.0,8.0,47.0,46.0,31.0,10.0,8.0,11.0
83,10.0,8.0,7.0,30.0,10.0,10.0,8.0,47.0,46.0,31.0,10.0,8.0,11.0
84,10.0,8.0,7.0,30.0,10.0,10.0,8.0,47.0,46.0,31.0,10.0,8.0,11.0
85,10.0,8.0,7.0,30.0,10.0,10.0,8.0,47.0,46.0,31.0,10.0,8.0,11.0
86,10.0,8.0,7.0,30.0,10.0,10.0,8.0,47.0,46.0,31.0,10.0,8.0,11.0
87,10.0,8.0,7.0,30.0,10.0,10.0,8.0,47.0,46.0,31.0,10.0,8.0,11.0
88,10.0,8.0,7.0,30.0,10.0,10.0,8.0,47.0,46.0,31.0,10.0,8.0,11.0
89,10.0,8.0,7.0,30.0,10.0,10.0,8.0,47.0,46.0,31.0,10.0,8.0,11.0
90,10.0,8.0,7.0,30.0,10.0,10.0,8.0,47.0,46.0,31.0,10.0,8.0,11.0
91,10.0,8.0,7.0,30.0,10.0,10.0,8.0,47.0,46.0,31.0,10.0,8.0,11.0
92,10.0,8.0,7.0,30.0,10.0,10.0,8.0,47.0,46.0,31.0,10.0,8.0,11.0
93,10.0,8.0,7.0,30.0,10.0,10.0,8.0,47.0,46.0,31.0,10.0,8.0,11.0
94,10.0,8.0,7.0,30.0,10.0,10.0,8.0,47.0,46.0,31.0,10.0,8.0,11.0
95,10.0,8.0,7.0,30.0,10.0,10.0,8.0,47.0,46.0,31.0,10.0,8.0,11.0
96,10.0,8.0,7.0,30.0,10.0,10.0,8.0,47.0,46.0,31.0,10.0,8.0,11.0
97,11.0,8.0,7.0,30.0,10.0,10.0,8.0,47.0,46.0,31.0,10.0,8.0,11.0
98,10.0,8.0,7.0,30.0,10.0,11.0,8.0,47.0,46.0,31.0,10.0,8.0,11.0
99,10.0,8.0,7.0,30.0,10.0,12.0,8.0,47.0,46.0,31.0,10.0,8.0,11.0
100,10.0,8.0,7.0,30.0,10.0,13.0,8.0,47.0,46.0,31.0,10.0,8.0,11.0
101,11.0,8.0,7.0,30.0,10.0,11.0,8.0,47.0,46.0,31.0,10.0,8.0,11.0
102,11.0,8.0,7.0,30.0,10.0,10.0,8.0,47.0,46.0,31.0,10.0,8.0,11.0
103,11.0,8.0,7.0,30.0,10.0,10.0,8.0,47.0,46.0,31.0,10.0,8.0,11.0
104,10.0,8.0,7.0,30.0,10.0,10.0,8.0,47.0,46.0,31.0,10.0,8.0,11.0
105,10.0,8.0,7.0,30.0,10.0,10.0,8.0,47.0,46.0,31.0,10.0,8.0,11.0
106,10.0,8.0,7.0,30.0,10.0,10.0,8.0,47.0,46.0,31.0,10.0,8.0,11.0
107,10.0,8.0,7.0,30.0,10.0,10.0,8.0,47.0,46.0,31.0,10.0,8.0,11.0
108,10.0,8.0,12.0,30.0,10.0,10.0,8.0,47.0,46.0,31.0,10.0,8.0,11.0
109,10.0,8.0,12.0,30.0,10.0,10.0,8.0,47.0,46.0,31.0,10.0,8.0,11.0
110,10.0,8.0,12.0,30.0,10.0,10.0,8.0,47.0,46.0,31.0,10.0,8.0,11.0
111,10.0,8.0,11.0,30.0,10.0,10.0,8.0,47.0,46.0,31.0,10.0,8.0,11.0
112,10.0,8.0,11.0,30.0,10.0,10.0,8.0,47.0,46.0,31.0,10.0,8.0,11.0
113,10.0,9.0,11.0,30.0,10.0,10.0,8.0,47.0,46.0,31.0,10.0,8.0,11.0
114,10.0,8.0,11.0,30.0,10.0,10.0,8.0,47.0,46.0,31.0,10.0,8.0,11.0
115,10.0,8.0,12.0,30.0,10.0,10.0,8.0,47.0,46.0,31.0,10.0,8.0,11.0
116,10.0,9.0,12.0,30.0,10.0,10.0,8.0,47.0,46.0,31.0,10.0,8.0,11.0
117,10.0,8.0,13.0,30.0,10.0,10.0,8.0,47.0,46.0,31.0,10.0,8.0,11.0
118,10.0,8.0,13.0,30.0,10.0,10.0,8.0,47.0,46.0,31.0,10.0,8.0,11.0
119,10.0,8.0,13.0,30.0,10.0,10.0,8.0,47.0,46.0,31.0,10.0,8.0,11.0
120,10.0,8.0,13.0,30.0,10.0,10.0,8.0,47.0,46.0,31.0,10.0,8.0,11.0
121,10.0,8.0,13.0,30.0,10.0,10.0,8.0,47.0,46.0,31.0,10.0,8.0,11.0
122,10.0,8.0,13.0,30.0,10.0,10.0,8.0,47.0,46.0,31.0,10.0,8.0,11.0
123,10.0,8.0,14.0,30.0,10.0,10.0,8.0,47.0,46.0,31.0,10.0,8.0,11.0
124,10.0,8.0,14.0,30.0,10.0,10.0,8.0,47.0,46.0,31.0,10.0,8.0,11.0
125,10.0,8.0,14.0,30.0,10.0,10.0,8.0,47.0,46.0,31.0,10.0,8.0,11.0
126,10.0,8.0,13.0,30.0,10.0,10.0,8.0,47.0,46.0,31.0,10.0,8.0,11.0
127,10.0,8.0,14.0,30.0,10.0,10.0,8.0,47.0,46.0,31.0,10.0,8.0,11.0
128,10.0,8.0,16.0,30.0,10.0,10.0,8.0,47.0,46.0,31.0,10.0,8.0,11.0
129,10.0,8.0,16.0,30.0,10.0,10.0,8.0,47.0,46.0,31.0,10.0,8.0,11.0
130,10.0,8.0,17.0,30.0,10.0,10.0,8.0,47.0,46.0,31.0,10.0,8.0,11.0
131,10.0,8.0,17.0,30.0,10.0,10.0,8.0,47.0,46.0,31.0,10.0,8.0,11.0
132,10.0,8.0,18.0,30.0,10.0,10.0,8.0,47.0,46.0,31.0,10.0,8.0,11.0
133,10.0,8.0,18.0,30.0,10.0,10.0,8.0,47.0,46.0,31.0,10.0,8.0,11.0
134,10.0,8.0,18.0,30.0,10.0,10.0,8.0,47.0,46.0,31.0,10.0,8.0,11.0
135,10.0,8.0,17.0,30.0,10.0,10.0,8.0,47.0,46.0,31.0,10.0,8.0,11.0
136,10.0,8.0,16.0,30.0,10.0,10.0,8.0,47.0,46.0,31.0,10.0,8.0,11.0
137,10.0,8.0,13.0,30.0,10.0,10.0,8.0,47.0,46.0,31.0,10.0,8.0,11.0
138,10.0,8.0,11.0,30.0,10.0,10.0,8.0,47.0,46.0,31.0,10.0,8.0,11.0
139,10.0,8.0,10.0,30.0,10.0,10.0,8.0,47.0,46.0,31.0,10.0,8.0,11.0
140,10.0,8.0,8.0,30.0,10.0,10.0,8.0,47.0,46.0,31.0,10.0,8.0,11.0
141,10.0,8.0,8.0,30.0,10.0,10.0,8.0,47.0,46.0,31.0,10.0,8.0,11.0
142,10.0,8.0,8.0,30.0,10.0,10.0,8.0,47.0,46.0,31.0,10.0,8.0,11.0
143,10.0,8.0,8.0,30.0,10.0,10.0,8.0,47.0,46.0,31.0,10.0,8.0,11.0
144,10.0,8.0,8.0,30.0,10.0,10.0,8.0,47.0,46.0,31.0,10.0,8.0,11.0
145,10.0,8.0,8.0,30.0,10.0,10.0,8.0,47.0,46.0,31.0,10.0,8.0,11.0
146,10.0,8.0,8.0,30.0,10.0,10.0,8.0,47.0,46.0,31.0,10.0,8.0,11.0
147,10.0,8.0,8.0,30.0,10.0,10.0,8.0,47.0,46.0,31.0,10.0,8.0,11.0
148,10.0,8.0,8.0,30.0,10.0,10.0,8.0,47.0,46.0,31.0,10.0,8.0,11.0
149,10.0,8.0,8.0,30.0,10.0,10.0,8.0,47.0,46.0,31.0,10.0,8.0,11.0
150,10.0,8.0,8.0,30.0,10.0,10.0,8.0,47.0,46.0,31.0,10.0,8.0,11.0
151,10.0,8.0,8.0,30.0,10.0,10.0,8.0,47.0,46.0,31.0,10.0,8.0,11.0
152,10.0,8.0,8.0,30.0,10.0,10.0,8.0,47.0,46.0,31.0,10.0,8.0,11.0
153,10.0,8.0,9.0,30.0,10.0,10.0,8.0,47.0,46.0,31.0,10.0,8.0,11.0
154,10.0,8.0,9.0,30.0,10.0,10.0,8.0,47.0,46.0,31.0,10.0,8.0,11.0
155,10.0,8.0,9.0,30.0,10.0,10.0,8.0,47.0,46.0,31.0,10.0,8.0,11.0
156,10.0,8.0,8.0,30.0,10.0,10.0,8.0,47.0,46.0,31.0,10.0,8.0,11.0
157,10.0,8.0,8.0,30.0,10.0,10.0,8.0,47.0,46.0,31.0,10.0,8.0,11.0
158,10.0,8.0,8.0,30.0,10.0,10.0,8.0,47.0,46.0,31.0,10.0,8.0,11.0
159,10.0,8.0,9.0,30.0,10.0,10.0,8.0,47.0,46.0,31.0,10.0,8.0,11.0
160,10.0,8.0,8.0,30.0,10.0,10.0,8.0,47.0,46.0,31.0,10.0,8.0,11.0
161,10.0,8.0,8.0,30.0,10.0,10.0,8.0,47.0,46.0,31.0,10.0,8.0,11.0
162,10.0,8.0,8.0,30.0,10.0,10.0,8.0,47.0,46.0,31.0,10.0,8.0,11.0
163,10.0,8.0,8.0,30.0,10.0,10.0,8.0,47.0,46.0,31.0,10.0,8.0,11.0
164,10.0,8.0,8.0,30.0,10.0,10.0,8.0,47.0,46.0,31.0,10.0,8.0,11.0
165,10.0,8.0,8.0,30.0,10.0,10.0,8.0,47.0,46.0,31.0,10.0,8.0,11.0
166,10.0,8.0,8.0,30.0,10.0,10.0,8.0,47.0,46.0,31.0,10.0,8.0,11.0
167,10.0,8.0,8.0,30.0,10.0,10.0,8.0,47.0,46.0,31.0,10.0,8.0,11.0
168,10.0,8.0,8.0,30.0,10.0,10.0,8.0,47.0,46.0,31.0,10.0,8.0,11.0
169,10.0,8.0,8.0,30.0,10.0,10.0,8.0,47.0,46.0,31.0,10.0,8.0,11.0
170,10.0,8.0,7.0,30.0,10.0,10.0,8.0,47.0,46.0,31.0,10.0,8.0,11.0
171,10.0,8.0,7.0,30.0,10.0,10.0,8.0,47.0,46.0,31.0,10.0,8.0,11.0
172,10.0,8.0,7.0,30.0,10.0,10.0,8.0,47.0,46.0,31.0,10.0,8.0,11.0
173,10.0,8.0,7.0,30.0,10.0,10.0,8.0,47.0,46.0,31.0,10.0,8.0,11.0
174,10.0,8.0,7.0,30.0,10.0,10.0,8.0,47.0,46.0,31.0,10.0,8.0,11.0
175,10.0,8.0,7.0,30.0,10.0,10.0,8.0,47.0,46.0,31.0,10.0,8.0,11.0
176,10.0,8.0,7.0,30.0,10.0,10.0,8.0,47.0,46.0,31.0,10.0,8.0,11.0
177,10.0,8.0,7.0,30.0,10.0,10.0,8.0,47.0,46.0,31.0,10.0,8.0,11.0
178,10.0,8.0,7.0,30.0,10.0,10.0,8.0,47.0,46.0,31.0,10.0,8.0,11.0
179,10.0,8.0,7.0,30.0,10.0,10.0,8.0,47.0,46.0,31.0,10.0,8.0,11.0
180,10.0,8.0,7.0,30.0,10.0,10.0,8.0,47.0,46.0,31.0,10.0,8.0,11.0
181,10.0,8.0,7.0,30.0,10.0,10.0,8.0,47.0,46.0,31.0,10.0,8.0,11.0
182,10.0,8.0,7.0,30.0,10.0,10.0,8.0,47.0,46.0,31.0,10.0,8.0,11.0
183,10.0,8.0,7.0,30.0,10.0,10.0,8.0,47.0,46.0,31.0,10.0,8.0,11.0
184,10.0,8.0,7.0,30.0,10.0,10.0,8.0,47.0,46.0,31.0,10.0,8.0,11.0
185,10.0,8.0,7.0,30.0,10.0,10.0,8.0,47.0,46.0,31.0,10.0,8.0,11.0
186,10.0,8.0,7.0,30.0,10.0,10.0,8.0,47.0,46.0,31.0,10.0,8.0,11.0
187,10.0,8.0,7.0,30.0,10.0,10.0,8.0,47.0,46.0,31.0,10.0,8.0,11.0
188,10.0,8.0,7.0,30.0,10.0,10.0,8.0,47.0,46.0,31.0,10.0,8.0,11.0
189,10.0,8.0,7.0,30.0,10.0,10.0,8.0,47.0,46.0,31.0,10.0,8.0,11.0
190,10.0,8.0,7.0,30.0,10.0,10.0,8.0,47.0,46.0,31.0,10.0,8.0,11.0
191,10.0,8.0,14.0,30.0,10.0,10.0,8.0,47.0,46.0,31.0,10.0,8.0,11.0
192,10.0,8.0,11.0,30.0,10.0,10.0,8.0,47.0,46.0,31.0,10.0,8.0,11.0
193,10.0,8.0,10.0,30.0,10.0,10.0,8.0,47.0,46.0,31.0,10.0,8.0,11.0
194,10.0,8.0,8.0,30.0,10.0,10.0,8.0,47.0,46.0,31.0,10.0,8.0,11.0
195,10.0,8.0,7.0,30.0,10.0,10.0,8.0,47.0,46.0,31.0,10.0,8.0,11.0
196,10.0,8.0,7.0,30.0,10.0,10.0,8.0,47.0,46.0,31.0,10.0,8.0,11.0
197,10.0,8.0,7.0,30.0,10.0,10.0,8.0,47.0,46.0,31.0,10.0,8.0,11.0
198,10.0,8.0,7.0,30.0,10.0,10.0,8.0,47.0,46.0,31.0,10.0,8.0,11.0
199,10.0,8.0,7.0,30.0,10.0,10.0,8.0,47.0,46.0,31.0,10.0,8.0,11.0
200,10.0,8.0,7.0,30.0,10.0,10.0,8.0,47.0,46.0,31.0,10.0,8.0,11.0
201,10.0,8.0,7.0,30.0,10.0,10.0,8.0,47.0,46.0,31.0,10.0,8.0,11.0
202,10.0,8.0,7.0,30.0,10.0,10.0,8.0,47.0,46.0,31.0,10.0,8.0,11.0
203,10.0,8.0,8.0,30.0,10.0,10.0,8.0,47.0,46.0,31.0,10.0,8.0,11.0
204,10.0,8.0,7.0,30.0,10.0,10.0,8.0,47.0,46.0,31.0,10.0,8.0,11.0
205,10.0,8.0,7.0,30.0,10.0,10.0,8.0,47.0,46.0,31.0,10.0,8.0,11.0
206,10.0,8.0,7.0,30.0,10.0,10.0,8.0,47.0,46.0,31.0,10.0,8.0,11.0
207,10.0,8.0,7.0,30.0,10.0,10.0,8.0,47.0,46.0,31.0,10.0,8.0,11.0
208,10.0,8.0,7.0,30.0,10.0,10.0,8.0,47.0,46.0,31.0,10.0,8.0,11.0
209,10.0,8.0,7.0,30.0,10.0,10.0,8.0,47.0,46.0,31.0,10.0,8.0,11.0
210,10.0,8.0,7.0,30.0,10.0,10.0,8.0,47.0,46.0,31.0,10.0,8.0,11.0
211,10.0,8.0,7.0,30.0,10.0,10.0,8.0,47.0,46.0,31.0,10.0,8.0,11.0
212,10.0,8.0,7.0,30.0,10.0,10.0,8.0,47.0,46.0,31.0,10.0,8.0,11.0
213,10.0,8.0,7.0,30.0,10.0,10.0,8.0,47.0,46.0,31.0,10.0,8.0,11.0
214,10.0,8.0,7.0,30.0,10.0,10.0,8.0,47.0,46.0,31.0,10.0,8.0,11.0
215,10.0,8.0,7.0,30.0,10.0,10.0,8.0,47.0,46.0,31.0,10.0,8.0,11.0
216,10.0,8.0,7.0,30.0,10.0,10.0,8.0,47.0,46.0,31.0,10.0,8.0,11.0
217,10.0,8.0,7.0,30.0,10.0,10.0,8.0,47.0,46.0,31.0,10.0,8.0,11.0
218,10.0,8.0,7.0,30.0,10.0,10.0,8.0,47.0,46.0,31.0,10.0,8.0,11.0
219,10.0,8.0,7.0,30.0,10.0,10.0,8.0,47.0,46.0,31.0,10.0,8.0,11.0
220,10.0,8.0,7.0,30.0,10.0,10.0,8.0,47.0,46.0,31.0,10.0,8.0,11.0
221,10.0,8.0,7.0,30.0,10.0,10.0,8.0,47.0,46.0,31.0,10.0,8.0,11.0
222,10.0,8.0,7.0,30.0,10.0,10.0,8.0,47.0,46.0,31.0,10.0,8.0,11.0
223,10.0,8.0,7.0,30.0,10.0,10.0,8.0,47.0,46.0,31.0,10.0,8.0,11.0
224,10.0,8.0,7.0,30.0,10.0,10.0,8.0,47.0,46.0,31.0,10.0,8.0,11.0
225,10.0,8.0,7.0,30.0,10.0,10.0,8.0,47.0,46.0,31.0,10.0,8.0,11.0
226,10.0,8.0,7.0,30.0,10.0,10.0,8.0,47.0,46.0,31.0,10.0,8.0,11.0
227,10.0,9.0,7.0,30.0,10.0,10.0,8.0,47.0,46.0,31.0,10.0,8.0,11.0
228,10.0,8.0,7.0,30.0,10.0,10.0,8.0,47.0,46.0,31.0,10.0,8.0,11.0
229,10.0,8.0,7.0,30.0,10.0,10.0,8.0,47.0,46.0,31.0,10.0,8.0,11.0
230,10.0,9.0,7.0,30.0,10.0,10.0,8.0,47.0,46.0,31.0,10.0,8.0,11.0
231,10.0,8.0,7.0,30.0,10.0,10.0,8.0,47.0,46.0,31.0,10.0,8.0,11.0
232,10.0,8.0,7.0,30.0,10.0,10.0,8.0,47.0,46.0,31.0,10.0,8.0,11.0
233,10.0,8.0,7.0,30.0,10.0,10.0,8.0,47.0,46.0,31.0,10.0,8.0,11.0
234,10.0,8.0,7.0,30.0,10.0,10.0,8.0,47.0,46.0,31.0,10.0,8.0,11.0
235,10.0,8.0,7.0,30.0,10.0,10.0,8.0,47.0,46.0,31.0,10.0,8.0,11.0
236,10.0,8.0,7.0,30.0,10.0,10.0,8.0,47.0,46.0,31.0,10.0,8.0,11.0
237,10.0,8.0,7.0,30.0,10.0,10.0,8.0,47.0,46.0,31.0,10.0,8.0,11.0
238,10.0,9.0,7.0,30.0,10.0,10.0,8.0,47.0,46.0,31.0,10.0,8.0,11.0
239,10.0,10.0,7.0,30.0,10.0,10.0,8.0,47.0,46.0,31.0,10.0,8.0,11.0
240,10.0,10.0,7.0,30.0,10.0,10.0,8.0,47.0,46.0,31.0,10.0,8.0,11.0
241,10.0,10.0,7.0,30.0,10.0,10.0,8.0,47.0,46.0,31.0,10.0,8.0,11.0
242,10.0,8.0,7.0,30.0,10.0,10.0,8.0,47.0,46.0,31.0,10.0,8.0,11.0
243,10.0,9.0,7.0,30.0,10.0,10.0,8.0,47.0,46.0,31.0,10.0,8.0,11.0
244,10.0,8.0,7.0,30.0,10.0,10.0,8.0,47.0,46.0,31.0,10.0,8.0,11.0
245,10.0,8.0,7.0,30.0,10.0,10.0,8.0,47.0,46.0,31.0,10.0,8.0,11.0
246,10.0,8.0,7.0,30.0,10.0,10.0,8.0,47.0,46.0,31.0,10.0,8.0,11.0
247,10.0,8.0,7.0,30.0,10.0,11.0,8.0,47.0,46.0,31.0,10.0,8.0,11.0
248,10.0,8.0,7.0,30.0,10.0,10.0,8.0,47.0,46.0,31.0,10.0,8.0,11.0
249,10.0,8.0,7.0,30.0,10.0,10.0,8.0,47.0,46.0,31.0,10.0,8.0,11.0
250,10.0,8.0,7.0,30.0,10.0,10.0,8.0,47.0,46.0,31.0,10.0,8.0,11.0
251,10.0,8.0,7.0,30.0,10.0,10.0,8.0,47.0,46.0,31.0,10.0,8.0,11.0
252,10.0,8.0,7.0,30.0,10.0,10.0,8.0,47.0,46.0,31.0,10.0,8.0,11.0
253,10.0,8.0,7.0,30.0,10.0,10.0,8.0,47.0,46.0,31.0,10.0,8.0,11.0
254,10.0,8.0,7.0,30.0,10.0,10.0,8.0,47.0,46.0,31.0,10.0,8.0,11.0
255,10.0,8.0,7.0,30.0,10.0,10.0,8.0,47.0,46.0,31.0,10.0,8.0,11.0
256,10.0,8.0,8.0,30.0,10.0,11.0,8.0,47.0,46.0,31.0,10.0,8.0,11.0
257,11.0,8.0,7.0,30.0,10.0,12.0,8.0,47.0,46.0,31.0,10.0,8.0,11.0
258,11.0,8.0,7.0,30.0,10.0,13.0,8.0,47.0,46.0,31.0,10.0,8.0,11.0
259,11.0,8.0,7.0,30.0,10.0,14.0,8.0,47.0,46.0,31.0,10.0,8.0,11.0
260,12.0,8.0,7.0,30.0,10.0,16.0,8.0,47.0,46.0,31.0,10.0,8.0,11.0
261,13.0,8.0,7.0,30.0,10.0,17.0,8.0,47.0,46.0,31.0,10.0,8.0,11.0
262,13.0,8.0,7.0,30.0,10.0,19.0,8.0,47.0,46.0,31.0,10.0,8.0,11.0
263,14.0,8.0,7.0,30.0,10.0,19.0,8.0,47.0,46.0,31.0,10.0,8.0,11.0
264,14.0,8.0,7.0,30.0,10.0,20.0,8.0,47.0,46.0,31.0,10.0,8.0,11.0
265,14.0,8.0,7.0,30.0,10.0,22.0,8.0,47.0,46.0,31.0,10.0,8.0,11.0
266,16.0,8.0,7.0,30.0,10.0,25.0,8.0,47.0,46.0,31.0,10.0,8.0,11.0
267,17.0,8.0,7.0,30.0,10.0,25.0,8.0,47.0,46.0,31.0,10.0,8.0,11.0
268,18.0,8.0,7.0,30.0,10.0,27.0,8.0,47.0,46.0,31.0,10.0,8.0,11.0
269,20.0,8.0,7.0,30.0,10.0,27.0,8.0,47.0,46.0,31.0,10.0,8.0,11.0
270,20.0,8.0,8.0,30.0,10.0,29.0,8.0,47.0,46.0,31.0,10.0,8.0,11.0
271,21.0,8.0,7.0,30.0,10.0,29.0,8.0,47.0,46.0,31.0,10.0,8.0,11.0
272,23.0,8.0,7.0,30.0,10.0,33.0,8.0,47.0,46.0,31.0,10.0,8.0,11.0
273,23.0,8.0,7.0,30.0,10.0,33.0,8.0,47.0,46.0,31.0,10.0,8.0,11.0
274,24.0,8.0,7.0,30.0,10.0,33.0,8.0,47.0,46.0,31.0,10.0,8.0,11.0
275,24.0,8.0,7.0,30.0,10.0,29.0,8.0,47.0,46.0,31.0,10.0,8.0,11.0
276,22.0,8.0,7.0,30.0,10.0,29.0,8.0,47.0,46.0,31.0,10.0,8.0,11.0
277,20.0,8.0,7.0,30.0,10.0,27.0,8.0,47.0,46.0,31.0,10.0,8.0,11.0
278,19.0,8.0,8.0,30.0,10.0,23.0,8.0,47.0,46.0,31.0,10.0,8.0,11.0
279,17.0,8.0,7.0,30.0,10.0,23.0,8.0,47.0,46.0,31.0,10.0,8.0,11.0
280,15.0,8.0,8.0,30.0,10.0,20.0,8.0,47.0,46.0,31.0,10.0,8.0,11.0
281,15.0,8.0,7.0,30.0,10.0,19.0,8.0,47.0,46.0,31.0,10.0,8.0,11.0
282,14.0,8.0,7.0,30.0,10.0,18.0,8.0,47.0,46.0,31.0,10.0,8.0,11.0
283,14.0,8.0,7.0,30.0,10.0,18.0,8.0,47.0,46.0,31.0,10.0,8.0,11.0
284,14.0,8.0,7.0,30.0,10.0,19.0,8.0,47.0,46.0,31.0,10.0,8.0,11.0
285,15.0,8.0,7.0,30.0,10.0,19.0,8.0,47.0,46.0,31.0,10.0,8.0,11.0
286,15.0,8.0,7.0,30.0,10.0,19.0,8.0,47.0,46.0,31.0,10.0,8.0,11.0
287,14.0,8.0,7.0,30.0,10.0,19.0,8.0,47.0,46.0,31.0,10.0,8.0,11.0
288,14.0,8.0,8.0,30.0,10.0,18.0,8.0,47.0,46.0,31.0,10.0,8.0,11.0
289,14.0,8.0,8.0,30.0,10.0,18.0,8.0,47.0,46.0,31.0,10.0,8.0,11.0
290,14.0,8.0,8.0,30.0,10.0,17.0,8.0,47.0,46.0,31.0,10.0,8.0,11.0
291,14.0,8.0,8.0,30.0,10.0,17.0,8.0,47.0,46.0,31.0,10.0,8.0,11.0
292,13.0,8.0,7.0,30.0,10.0,17.0,8.0,47.0,46.0,31.0,10.0,8.0,11.0
293,13.0,8.0,7.0,30.0,10.0,17.0,8.0,47.0,46.0,31.0,10.0,8.0,11.0
294,13.0,8.0,7.0,30.0,10.0,16.0,8.0,47.0,46.0,31.0,10.0,8.0,11.0
295,13.0,8.0,7.0,30.0,10.0,16.0,8.0,47.0,46.0,31.0,10.0,8.0,11.0
296,13.0,8.0,7.0,30.0,10.0,14.0,8.0,47.0,46.0,31.0,10.0,8.0,11.0
297,12.0,8.0,8.0,30.0,10.0,14.0,8.0,47.0,46.0,31.0,10.0,8.0,11.0
298,12.0,8.0,7.0,30.0,10.0,15.0,8.0,47.0,46.0,31.0,10.0,8.0,11.0
299,12.0,8.0,7.0,30.0,10.0,15.0,8.0,47.0,46.0,31.0,10.0,8.0,11.0
300,12.0,8.0,7.0,30.0,10.0,14.0,8.0,47.0,46.0,31.0,10.0,8.0,11.0
301,12.0,8.0,8.0,30.0,10.0,15.0,8.0,47.0,46.0,31.0,10.0,8.0,11.0
302,12.0,8.0,8.0,30.0,10.0,14.0,8.0,47.0,46.0,31.0,10.0,8.0,11.0
303,12.0,8.0,7.0,30.0,11.0,14.0,8.0,47.0,46.0,31.0,11.0,8.0,11.0
304,12.0,8.0,8.0,30.0,11.0,14.0,8.0,47.0,46.0,31.0,11.0,8.0,11.0
305,12.0,8.0,8.0,30.0,11.0,14.0,8.0,47.0,46.0,31.0,10.0,8.0,11.0
306,12.0,8.0,8.0,30.0,10.0,15.0,8.0,47.0,46.0,31.0,10.0,8.0,11.0
307,12.0,8.0,8.0,30.0,10.0,15.0,8.0,47.0,46.0,31.0,10.0,8.0,11.0
308,12.0,8.0,8.0,30.0,10.0,15.0,8.0,47.0,46.0,31.0,10.0,8.0,11.0
309,13.0,8.0,8.0,30.0,10.0,15.0,8.0,47.0,46.0,31.0,10.0,8.0,11.0
310,12.0,8.0,7.0,30.0,10.0,16.0,8.0,47.0,46.0,31.0,10.0,8.0,11.0
311,12.0,8.0,7.0,30.0,10.0,16.0,8.0,47.0,46.0,31.0,10.0,8.0,11.0
312,13.0,8.0,7.0,30.0,10.0,17.0,8.0,47.0,46.0,31.0,10.0,8.0,11.0
313,13.0,8.0,8.0,30.0,10.0,17.0,8.0,47.0,46.0,31.0,10.0,8.0,11.0
314,14.0,8.0,8.0,30.0,10.0,17.0,8.0,47.0,46.0,31.0,10.0,8.0,11.0
315,14.0,8.0,8.0,30.0,10.0,17.0,8.0,47.0,46.0,31.0,10.0,8.0,11.0
316,13.0,8.0,8.0,30.0,11.0,17.0,8.0,47.0,46.0,31.0,11.0,8.0,11.0
317,13.0,8.0,8.0,30.0,11.0,17.0,8.0,47.0,46.0,31.0,11.0,8.0,11.0
318,13.0,8.0,8.0,30.0,11.0,16.0,8.0,47.0,46.0,31.0,11.0,8.0,11.0
319,13.0,8.0,8.0,30.0,11.0,15.0,8.0,47.0,46.0,31.0,11.0,8.0,11.0
320,13.0,8.0,8.0,30.0,11.0,15.0,8.0,47.0,46.0,31.0,10.0,8.0,11.0
321,12.0,8.0,8.0,30.0,10.0,14.0,8.0,47.0,46.0,31.0,10.0,8.0,11.0
322,12.0,8.0,8.0,30.0,10.0,14.0,8.0,47.0,46.0,31.0,10.0,8.0,11.0
323,11.0,8.0,8.0,30.0,10.0,13.0,8.0,47.0,46.0,31.0,10.0,8.0,11.0
324,12.0,8.0,8.0,30.0,10.0,13.0,8.0,47.0,46.0,31.0,10.0,8.0,11.0
325,11.0,8.0,8.0,30.0,11.0,12.0,8.0,47.0,46.0,31.0,10.0,8.0,11.0
326,11.0,8.0,8.0,30.0,10.0,12.0,8.0,47.0,46.0,31.0,10.0,8.0,11.0
327,10.0,8.0,8.0,30.0,10.0,12.0,8.0,47.0,46.0,31.0,10.0,8.0,11.0
328,11.0,8.0,8.0,30.0,10.0,15.0,8.0,47.0,46.0,31.0,10.0,8.0,11.0
329,12.0,8.0,8.0,30.0,10.0,17.0,8.0,47.0,46.0,31.0,11.0,8.0,11.0
330,13.0,8.0,8.0,30.0,11.0,17.0,8.0,47.0,46.0,31.0,10.0,8.0,11.0
331,13.0,8.0,8.0,30.0,11.0,20.0,8.0,47.0,46.0,31.0,10.0,8.0,11.0
332,14.0,8.0,8.0,30.0,10.0,26.0,8.0,47.0,46.0,31.0,10.0,8.0,11.0
333,16.0,8.0,8.0,30.0,10.0,27.0,8.0,47.0,46.0,31.0,10.0,8.0,11.0
334,18.0,8.0,8.0,30.0,10.0,27.0,8.0,47.0,46.0,31.0,10.0,8.0,11.0
335,18.0,8.0,8.0,30.0,10.0,27.0,8.0,47.0,46.0,31.0,10.0,8.0,11.0
336,19.0,8.0,8.0,30.0,10.0,32.0,8.0,47.0,46.0,31.0,10.0,8.0,11.0
337,20.0,8.0,8.0,30.0,10.0,33.0,8.0,47.0,46.0,31.0,10.0,8.0,11.0
338,20.0,8.0,8.0,30.0,10.0,34.0,8.0,47.0,46.0,31.0,10.0,8.0,11.0
339,20.0,8.0,8.0,30.0,10.0,38.0,8.0,47.0,46.0,31.0,10.0,8.0,11.0
340,21.0,8.0,8.0,30.0,10.0,34.0,8.0,47.0,46.0,31.0,10.0,8.0,11.0
341,21.0,8.0,8.0,30.0,10.0,37.0,8.0,47.0,46.0,31.0,10.0,8.0,11.0
342,20.0,8.0,8.0,30.0,10.0,37.0,8.0,47.0,46.0,31.0,10.0,8.0,11.0
343,19.0,8.0,7.0,30.0,10.0,33.0,8.0,47.0,46.0,31.0,10.0,8.0,11.0
344,19.0,8.0,8.0,30.0,10.0,29.0,8.0,47.0,46.0,31.0,10.0,8.0,11.0
345,18.0,8.0,8.0,30.0,10.0,24.0,10.0,47.0,46.0,31.0,10.0,8.0,11.0
346,15.0,8.0,8.0,30.0,10.0,19.0,12.0,47.0,46.0,31.0,10.0,8.0,11.0
347,14.0,8.0,7.0,30.0,10.0,18.0,14.0,47.0,46.0,31.0,10.0,8.0,11.0
348,13.0,8.0,8.0,30.0,10.0,14.0,14.0,47.0,46.0,31.0,10.0,8.0,11.0
349,12.0,8.0,8.0,30.0,10.0,13.0,15.0,47.0,46.0,31.0,10.0,8.0,11.0
350,12.0,8.0,8.0,30.0,10.0,14.0,19.0,47.0,46.0,31.0,10.0,8.0,11.0
351,12.0,8.0,8.0,30.0,10.0,14.0,22.0,47.0,46.0,31.0,10.0,8.0,11.0
352,12.0,8.0,8.0,30.0,11.0,14.0,20.0,47.0,46.0,31.0,11.0,8.0,11.0
353,11.0,8.0,8.0,30.0,11.0,13.0,21.0,47.0,46.0,31.0,11.0,8.0,11.0
354,11.0,8.0,8.0,30.0,11.0,12.0,17.0,47.0,46.0,31.0,11.0,8.0,11.0
355,11.0,8.0,8.0,30.0,11.0,12.0,11.0,47.0,46.0,31.0,11.0,8.0,11.0
356,11.0,8.0,8.0,30.0,11.0,12.0,10.0,47.0,46.0,31.0,11.0,8.0,11.0
357,11.0,8.0,8.0,30.0,11.0,12.0,9.0,47.0,46.0,31.0,11.0,8.0,11.0
358,11.0,8.0,8.0,30.0,11.0,13.0,9.0,47.0,46.0,31.0,11.0,8.0,11.0
359,11.0,8.0,8.0,30.0,10.0,14.0,9.0,47.0,46.0,31.0,11.0,8.0,11.0
360,12.0,8.0,8.0,30.0,10.0,13.0,8.0,47.0,46.0,31.0,11.0,8.0,11.0
361,11.0,8.0,8.0,30.0,11.0,13.0,8.0,47.0,46.0,31.0,11.0,8.0,11.0
362,11.0,8.0,9.0,30.0,11.0,11.0,8.0,47.0,46.0,31.0,11.0,8.0,11.0
363,11.0,8.0,9.0,30.0,10.0,11.0,8.0,47.0,46.0,31.0,11.0,8.0,11.0
364,10.0,8.0,9.0,30.0,10.0,11.0,8.0,47.0,46.0,31.0,11.0,8.0,11.0
365,10.0,9.0,9.0,30.0,10.0,11.0,8.0,47.0,46.0,31.0,10.0,8.0,11.0
366,11.0,9.0,10.0,30.0,11.0,10.0,8.0,47.0,46.0,31.0,11.0,8.0,11.0
367,10.0,9.0,11.0,30.0,11.0,10.0,8.0,47.0,46.0,31.0,11.0,8.0,11.0
368,10.0,9.0,12.0,30.0,11.0,10.0,8.0,47.0,46.0,31.0,11.0,8.0,11.0
369,10.0,10.0,12.0,30.0,11.0,11.0,8.0,47.0,46.0,31.0,11.0,8.0,11.0
370,11.0,11.0,13.0,30.0,11.0,10.0,8.0,47.0,46.0,31.0,11.0,8.0,11.0
371,10.0,11.0,13.0,30.0,11.0,10.0,8.0,47.0,46.0,31.0,11.0,8.0,11.0
372,10.0,12.0,13.0,30.0,10.0,10.0,8.0,47.0,46.0,31.0,10.0,8.0,11.0
373,10.0,13.0,13.0,30.0,10.0,10.0,8.0,47.0,46.0,31.0,10.0,8.0,11.0
374,10.0,13.0,12.0,30.0,11.0,10.0,8.0,47.0,46.0,31.0,10.0,8.0,11.0
375,10.0,13.0,12.0,30.0,10.0,10.0,8.0,47.0,46.0,31.0,10.0,8.0,11.0
376,10.0,12.0,12.0,30.0,10.0,10.0,8.0,47.0,46.0,31.0,10.0,8.0,11.0
377,10.0,13.0,12.0,30.0,10.0,10.0,8.0,47.0,46.0,31.0,10.0,8.0,11.0
378,10.0,13.0,12.0,30.0,10.0,10.0,8.0,47.0,46.0,31.0,10.0,8.0,11.0
379,10.0,13.0,13.0,30.0,10.0,10.0,8.0,47.0,46.0,31.0,10.0,8.0,11.0
380,10.0,13.0,13.0,30.0,10.0,10.0,8.0,47.0,46.0,31.0,10.0,8.0,11.0
381,10.0,13.0,13.0,30.0,10.0,10.0,8.0,47.0,46.0,31.0,10.0,8.0,11.0
382,10.0,13.0,13.0,30.0,10.0,10.0,8.0,47.0,46.0,31.0,10.0,8.0,11.0
383,10.0,14.0,13.0,30.0,10.0,10.0,8.0,47.0,46.0,31.0,10.0,8.0,11.0
384,10.0,14.0,13.0,30.0,10.0,10.0,8.0,47.0,46.0,31.0,10.0,8.0,11.0
385,10.0,14.0,14.0,30.0,10.0,10.0,8.0,47.0,46.0,31.0,10.0,8.0,11.0
386,10.0,14.0,14.0,30.0,11.0,10.0,8.0,47.0,46.0,31.0,11.0,8.0,11.0
387,10.0,14.0,14.0,30.0,11.0,10.0,8.0,47.0,46.0,31.0,11.0,8.0,11.0
388,10.0,15.0,14.0,30.0,11.0,10.0,8.0,47.0,46.0,31.0,11.0,8.0,11.0
389,10.0,15.0,14.0,30.0,11.0,10.0,8.0,47.0,46.0,31.0,11.0,8.0,11.0
390,10.0,15.0,13.0,30.0,11.0,10.0,8.0,47.0,46.0,31.0,11.0,8.0,11.0
391,10.0,16.0,14.0,30.0,11.0,10.0,8.0,47.0,46.0,31.0,12.0,8.0,11.0
392,10.0,16.0,14.0,30.0,11.0,10.0,8.0,47.0,46.0,31.0,12.0,8.0,11.0
393,10.0,15.0,14.0,30.0,11.0,10.0,8.0,47.0,46.0,31.0,12.0,8.0,11.0
394,10.0,15.0,13.0,30.0,11.0,10.0,8.0,47.0,46.0,31.0,12.0,8.0,11.0
395,10.0,15.0,13.0,30.0,11.0,10.0,8.0,47.0,46.0,31.0,12.0,8.0,11.0
396,10.0,15.0,13.0,30.0,11.0,10.0,8.0,47.0,46.0,31.0,12.0,8.0,11.0
397,10.0,14.0,13.0,30.0,11.0,10.0,8.0,47.0,46.0,31.0,13.0,9.0,11.0
398,10.0,14.0,13.0,30.0,11.0,10.0,8.0,47.0,46.0,31.0,11.0,9.0,11.0
399,10.0,14.0,12.0,30.0,11.0,10.0,8.0,47.0,46.0,31.0,11.0,9.0,11.0
400,10.0,13.0,12.0,30.0,11.0,10.0,8.0,47.0,46.0,31.0,11.0,11.0,11.0
401,10.0,13.0,13.0,30.0,10.0,10.0,8.0,47.0,46.0,31.0,11.0,12.0,11.0
402,10.0,12.0,13.0,30.0,10.0,10.0,8.0,47.0,46.0,31.0,11.0,12.0,11.0
403,10.0,13.0,13.0,30.0,10.0,10.0,8.0,47.0,46.0,31.0,10.0,12.0,11.0
404,10.0,13.0,13.0,30.0,10.0,10.0,8.0,47.0,46.0,31.0,10.0,12.0,11.0
405,10.0,14.0,13.0,30.0,10.0,11.0,8.0,47.0,46.0,31.0,10.0,13.0,11.0
406,11.0,13.0,12.0,30.0,11.0,10.0,8.0,47.0,46.0,31.0,10.0,13.0,11.0
407,11.0,13.0,11.0,30.0,10.0,10.0,8.0,47.0,46.0,31.0,10.0,14.0,11.0
408,10.0,12.0,12.0,30.0,10.0,10.0,8.0,47.0,46.0,31.0,10.0,15.0,11.0
409,10.0,12.0,12.0,30.0,10.0,11.0,8.0,47.0,46.0,31.0,10.0,14.0,11.0
410,10.0,13.0,12.0,30.0,10.0,10.0,8.0,47.0,46.0,31.0,10.0,14.0,11.0
411,10.0,12.0,12.0,30.0,10.0,10.0,8.0,47.0,46.0,31.0,10.0,15.0,11.0
412,10.0,12.0,13.0,30.0,12.0,10.0,8.0,47.0,46.0,31.0,11.0,15.0,14.0
413,10.0,11.0,13.0,30.0,12.0,10.0,8.0,47.0,46.0,31.0,12.0,15.0,14.0
414,10.0,11.0,14.0,30.0,12.0,10.0,8.0,47.0,46.0,31.0,12.0,15.0,14.0
415,10.0,11.0,14.0,30.0,13.0,10.0,8.0,47.0,46.0,31.0,13.0,16.0,16.0
416,10.0,11.0,13.0,30.0,16.0,10.0,8.0,47.0,46.0,31.0,15.0,16.0,17.0
417,10.0,10.0,14.0,30.0,16.0,10.0,8.0,47.0,46.0,31.0,16.0,16.0,17.0
418,10.0,10.0,15.0,30.0,16.0,11.0,8.0,47.0,46.0,31.0,16.0,16.0,17.0
419,10.0,9.0,14.0,30.0,16.0,11.0,8.0,47.0,46.0,31.0,15.0,16.0,17.0
420,10.0,8.0,14.0,30.0,17.0,11.0,8.0,47.0,46.0,31.0,16.0,17.0,18.0
421,11.0,8.0,13.0,30.0,17.0,13.0,8.0,47.0,46.0,31.0,17.0,16.0,18.0
422,12.0,8.0,13.0,30.0,15.0,14.0,8.0,47.0,46.0,31.0,14.0,15.0,18.0
423,12.0,8.0,14.0,30.0,17.0,14.0,8.0,47.0,46.0,31.0,17.0,16.0,17.0
424,13.0,8.0,14.0,30.0,17.0,16.0,8.0,47.0,46.0,31.0,17.0,16.0,18.0
425,15.0,8.0,14.0,30.0,17.0,17.0,8.0,47.0,46.0,31.0,16.0,16.0,18.0
426,15.0,8.0,13.0,30.0,16.0,17.0,8.0,47.0,46.0,31.0,15.0,17.0,17.0
427,15.0,8.0,12.0,30.0,16.0,18.0,8.0,47.0,46.0,31.0,15.0,17.0,18.0
428,16.0,8.0,12.0,30.0,17.0,18.0,8.0,47.0,46.0,31.0,16.0,17.0,16.0
429,16.0,8.0,12.0,30.0,17.0,18.0,8.0,47.0,46.0,31.0,16.0,17.0,16.0
430,16.0,8.0,12.0,30.0,17.0,19.0,8.0,47.0,46.0,31.0,16.0,18.0,17.0
431,17.0,8.0,12.0,30.0,18.0,20.0,8.0,47.0,46.0,31.0,18.0,16.0,17.0
432,18.0,8.0,12.0,30.0,18.0,19.0,8.0,47.0,46.0,31.0,18.0,16.0,15.0
433,17.0,8.0,12.0,30.0,18.0,18.0,8.0,47.0,46.0,32.0,18.0,16.0,16.0
434,16.0,8.0,12.0,30.0,18.0,19.0,8.0,47.0,46.0,32.0,18.0,16.0,15.0
435,16.0,8.0,13.0,30.0,18.0,18.0,8.0,47.0,46.0,32.0,18.0,16.0,15.0
436,15.0,8.0,13.0,30.0,18.0,18.0,8.0,47.0,46.0,32.0,18.0,15.0,15.0
437,15.0,8.0,13.0,30.0,16.0,18.0,8.0,47.0,46.0,32.0,15.0,17.0,14.0
438,16.0,8.0,13.0,30.0,18.0,18.0,8.0,47.0,46.0,33.0,17.0,18.0,13.0
439,15.0,8.0,13.0,30.0,17.0,18.0,8.0,47.0,49.0,36.0,17.0,18.0,13.0
440,16.0,8.0,13.0,30.0,17.0,18.0,8.0,48.0,46.0,37.0,17.0,18.0,13.0
441,16.0,8.0,14.0,30.0,17.0,20.0,8.0,47.0,46.0,37.0,16.0,18.0,13.0
442,17.0,8.0,13.0,30.0,15.0,22.0,8.0,47.0,46.0,37.0,15.0,19.0,13.0
443,17.0,8.0,14.0,30.0,17.0,23.0,9.0,47.0,46.0,39.0,16.0,17.0,16.0
444,18.0,8.0,13.0,30.0,17.0,23.0,10.0,47.0,46.0,39.0,16.0,17.0,19.0
445,19.0,8.0,14.0,30.0,16.0,23.0,13.0,47.0,46.0,39.0,15.0,18.0,19.0
446,18.0,8.0,14.0,30.0,18.0,21.0,19.0,47.0,46.0,39.0,17.0,17.0,20.0
447,18.0,8.0,14.0,30.0,14.0,20.0,19.0,47.0,46.0,37.0,14.0,19.0,20.0
448,18.0,8.0,14.0,30.0,16.0,19.0,17.0,47.0,46.0,39.0,15.0,19.0,19.0
449,18.0,8.0,13.0,30.0,16.0,19.0,12.0,47.0,46.0,37.0,15.0,19.0,16.0
450,17.0,8.0,13.0,30.0,17.0,19.0,10.0,47.0,46.0,36.0,16.0,16.0,17.0
451,17.0,8.0,14.0,30.0,19.0,19.0,10.0,47.0,46.0,36.0,19.0,15.0,17.0
452,17.0,8.0,13.0,30.0,15.0,19.0,9.0,47.0,46.0,34.0,14.0,15.0,15.0
453,17.0,8.0,13.0,30.0,15.0,20.0,10.0,47.0,46.0,33.0,14.0,15.0,15.0
454,19.0,8.0,14.0,30.0,14.0,20.0,10.0,47.0,46.0,31.0,13.0,16.0,16.0
455,18.0,8.0,14.0,30.0,14.0,21.0,8.0,47.0,46.0,31.0,13.0,15.0,15.0
456,19.0,8.0,14.0,30.0,13.0,21.0,8.0,47.0,46.0,31.0,13.0,16.0,15.0
457,19.0,8.0,14.0,30.0,14.0,21.0,8.0,47.0,46.0,31.0,13.0,15.0,17.0
458,19.0,8.0,15.0,30.0,14.0,21.0,8.0,47.0,46.0,31.0,14.0,15.0,17.0
459,19.0,8.0,15.0,30.0,14.0,21.0,8.0,47.0,46.0,31.0,14.0,15.0,16.0
460,19.0,8.0,14.0,30.0,14.0,20.0,8.0,47.0,46.0,31.0,13.0,15.0,16.0
461,17.0,8.0,14.0,30.0,14.0,20.0,8.0,47.0,46.0,31.0,14.0,16.0,18.0
462,17.0,8.0,14.0,30.0,14.0,20.0,8.0,47.0,46.0,31.0,13.0,17.0,16.0
463,18.0,8.0,14.0,30.0,15.0,20.0,8.0,47.0,46.0,31.0,14.0,19.0,16.0
464,18.0,8.0,14.0,30.0,15.0,20.0,8.0,47.0,46.0,31.0,14.0,17.0,18.0
465,17.0,8.0,14.0,30.0,14.0,19.0,8.0,47.0,46.0,31.0,13.0,18.0,18.0
466,17.0,8.0,14.0,30.0,16.0,17.0,8.0,47.0,46.0,31.0,15.0,18.0,18.0
467,16.0,8.0,13.0,30.0,13.0,17.0,8.0,47.0,46.0,31.0,12.0,17.0,18.0
468,16.0,9.0,13.0,30.0,12.0,17.0,8.0,47.0,46.0,31.0,12.0,18.0,19.0
469,15.0,11.0,13.0,30.0,13.0,18.0,8.0,47.0,46.0,31.0,12.0,17.0,18.0
470,16.0,12.0,13.0,30.0,14.0,19.0,8.0,47.0,46.0,31.0,13.0,15.0,20.0
471,17.0,11.0,14.0,30.0,13.0,19.0,8.0,47.0,46.0,31.0,12.0,16.0,19.0
472,16.0,11.0,13.0,30.0,14.0,19.0,8.0,47.0,46.0,31.0,13.0,16.0,16.0
473,16.0,10.0,13.0,30.0,12.0,20.0,8.0,47.0,46.0,31.0,12.0,15.0,16.0
474,17.0,10.0,13.0,30.0,13.0,20.0,8.0,47.0,46.0,31.0,12.0,15.0,16.0
475,16.0,10.0,13.0,30.0,13.0,19.0,8.0,47.0,46.0,31.0,12.0,16.0,17.0
476,16.0,9.0,12.0,30.0,13.0,19.0,8.0,47.0,46.0,31.0,12.0,15.0,17.0
477,16.0,8.0,13.0,30.0,13.0,19.0,8.0,47.0,46.0,31.0,12.0,16.0,16.0
478,16.0,8.0,13.0,30.0,12.0,19.0,8.0,47.0,46.0,31.0,12.0,14.0,17.0
479,16.0,8.0,12.0,30.0,12.0,18.0,8.0,47.0,46.0,31.0,11.0,15.0,17.0
480,15.0,8.0,12.0,30.0,11.0,17.0,8.0,47.0,46.0,31.0,10.0,14.0,17.0
481,15.0,8.0,13.0,30.0,11.0,16.0,8.0,47.0,46.0,31.0,10.0,12.0,16.0
482,14.0,8.0,13.0,30.0,11.0,16.0,8.0,47.0,46.0,31.0,10.0,12.0,16.0
483,15.0,8.0,13.0,30.0,11.0,15.0,8.0,47.0,46.0,31.0,10.0,10.0,15.0
484,15.0,8.0,13.0,30.0,11.0,16.0,8.0,47.0,46.0,31.0,10.0,9.0,15.0
485,16.0,8.0,13.0,30.0,11.0,17.0,8.0,47.0,46.0,31.0,11.0,8.0,14.0
486,16.0,8.0,13.0,30.0,11.0,16.0,8.0,47.0,46.0,31.0,11.0,8.0,15.0
487,15.0,8.0,13.0,30.0,11.0,16.0,8.0,47.0,46.0,31.0,11.0,8.0,16.0
488,15.0,8.0,14.0,30.0,11.0,14.0,8.0,47.0,46.0,31.0,11.0,8.0,20.0
489,13.0,8.0,13.0,30.0,11.0,13.0,8.0,47.0,46.0,31.0,11.0,8.0,22.0
490,13.0,8.0,13.0,30.0,11.0,12.0,8.0,47.0,46.0,31.0,11.0,8.0,24.0
491,12.0,8.0,13.0,30.0,11.0,12.0,8.0,47.0,46.0,31.0,10.0,8.0,24.0
492,12.0,8.0,13.0,30.0,11.0,12.0,8.0,47.0,46.0,31.0,10.0,8.0,19.0
493,12.0,8.0,14.0,30.0,11.0,12.0,8.0,47.0,46.0,31.0,10.0,8.0,16.0
494,12.0,8.0,13.0,30.0,11.0,13.0,8.0,47.0,46.0,31.0,10.0,8.0,16.0
495,12.0,8.0,13.0,30.0,11.0,13.0,8.0,47.0,46.0,31.0,10.0,8.0,13.0
496,13.0,8.0,13.0,30.0,11.0,14.0,8.0,47.0,46.0,31.0,10.0,8.0,11.0
497,13.0,8.0,13.0,30.0,11.0,14.0,8.0,47.0,46.0,31.0,10.0,8.0,11.0
498,13.0,8.0,13.0,30.0,10.0,13.0,8.0,47.0,46.0,31.0,10.0,8.0,11.0
499,12.0,8.0,12.0,30.0,11.0,12.0,8.0,47.0,46.0,31.0,10.0,8.0,11.0
500,11.0,8.0,12.0,30.0,11.0,11.0,8.0,47.0,46.0,31.0,11.0,8.0,11.0
501,11.0,8.0,12.0,30.0,11.0,11.0,8.0,47.0,46.0,31.0,11.0,8.0,11.0
502,11.0,8.0,13.0,30.0,10.0,11.0,8.0,47.0,46.0,31.0,11.0,8.0,11.0
503,11.0,8.0,12.0,30.0,11.0,11.0,8.0,47.0,46.0,31.0,11.0,8.0,11.0
504,11.0,8.0,12.0,30.0,10.0,11.0,8.0,47.0,46.0,31.0,10.0,8.0,11.0
505,11.0,8.0,12.0,30.0,10.0,11.0,8.0,47.0,46.0,31.0,10.0,8.0,11.0
506,11.0,8.0,12.0,30.0,11.0,10.0,8.0,47.0,46.0,31.0,10.0,8.0,11.0
507,11.0,8.0,13.0,30.0,10.0,11.0,8.0,47.0,46.0,31.0,10.0,8.0,11.0
508,11.0,8.0,13.0,30.0,10.0,11.0,8.0,47.0,46.0,31.0,10.0,8.0,11.0
509,11.0,8.0,12.0,30.0,10.0,11.0,8.0,47.0,46.0,31.0,10.0,8.0,11.0
510,11.0,8.0,12.0,30.0,10.0,10.0,8.0,47.0,46.0,31.0,10.0,8.0,11.0
511,11.0,8.0,12.0,30.0,10.0,10.0,8.0,47.0,46.0,31.0,10.0,8.0,11.0
512,10.0,8.0,12.0,30.0,10.0,11.0,8.0,47.0,46.0,31.0,10.0,8.0,11.0
513,11.0,8.0,12.0,30.0,10.0,10.0,8.0,47.0,46.0,31.0,10.0,8.0,11.0
514,10.0,8.0,11.0,30.0,10.0,10.0,8.0,47.0,46.0,31.0,10.0,8.0,11.0
515,10.0,8.0,11.0,30.0,10.0,10.0,8.0,47.0,46.0,31.0,11.0,8.0,11.0
516,10.0,8.0,12.0,30.0,10.0,10.0,8.0,47.0,46.0,31.0,10.0,8.0,11.0
517,10.0,8.0,12.0,30.0,10.0,10.0,8.0,47.0,46.0,31.0,10.0,8.0,11.0
518,10.0,8.0,12.0,30.0,10.0,11.0,8.0,47.0,46.0,31.0,10.0,8.0,11.0
519,10.0,8.0,12.0,30.0,11.0,10.0,8.0,47.0,46.0,31.0,10.0,8.0,11.0
520,10.0,8.0,12.0,30.0,11.0,14.0,8.0,47.0,46.0,31.0,10.0,8.0,11.0
521,10.0,8.0,12.0,30.0,10.0,15.0,8.0,47.0,46.0,31.0,10.0,8.0,11.0
522,12.0,8.0,12.0,30.0,11.0,14.0,8.0,47.0,46.0,31.0,11.0,8.0,11.0
523,12.0,8.0,12.0,30.0,11.0,14.0,8.0,47.0,46.0,31.0,10.0,8.0,11.0
524,11.0,8.0,12.0,30.0,10.0,11.0,8.0,47.0,46.0,31.0,10.0,8.0,11.0
525,11.0,8.0,12.0,30.0,10.0,10.0,8.0,47.0,46.0,31.0,10.0,8.0,11.0
526,10.0,8.0,12.0,30.0,11.0,10.0,8.0,47.0,46.0,31.0,10.0,8.0,11.0
527,10.0,8.0,12.0,30.0,10.0,10.0,8.0,47.0,46.0,31.0,10.0,8.0,11.0
528,10.0,8.0,13.0,30.0,10.0,10.0,8.0,47.0,46.0,31.0,10.0,8.0,11.0
529,10.0,8.0,14.0,30.0,11.0,10.0,8.0,47.0,46.0,31.0,10.0,8.0,11.0
530,10.0,8.0,15.0,30.0,11.0,10.0,8.0,47.0,46.0,31.0,10.0,8.0,11.0
531,10.0,8.0,16.0,30.0,11.0,10.0,8.0,47.0,46.0,31.0,10.0,8.0,11.0
532,10.0,8.0,17.0,30.0,10.0,10.0,8.0,47.0,46.0,31.0,10.0,8.0,11.0
533,10.0,8.0,18.0,30.0,11.0,10.0,8.0,47.0,46.0,31.0,10.0,8.0,11.0
534,10.0,8.0,17.0,30.0,10.0,10.0,8.0,47.0,46.0,31.0,10.0,8.0,11.0
535,10.0,8.0,19.0,30.0,10.0,10.0,8.0,47.0,46.0,31.0,10.0,8.0,11.0
536,11.0,8.0,24.0,30.0,11.0,10.0,8.0,47.0,46.0,31.0,11.0,8.0,11.0
537,11.0,8.0,19.0,30.0,10.0,10.0,8.0,47.0,46.0,31.0,11.0,8.0,11.0
538,10.0,9.0,14.0,30.0,10.0,10.0,8.0,47.0,46.0,31.0,10.0,8.0,11.0
539,10.0,9.0,13.0,30.0,10.0,10.0,8.0,47.0,46.0,31.0,10.0,8.0,11.0
540,10.0,10.0,13.0,30.0,10.0,10.0,8.0,47.0,46.0,31.0,10.0,8.0,11.0
541,10.0,10.0,13.0,30.0,11.0,10.0,8.0,47.0,46.0,31.0,10.0,8.0,11.0
542,10.0,10.0,12.0,30.0,11.0,10.0,8.0,47.0,46.0,31.0,10.0,8.0,11.0
543,10.0,10.0,12.0,30.0,10.0,10.0,8.0,47.0,46.0,31.0,10.0,8.0,11.0
544,10.0,11.0,12.0,30.0,10.0,10.0,8.0,47.0,46.0,31.0,10.0,8.0,11.0
545,10.0,10.0,12.0,30.0,10.0,10.0,8.0,47.0,46.0,31.0,10.0,8.0,11.0
546,10.0,12.0,12.0,30.0,10.0,10.0,8.0,47.0,46.0,31.0,10.0,8.0,11.0
547,10.0,10.0,12.0,30.0,10.0,10.0,8.0,47.0,46.0,31.0,10.0,8.0,11.0
548,10.0,10.0,12.0,30.0,10.0,10.0,8.0,47.0,46.0,31.0,10.0,8.0,11.0
549,10.0,9.0,12.0,30.0,10.0,10.0,8.0,47.0,46.0,31.0,10.0,8.0,11.0
550,10.0,9.0,12.0,30.0,10.0,10.0,8.0,47.0,46.0,31.0,10.0,8.0,11.0
551,10.0,9.0,12.0,30.0,10.0,10.0,8.0,47.0,46.0,31.0,10.0,8.0,11.0
552,10.0,9.0,12.0,30.0,10.0,10.0,8.0,47.0,46.0,31.0,10.0,8.0,11.0
553,10.0,8.0,12.0,30.0,10.0,10.0,8.0,47.0,46.0,31.0,10.0,8.0,11.0
554,10.0,8.0,11.0,30.0,10.0,10.0,8.0,47.0,46.0,31.0,10.0,8.0,11.0
555,10.0,8.0,10.0,30.0,10.0,10.0,8.0,47.0,46.0,31.0,10.0,8.0,11.0
556,10.0,8.0,8.0,30.0,10.0,10.0,8.0,47.0,46.0,31.0,10.0,8.0,11.0
557,10.0,8.0,8.0,30.0,10.0,10.0,8.0,47.0,46.0,31.0,10.0,8.0,11.0
558,10.0,8.0,8.0,30.0,10.0,10.0,8.0,47.0,46.0,31.0,10.0,8.0,11.0
559,10.0,8.0,7.0,30.0,10.0,10.0,8.0,47.0,46.0,31.0,10.0,8.0,11.0
560,10.0,8.0,7.0,30.0,10.0,10.0,8.0,47.0,46.0,31.0,10.0,8.0,11.0
561,10.0,8.0,8.0,30.0,10.0,10.0,8.0,47.0,46.0,31.0,10.0,8.0,11.0
562,10.0,8.0,8.0,30.0,10.0,10.0,8.0,47.0,46.0,31.0,10.0,8.0,11.0
563,10.0,8.0,8.0,30.0,10.0,10.0,8.0,47.0,46.0,31.0,10.0,8.0,11.0
564,11.0,8.0,8.0,30.0,10.0,10.0,8.0,47.0,46.0,31.0,10.0,8.0,11.0
565,10.0,8.0,8.0,30.0,10.0,10.0,8.0,47.0,46.0,31.0,10.0,8.0,11.0
566,10.0,8.0,7.0,30.0,10.0,10.0,8.0,47.0,46.0,31.0,10.0,8.0,11.0
567,10.0,8.0,7.0,30.0,10.0,10.0,8.0,47.0,46.0,31.0,10.0,8.0,11.0
568,10.0,8.0,7.0,30.0,10.0,10.0,8.0,47.0,46.0,31.0,10.0,8.0,11.0
569,10.0,8.0,7.0,30.0,10.0,10.0,8.0,47.0,46.0,31.0,10.0,8.0,11.0
570,10.0,8.0,7.0,30.0,10.0,10.0,8.0,47.0,46.0,31.0,10.0,8.0,11.0
571,10.0,8.0,7.0,30.0,10.0,10.0,8.0,47.0,46.0,31.0,10.0,8.0,11.0
572,10.0,8.0,7.0,30.0,10.0,10.0,8.0,47.0,46.0,31.0,10.0,8.0,11.0
573,10.0,8.0,8.0,30.0,10.0,10.0,8.0,47.0,46.0,31.0,10.0,8.0,11.0
574,10.0,8.0,7.0,30.0,10.0,10.0,8.0,47.0,46.0,31.0,10.0,8.0,11.0
575,10.0,8.0,7.0,30.0,10.0,10.0,8.0,47.0,46.0,31.0,10.0,8.0,11.0
576,10.0,8.0,7.0,30.0,10.0,10.0,8.0,47.0,46.0,31.0,10.0,8.0,11.0
577,10.0,10.0,8.0,30.0,10.0,10.0,8.0,47.0,46.0,31.0,10.0,8.0,11.0
578,10.0,11.0,8.0,30.0,10.0,10.0,8.0,47.0,46.0,31.0,10.0,8.0,11.0
579,10.0,11.0,8.0,30.0,10.0,10.0,8.0,47.0,46.0,31.0,10.0,8.0,11.0
580,10.0,12.0,8.0,30.0,10.0,10.0,8.0,47.0,46.0,31.0,10.0,8.0,11.0
581,10.0,11.0,8.0,30.0,10.0,10.0,8.0,47.0,46.0,31.0,10.0,8.0,11.0
582,10.0,11.0,7.0,30.0,10.0,10.0,8.0,47.0,46.0,31.0,10.0,8.0,11.0
583,10.0,11.0,8.0,30.0,10.0,10.0,8.0,47.0,46.0,31.0,10.0,8.0,11.0
584,10.0,12.0,7.0,30.0,10.0,10.0,8.0,47.0,46.0,31.0,10.0,8.0,11.0
585,10.0,10.0,7.0,30.0,10.0,10.0,8.0,47.0,46.0,31.0,10.0,8.0,11.0
586,10.0,10.0,7.0,30.0,10.0,10.0,8.0,47.0,46.0,31.0,10.0,8.0,11.0
587,10.0,10.0,7.0,30.0,10.0,10.0,8.0,47.0,46.0,31.0,10.0,8.0,11.0
588,10.0,10.0,7.0,30.0,10.0,10.0,8.0,47.0,46.0,31.0,10.0,8.0,11.0
589,10.0,10.0,7.0,30.0,10.0,10.0,8.0,47.0,46.0,31.0,10.0,8.0,11.0
590,11.0,9.0,8.0,30.0,10.0,10.0,8.0,47.0,46.0,31.0,10.0,8.0,11.0
591,10.0,9.0,8.0,30.0,10.0,10.0,8.0,47.0,46.0,31.0,10.0,8.0,11.0
592,10.0,10.0,7.0,30.0,10.0,10.0,8.0,47.0,46.0,31.0,10.0,8.0,11.0
593,10.0,10.0,8.0,30.0,10.0,10.0,8.0,47.0,46.0,31.0,10.0,8.0,11.0
594,10.0,10.0,7.0,30.0,10.0,10.0,8.0,47.0,46.0,31.0,10.0,8.0,11.0
595,10.0,10.0,7.0,30.0,10.0,10.0,8.0,47.0,46.0,31.0,10.0,8.0,11.0
596,10.0,11.0,7.0,30.0,10.0,10.0,8.0,47.0,46.0,31.0,10.0,8.0,11.0
597,10.0,9.0,7.0,30.0,10.0,10.0,8.0,47.0,46.0,31.0,10.0,8.0,11.0
598,10.0,10.0,7.0,30.0,10.0,10.0,8.0,47.0,46.0,31.0,10.0,8.0,11.0
599,10.0,10.0,7.0,30.0,10.0,10.0,8.0,47.0,46.0,31.0,10.0,8.0,11.0
600,10.0,9.0,7.0,30.0,10.0,10.0,8.0,47.0,46.0,31.0,10.0,8.0,11.0
601,10.0,10.0,7.0,30.0,10.0,15.0,8.0,47.0,46.0,31.0,10.0,8.0,11.0
602,12.0,10.0,7.0,30.0,10.0,14.0,8.0,47.0,46.0,31.0,10.0,8.0,11.0
603,11.0,10.0,7.0,30.0,10.0,13.0,8.0,47.0,46.0,31.0,10.0,8.0,11.0
604,11.0,11.0,7.0,30.0,10.0,11.0,8.0,47.0,46.0,31.0,10.0,8.0,11.0
605,10.0,12.0,7.0,30.0,10.0,10.0,8.0,47.0,46.0,31.0,10.0,8.0,11.0
606,10.0,11.0,7.0,30.0,10.0,10.0,8.0,47.0,46.0,31.0,10.0,8.0,11.0
607,10.0,12.0,7.0,30.0,10.0,10.0,8.0,47.0,46.0,31.0,10.0,8.0,11.0
608,10.0,16.0,7.0,30.0,10.0,10.0,8.0,47.0,46.0,31.0,10.0,8.0,11.0
609,10.0,16.0,7.0,30.0,10.0,10.0,8.0,47.0,46.0,31.0,10.0,8.0,11.0
610,10.0,12.0,7.0,30.0,10.0,10.0,8.0,47.0,46.0,31.0,10.0,8.0,11.0
611,10.0,12.0,7.0,30.0,10.0,10.0,8.0,47.0,46.0,31.0,10.0,8.0,11.0
612,10.0,12.0,7.0,30.0,10.0,10.0,8.0,47.0,46.0,31.0,10.0,8.0,11.0
613,10.0,12.0,7.0,30.0,10.0,10.0,8.0,47.0,46.0,31.0,10.0,8.0,11.0
614,10.0,11.0,7.0,30.0,10.0,10.0,8.0,47.0,46.0,31.0,10.0,8.0,11.0
615,10.0,10.0,7.0,30.0,10.0,10.0,8.0,47.0,46.0,31.0,10.0,8.0,11.0
616,10.0,10.0,7.0,30.0,10.0,10.0,8.0,47.0,46.0,31.0,10.0,8.0,11.0
617,10.0,11.0,7.0,30.0,10.0,10.0,8.0,47.0,46.0,31.0,10.0,8.0,11.0
618,10.0,10.0,7.0,30.0,10.0,10.0,8.0,47.0,46.0,31.0,10.0,8.0,11.0
619,10.0,9.0,7.0,30.0,10.0,10.0,8.0,47.0,46.0,31.0,10.0,8.0,11.0
620,10.0,9.0,7.0,30.0,10.0,10.0,8.0,47.0,46.0,31.0,10.0,8.0,11.0
621,10.0,9.0,7.0,30.0,10.0,10.0,8.0,47.0,46.0,31.0,10.0,8.0,11.0
622,10.0,8.0,7.0,30.0,10.0,10.0,8.0,47.0,46.0,31.0,10.0,8.0,11.0
623,10.0,8.0,7.0,30.0,10.0,10.0,8.0,47.0,46.0,31.0,10.0,8.0,11.0
624,10.0,8.0,7.0,30.0,10.0,10.0,8.0,47.0,46.0,31.0,10.0,8.0,11.0
625,10.0,8.0,7.0,30.0,10.0,10.0,8.0,47.0,46.0,31.0,10.0,8.0,11.0
626,10.0,8.0,7.0,30.0,10.0,10.0,8.0,47.0,46.0,31.0,10.0,8.0,11.0
627,10.0,8.0,7.0,30.0,10.0,10.0,8.0,47.0,46.0,31.0,10.0,8.0,11.0
628,10.0,8.0,7.0,30.0,10.0,10.0,8.0,47.0,46.0,31.0,10.0,8.0,11.0
629,10.0,8.0,7.0,30.0,10.0,10.0,8.0,47.0,46.0,31.0,10.0,8.0,11.0
630,10.0,8.0,7.0,30.0,10.0,10.0,8.0,47.0,46.0,31.0,10.0,8.0,11.0
631,10.0,8.0,7.0,30.0,10.0,10.0,8.0,47.0,46.0,31.0,10.0,8.0,11.0
632,10.0,8.0,7.0,30.0,10.0,10.0,8.0,47.0,46.0,31.0,10.0,8.0,11.0
633,10.0,8.0,8.0,30.0,10.0,10.0,8.0,47.0,46.0,31.0,10.0,8.0,11.0
634,10.0,8.0,8.0,30.0,10.0,10.0,8.0,47.0,46.0,31.0,10.0,8.0,11.0
635,10.0,8.0,7.0,30.0,10.0,10.0,8.0,47.0,46.0,31.0,10.0,8.0,11.0
636,10.0,8.0,7.0,30.0,10.0,10.0,8.0,47.0,46.0,31.0,10.0,8.0,11.0
637,10.0,8.0,7.0,30.0,10.0,10.0,8.0,47.0,46.0,31.0,10.0,8.0,11.0
638,10.0,8.0,7.0,30.0,10.0,10.0,8.0,47.0,46.0,31.0,10.0,8.0,11.0
639,10.0,8.0,8.0,30.0,10.0,10.0,8.0,47.0,46.0,31.0,10.0,8.0,11.0
640,10.0,8.0,8.0,30.0,10.0,10.0,8.0,47.0,46.0,31.0,10.0,8.0,11.0
641,10.0,8.0,7.0,30.0,10.0,10.0,8.0,47.0,46.0,31.0,10.0,8.0,11.0
642,10.0,8.0,7.0,30.0,10.0,10.0,8.0,47.0,46.0,31.0,10.0,8.0,11.0
643,10.0,8.0,7.0,30.0,10.0,10.0,8.0,47.0,46.0,31.0,10.0,8.0,11.0
644,10.0,8.0,7.0,30.0,10.0,10.0,8.0,47.0,46.0,31.0,10.0,8.0,11.0
645,10.0,8.0,7.0,30.0,10.0,10.0,8.0,47.0,46.0,31.0,10.0,8.0,11.0
646,10.0,8.0,8.0,30.0,10.0,10.0,8.0,47.0,46.0,31.0,10.0,8.0,11.0
647,10.0,8.0,8.0,30.0,10.0,10.0,8.0,47.0,46.0,31.0,10.0,8.0,11.0
648,10.0,8.0,8.0,30.0,10.0,10.0,8.0,47.0,46.0,31.0,10.0,8.0,11.0
649,10.0,8.0,8.0,30.0,10.0,10.0,8.0,47.0,46.0,31.0,10.0,8.0,11.0
650,10.0,8.0,7.0,30.0,10.0,10.0,8.0,47.0,46.0,31.0,10.0,8.0,11.0
651,10.0,8.0,7.0,30.0,10.0,10.0,8.0,47.0,46.0,31.0,10.0,8.0,11.0
652,10.0,8.0,7.0,30.0,10.0,10.0,8.0,47.0,46.0,31.0,10.0,8.0,11.0
653,10.0,8.0,7.0,30.0,10.0,10.0,8.0,47.0,46.0,31.0,10.0,8.0,11.0
654,10.0,8.0,7.0,30.0,10.0,10.0,8.0,47.0,46.0,31.0,10.0,8.0,11.0
655,10.0,8.0,7.0,30.0,10.0,10.0,8.0,47.0,46.0,31.0,10.0,8.0,11.0
656,10.0,8.0,7.0,30.0,10.0,10.0,8.0,47.0,46.0,31.0,10.0,8.0,11.0
657,10.0,8.0,7.0,30.0,10.0,10.0,8.0,47.0,46.0,31.0,10.0,8.0,11.0
658,10.0,8.0,8.0,30.0,10.0,10.0,8.0,47.0,46.0,31.0,10.0,8.0,11.0
659,10.0,8.0,8.0,30.0,10.0,10.0,8.0,47.0,46.0,31.0,10.0,8.0,11.0
660,10.0,8.0,7.0,30.0,10.0,10.0,8.0,47.0,46.0,31.0,10.0,8.0,11.0
661,10.0,8.0,7.0,30.0,10.0,10.0,8.0,47.0,46.0,31.0,10.0,8.0,11.0
662,10.0,8.0,7.0,30.0,10.0,10.0,8.0,47.0,46.0,31.0,10.0,8.0,11.0
663,10.0,8.0,7.0,30.0,10.0,10.0,8.0,47.0,46.0,31.0,10.0,8.0,11.0
664,10.0,8.0,7.0,30.0,10.0,10.0,8.0,47.0,46.0,31.0,10.0,8.0,11.0
665,10.0,8.0,7.0,30.0,10.0,10.0,8.0,47.0,46.0,31.0,10.0,8.0,11.0
666,10.0,8.0,7.0,30.0,10.0,10.0,8.0,47.0,46.0,31.0,10.0,8.0,11.0
667,10.0,8.0,7.0,30.0,10.0,10.0,8.0,47.0,46.0,31.0,10.0,8.0,11.0
668,10.0,8.0,7.0,30.0,10.0,10.0,8.0,47.0,46.0,31.0,10.0,8.0,11.0
669,10.0,8.0,7.0,30.0,10.0,10.0,8.0,47.0,46.0,31.0,10.0,8.0,11.0
670,10.0,8.0,7.0,30.0,10.0,10.0,8.0,47.0,46.0,31.0,10.0,8.0,11.0
671,10.0,8.0,7.0,30.0,10.0,10.0,8.0,47.0,46.0,31.0,10.0,8.0,11.0
672,10.0,8.0,7.0,30.0,10.0,10.0,8.0,47.0,46.0,31.0,10.0,8.0,11.0
673,11.0,8.0,7.0,30.0,10.0,10.0,8.0,47.0,46.0,31.0,10.0,8.0,11.0
674,10.0,8.0,7.0,30.0,10.0,10.0,8.0,47.0,46.0,31.0,10.0,8.0,11.0
675,10.0,8.0,7.0,30.0,10.0,10.0,8.0,47.0,46.0,31.0,10.0,8.0,11.0
676,10.0,8.0,7.0,30.0,10.0,10.0,8.0,47.0,46.0,31.0,10.0,8.0,11.0
677,10.0,8.0,7.0,30.0,10.0,10.0,8.0,47.0,46.0,31.0,10.0,8.0,11.0
678,10.0,8.0,7.0,30.0,10.0,10.0,8.0,47.0,46.0,31.0,10.0,8.0,11.0
679,10.0,8.0,7.0,30.0,10.0,10.0,8.0,47.0,46.0,31.0,10.0,8.0,11.0
680,10.0,8.0,7.0,30.0,10.0,10.0,8.0,47.0,46.0,31.0,10.0,8.0,11.0
681,10.0,8.0,7.0,30.0,10.0,11.0,8.0,47.0,46.0,31.0,10.0,8.0,11.0
682,10.0,8.0,7.0,30.0,10.0,10.0,8.0,47.0,46.0,31.0,10.0,8.0,11.0
683,10.0,8.0,7.0,30.0,10.0,10.0,8.0,47.0,46.0,31.0,10.0,8.0,11.0
684,10.0,8.0,7.0,30.0,10.0,10.0,8.0,47.0,46.0,31.0,10.0,8.0,11.0
685,10.0,8.0,7.0,30.0,10.0,10.0,8.0,47.0,46.0,31.0,10.0,8.0,11.0
686,10.0,8.0,7.0,30.0,10.0,10.0,8.0,47.0,46.0,31.0,10.0,8.0,11.0
687,10.0,8.0,7.0,30.0,10.0,10.0,8.0,47.0,46.0,31.0,10.0,8.0,11.0
688,10.0,8.0,7.0,30.0,10.0,10.0,8.0,47.0,46.0,31.0,10.0,8.0,11.0
689,10.0,8.0,7.0,30.0,10.0,10.0,8.0,47.0,46.0,31.0,10.0,8.0,11.0
690,10.0,8.0,7.0,30.0,10.0,10.0,8.0,47.0,46.0,31.0,10.0,8.0,11.0
691,10.0,8.0,7.0,30.0,10.0,10.0,8.0,47.0,46.0,31.0,10.0,8.0,11.0
692,10.0,8.0,7.0,30.0,10.0,10.0,8.0,47.0,46.0,31.0,10.0,8.0,11.0
693,10.0,8.0,7.0,30.0,10.0,10.0,8.0,47.0,46.0,31.0,10.0,8.0,11.0
694,10.0,8.0,7.0,30.0,10.0,10.0,8.0,47.0,46.0,31.0,10.0,8.0,11.0
695,10.0,8.0,7.0,30.0,10.0,10.0,8.0,47.0,46.0,31.0,10.0,8.0,11.0
696,10.0,8.0,7.0,30.0,10.0,10.0,8.0,47.0,46.0,31.0,10.0,8.0,11.0
697,10.0,8.0,7.0,30.0,10.0,10.0,8.0,47.0,46.0,31.0,10.0,8.0,11.0
698,10.0,8.0,7.0,30.0,10.0,10.0,8.0,47.0,46.0,31.0,10.0,8.0,11.0
699,10.0,8.0,7.0,30.0,10.0,10.0,8.0,47.0,46.0,31.0,10.0,8.0,11.0
700,10.0,8.0,7.0,30.0,10.0,10.0,8.0,47.0,46.0,31.0,10.0,8.0,11.0
701,10.0,8.0,7.0,30.0,10.0,10.0,8.0,47.0,46.0,31.0,10.0,8.0,11.0
702,10.0,8.0,7.0,30.0,10.0,10.0,8.0,47.0,46.0,31.0,10.0,8.0,11.0
703,10.0,8.0,7.0,30.0,10.0,10.0,8.0,47.0,46.0,31.0,10.0,8.0,11.0
704,10.0,8.0,7.0,30.0,10.0,10.0,8.0,47.0,46.0,31.0,10.0,8.0,11.0
705,10.0,8.0,7.0,30.0,10.0,10.0,8.0,47.0,46.0,31.0,10.0,8.0,11.0
706,10.0,8.0,7.0,30.0,10.0,10.0,8.0,47.0,46.0,31.0,10.0,8.0,11.0
707,10.0,8.0,7.0,30.0,10.0,10.0,8.0,47.0,46.0,31.0,10.0,8.0,11.0
708,10.0,8.0,7.0,30.0,10.0,10.0,8.0,47.0,46.0,31.0,10.0,8.0,11.0
709,10.0,8.0,7.0,30.0,10.0,10.0,8.0,47.0,46.0,31.0,10.0,8.0,11.0
710,10.0,8.0,7.0,30.0,10.0,10.0,8.0,47.0,46.0,31.0,10.0,8.0,11.0
711,10.0,8.0,7.0,30.0,10.0,10.0,8.0,47.0,46.0,31.0,10.0,8.0,11.0
712,10.0,8.0,7.0,30.0,10.0,10.0,8.0,47.0,46.0,31.0,10.0,8.0,11.0
713,10.0,8.0,7.0,30.0,10.0,10.0,8.0,47.0,46.0,31.0,10.0,8.0,11.0
714,10.0,8.0,7.0,30.0,10.0,10.0,8.0,47.0,46.0,31.0,10.0,8.0,11.0
715,10.0,8.0,7.0,30.0,10.0,10.0,8.0,47.0,46.0,31.0,10.0,8.0,11.0
716,10.0,8.0,7.0,30.0,10.0,10.0,8.0,47.0,46.0,31.0,10.0,8.0,11.0
717,10.0,8.0,7.0,30.0,10.0,10.0,8.0,47.0,46.0,31.0,10.0,8.0,11.0
718,10.0,8.0,7.0,30.0,10.0,10.0,8.0,47.0,46.0,31.0,10.0,8.0,11.0
719,10.0,8.0,7.0,30.0,10.0,10.0,8.0,47.0,46.0,31.0,10.0,8.0,11.0
720,10.0,8.0,7.0,30.0,10.0,10.0,8.0,47.0,46.0,31.0,10.0,8.0,11.0
721,10.0,8.0,7.0,30.0,10.0,10.0,8.0,47.0,46.0,31.0,10.0,8.0,11.0
722,10.0,8.0,7.0,30.0,10.0,10.0,8.0,47.0,46.0,31.0,10.0,8.0,11.0
723,10.0,8.0,7.0,30.0,10.0,10.0,8.0,47.0,46.0,31.0,10.0,8.0,11.0
724,10.0,8.0,7.0,30.0,10.0,10.0,8.0,47.0,46.0,31.0,10.0,8.0,11.0
725,10.0,8.0,7.0,30.0,10.0,10.0,8.0,47.0,46.0,31.0,10.0,8.0,11.0
726,10.0,8.0,7.0,30.0,10.0,10.0,8.0,47.0,46.0,31.0,10.0,8.0,11.0
727,10.0,8.0,7.0,30.0,10.0,10.0,8.0,47.0,46.0,31.0,10.0,8.0,11.0
728,10.0,8.0,7.0,30.0,10.0,10.0,8.0,47.0,46.0,31.0,10.0,8.0,11.0
729,10.0,8.0,7.0,30.0,10.0,10.0,8.0,47.0,46.0,31.0,10.0,8.0,11.0
730,10.0,9.0,7.0,30.0,10.0,10.0,8.0,47.0,46.0,31.0,10.0,8.0,11.0
731,10.0,8.0,7.0,30.0,10.0,10.0,8.0,47.0,46.0,31.0,10.0,8.0,11.0
732,10.0,8.0,7.0,30.0,10.0,10.0,8.0,47.0,46.0,31.0,10.0,8.0,11.0
733,10.0,8.0,7.0,30.0,10.0,10.0,8.0,47.0,46.0,31.0,10.0,8.0,11.0
734,10.0,8.0,7.0,30.0,10.0,10.0,8.0,47.0,46.0,31.0,10.0,8.0,11.0
735,10.0,8.0,8.0,30.0,10.0,10.0,8.0,47.0,46.0,31.0,10.0,8.0,11.0
736,10.0,8.0,8.0,30.0,10.0,10.0,8.0,47.0,46.0,31.0,10.0,8.0,11.0
737,10.0,8.0,8.0,30.0,10.0,10.0,8.0,47.0,46.0,31.0,10.0,8.0,11.0
738,10.0,9.0,7.0,30.0,10.0,10.0,8.0,47.0,46.0,31.0,10.0,8.0,11.0
739,10.0,8.0,8.0,30.0,10.0,10.0,8.0,47.0,46.0,31.0,10.0,8.0,11.0
740,10.0,8.0,8.0,30.0,10.0,10.0,8.0,47.0,46.0,31.0,10.0,8.0,11.0
741,10.0,8.0,8.0,30.0,10.0,10.0,8.0,47.0,46.0,31.0,10.0,8.0,11.0
742,10.0,8.0,8.0,30.0,10.0,10.0,8.0,47.0,46.0,31.0,10.0,8.0,11.0
743,10.0,8.0,8.0,30.0,10.0,10.0,8.0,47.0,46.0,31.0,10.0,8.0,11.0
744,10.0,8.0,7.0,30.0,10.0,10.0,8.0,47.0,46.0,31.0,10.0,8.0,11.0
745,10.0,8.0,7.0,30.0,10.0,10.0,8.0,47.0,46.0,31.0,10.0,8.0,11.0
746,10.0,8.0,8.0,30.0,10.0,10.0,8.0,47.0,46.0,31.0,10.0,8.0,11.0
747,10.0,8.0,8.0,30.0,10.0,10.0,8.0,47.0,46.0,31.0,10.0,8.0,11.0
748,10.0,8.0,7.0,30.0,10.0,10.0,8.0,47.0,46.0,31.0,10.0,8.0,11.0
749,10.0,8.0,7.0,30.0,10.0,10.0,8.0,47.0,46.0,31.0,10.0,8.0,11.0
750,10.0,8.0,7.0,30.0,10.0,10.0,8.0,47.0,46.0,31.0,10.0,8.0,11.0
751,10.0,8.0,7.0,30.0,10.0,10.0,8.0,47.0,46.0,31.0,10.0,8.0,11.0
752,10.0,8.0,8.0,30.0,10.0,10.0,8.0,47.0,46.0,31.0,10.0,8.0,11.0
753,10.0,8.0,8.0,30.0,10.0,10.0,8.0,47.0,46.0,31.0,10.0,8.0,11.0
754,10.0,8.0,8.0,30.0,10.0,10.0,8.0,47.0,46.0,31.0,10.0,8.0,11.0
755,10.0,8.0,8.0,30.0,10.0,10.0,8.0,47.0,46.0,31.0,10.0,8.0,11.0
756,10.0,8.0,8.0,30.0,10.0,10.0,8.0,47.0,46.0,31.0,10.0,8.0,11.0
757,10.0,8.0,8.0,30.0,10.0,10.0,8.0,47.0,46.0,31.0,10.0,8.0,11.0
758,10.0,8.0,8.0,30.0,10.0,10.0,8.0,47.0,46.0,31.0,10.0,8.0,11.0
759,10.0,8.0,8.0,30.0,10.0,10.0,8.0,47.0,46.0,31.0,10.0,8.0,11.0
760,10.0,8.0,8.0,30.0,10.0,10.0,8.0,47.0,46.0,31.0,10.0,8.0,11.0
761,10.0,8.0,8.0,30.0,10.0,10.0,8.0,47.0,46.0,31.0,10.0,8.0,11.0
762,10.0,8.0,8.0,30.0,10.0,10.0,8.0,47.0,46.0,31.0,10.0,8.0,11.0
763,10.0,8.0,8.0,30.0,10.0,10.0,8.0,47.0,46.0,31.0,10.0,8.0,11.0
764,10.0,8.0,8.0,30.0,10.0,10.0,8.0,47.0,46.0,31.0,10.0,8.0,11.0
765,10.0,8.0,8.0,30.0,10.0,10.0,8.0,47.0,46.0,31.0,10.0,8.0,11.0
766,10.0,8.0,8.0,30.0,10.0,10.0,8.0,47.0,46.0,31.0,10.0,8.0,11.0
767,10.0,8.0,8.0,30.0,10.0,10.0,8.0,47.0,46.0,31.0,10.0,8.0,11.0
768,10.0,8.0,8.0,30.0,10.0,10.0,8.0,47.0,46.0,31.0,10.0,8.0,11.0
769,10.0,8.0,8.0,30.0,10.0,10.0,8.0,47.0,46.0,31.0,10.0,8.0,11.0
770,10.0,8.0,8.0,30.0,10.0,10.0,8.0,47.0,46.0,31.0,10.0,8.0,11.0
771,10.0,8.0,8.0,30.0,10.0,10.0,8.0,47.0,46.0,31.0,10.0,8.0,11.0
772,10.0,8.0,8.0,30.0,10.0,10.0,8.0,47.0,46.0,31.0,10.0,8.0,11.0
773,10.0,8.0,8.0,30.0,10.0,10.0,8.0,47.0,46.0,31.0,10.0,8.0,11.0
774,10.0,8.0,8.0,30.0,10.0,10.0,8.0,47.0,46.0,31.0,10.0,8.0,11.0
775,10.0,8.0,8.0,30.0,10.0,10.0,8.0,47.0,48.0,31.0,10.0,8.0,11.0
776,10.0,8.0,8.0,30.0,10.0,10.0,8.0,47.0,47.0,31.0,10.0,8.0,11.0
777,10.0,8.0,8.0,30.0,10.0,10.0,8.0,47.0,46.0,31.0,10.0,8.0,11.0
778,10.0,8.0,8.0,30.0,10.0,10.0,8.0,47.0,46.0,31.0,10.0,8.0,11.0
779,10.0,8.0,8.0,30.0,10.0,10.0,8.0,47.0,46.0,31.0,10.0,8.0,11.0
780,10.0,8.0,8.0,30.0,10.0,10.0,8.0,47.0,46.0,31.0,10.0,8.0,11.0
781,10.0,8.0,8.0,30.0,10.0,10.0,8.0,47.0,46.0,31.0,10.0,8.0,11.0
782,10.0,8.0,9.0,30.0,10.0,10.0,8.0,47.0,46.0,31.0,10.0,8.0,11.0
783,10.0,8.0,8.0,30.0,10.0,10.0,8.0,47.0,46.0,31.0,10.0,8.0,11.0
784,10.0,8.0,8.0,30.0,10.0,10.0,8.0,47.0,46.0,31.0,10.0,8.0,11.0
785,10.0,8.0,9.0,30.0,10.0,10.0,8.0,47.0,46.0,31.0,10.0,8.0,11.0
786,10.0,8.0,9.0,30.0,10.0,10.0,8.0,47.0,46.0,31.0,10.0,8.0,11.0
787,10.0,8.0,8.0,30.0,10.0,10.0,8.0,47.0,46.0,31.0,10.0,8.0,11.0
788,10.0,8.0,8.0,30.0,10.0,10.0,8.0,47.0,46.0,31.0,10.0,8.0,11.0
789,10.0,8.0,8.0,30.0,10.0,10.0,8.0,47.0,46.0,31.0,10.0,8.0,11.0
790,10.0,8.0,9.0,30.0,10.0,10.0,8.0,47.0,46.0,31.0,10.0,8.0,11.0
791,10.0,8.0,9.0,30.0,10.0,10.0,8.0,47.0,46.0,31.0,10.0,8.0,11.0
792,10.0,8.0,9.0,30.0,10.0,10.0,8.0,47.0,46.0,31.0,10.0,8.0,11.0
793,10.0,8.0,9.0,30.0,10.0,10.0,8.0,47.0,46.0,31.0,10.0,8.0,11.0
794,10.0,8.0,9.0,30.0,10.0,10.0,8.0,47.0,46.0,31.0,10.0,8.0,11.0
795,10.0,8.0,10.0,30.0,10.0,10.0,8.0,47.0,46.0,31.0,10.0,8.0,11.0
796,10.0,8.0,10.0,30.0,10.0,10.0,8.0,47.0,46.0,31.0,10.0,8.0,11.0
797,10.0,8.0,9.0,30.0,10.0,10.0,8.0,47.0,46.0,31.0,10.0,8.0,11.0
798,10.0,9.0,8.0,30.0,10.0,10.0,8.0,47.0,46.0,31.0,10.0,8.0,11.0
799,10.0,9.0,8.0,30.0,10.0,10.0,8.0,47.0,46.0,31.0,10.0,8.0,11.0
800,10.0,8.0,9.0,30.0,10.0,10.0,8.0,47.0,46.0,31.0,10.0,8.0,11.0
801,10.0,9.0,8.0,30.0,10.0,10.0,8.0,47.0,46.0,31.0,10.0,8.0,11.0
802,10.0,9.0,8.0,30.0,10.0,10.0,8.0,47.0,46.0,31.0,10.0,8.0,11.0
803,10.0,9.0,9.0,30.0,10.0,10.0,8.0,47.0,46.0,31.0,10.0,8.0,11.0
804,10.0,8.0,9.0,30.0,10.0,10.0,8.0,47.0,46.0,31.0,10.0,8.0,11.0
805,10.0,8.0,10.0,30.0,10.0,10.0,8.0,47.0,46.0,31.0,10.0,8.0,11.0
806,10.0,8.0,10.0,30.0,10.0,10.0,8.0,47.0,46.0,31.0,10.0,8.0,11.0
807,10.0,8.0,10.0,30.0,10.0,10.0,8.0,47.0,46.0,31.0,10.0,8.0,11.0
808,10.0,8.0,10.0,30.0,10.0,10.0,8.0,47.0,46.0,31.0,10.0,8.0,11.0
809,10.0,8.0,10.0,30.0,10.0,10.0,8.0,47.0,46.0,31.0,10.0,8.0,11.0
810,10.0,8.0,10.0,30.0,10.0,10.0,8.0,47.0,46.0,31.0,10.0,8.0,11.0
811,10.0,8.0,10.0,30.0,10.0,10.0,8.0,47.0,46.0,31.0,10.0,8.0,11.0
812,10.0,9.0,10.0,30.0,10.0,10.0,8.0,47.0,46.0,31.0,10.0,8.0,11.0
813,10.0,9.0,10.0,30.0,10.0,10.0,8.0,47.0,46.0,31.0,10.0,8.0,11.0
814,10.0,9.0,10.0,30.0,11.0,10.0,8.0,47.0,46.0,31.0,10.0,8.0,11.0
815,10.0,8.0,10.0,30.0,11.0,10.0,8.0,47.0,46.0,31.0,10.0,8.0,11.0
816,10.0,8.0,11.0,30.0,10.0,10.0,8.0,47.0,46.0,31.0,10.0,8.0,11.0
817,10.0,8.0,11.0,30.0,10.0,10.0,8.0,47.0,46.0,31.0,10.0,8.0,11.0
818,10.0,8.0,11.0,30.0,10.0,10.0,8.0,47.0,46.0,31.0,10.0,8.0,11.0
819,10.0,9.0,12.0,30.0,10.0,10.0,8.0,47.0,46.0,31.0,10.0,8.0,11.0
820,10.0,9.0,12.0,30.0,10.0,10.0,8.0,47.0,46.0,31.0,10.0,8.0,11.0
821,10.0,10.0,11.0,30.0,10.0,10.0,8.0,47.0,46.0,31.0,10.0,8.0,11.0
822,10.0,10.0,12.0,30.0,10.0,10.0,8.0,47.0,46.0,31.0,10.0,8.0,11.0
823,10.0,10.0,12.0,30.0,10.0,10.0,8.0,47.0,46.0,31.0,10.0,8.0,11.0
824,10.0,10.0,12.0,30.0,10.0,10.0,8.0,47.0,46.0,31.0,10.0,8.0,11.0
825,10.0,10.0,12.0,30.0,10.0,10.0,8.0,47.0,46.0,31.0,10.0,8.0,11.0
826,10.0,11.0,13.0,30.0,10.0,10.0,8.0,47.0,46.0,31.0,10.0,8.0,11.0
827,10.0,14.0,13.0,30.0,10.0,10.0,8.0,47.0,46.0,31.0,10.0,8.0,11.0
828,10.0,11.0,11.0,30.0,10.0,10.0,8.0,47.0,46.0,31.0,10.0,8.0,11.0
829,10.0,12.0,11.0,30.0,10.0,10.0,8.0,47.0,46.0,31.0,10.0,8.0,11.0
830,10.0,13.0,10.0,30.0,10.0,10.0,8.0,47.0,46.0,31.0,10.0,8.0,11.0
831,10.0,13.0,10.0,30.0,10.0,10.0,8.0,47.0,46.0,31.0,10.0,8.0,11.0
832,10.0,12.0,10.0,30.0,10.0,11.0,8.0,47.0,46.0,31.0,10.0,8.0,11.0
833,10.0,12.0,10.0,30.0,10.0,10.0,8.0,47.0,46.0,31.0,10.0,8.0,11.0
834,10.0,15.0,11.0,30.0,10.0,10.0,8.0,47.0,46.0,31.0,10.0,8.0,11.0
835,10.0,16.0,11.0,30.0,11.0,10.0,8.0,47.0,46.0,31.0,10.0,8.0,11.0
836,10.0,16.0,12.0,30.0,10.0,10.0,8.0,47.0,46.0,31.0,10.0,8.0,11.0
837,10.0,15.0,11.0,30.0,10.0,10.0,8.0,47.0,46.0,31.0,10.0,8.0,11.0
838,10.0,14.0,11.0,30.0,10.0,10.0,8.0,47.0,46.0,31.0,10.0,8.0,11.0
839,10.0,12.0,10.0,30.0,10.0,10.0,8.0,47.0,46.0,31.0,10.0,8.0,11.0
840,10.0,13.0,10.0,30.0,10.0,10.0,8.0,47.0,46.0,31.0,10.0,8.0,11.0
841,10.0,13.0,10.0,30.0,10.0,10.0,8.0,47.0,46.0,31.0,10.0,8.0,11.0
842,10.0,13.0,11.0,30.0,10.0,10.0,8.0,47.0,46.0,31.0,10.0,8.0,11.0
843,10.0,13.0,12.0,30.0,10.0,10.0,8.0,47.0,46.0,31.0,10.0,8.0,11.0
844,10.0,12.0,12.0,30.0,10.0,10.0,8.0,47.0,46.0,31.0,10.0,8.0,11.0
845,10.0,14.0,12.0,30.0,10.0,10.0,8.0,47.0,46.0,31.0,10.0,8.0,11.0
846,10.0,15.0,13.0,30.0,10.0,10.0,8.0,47.0,46.0,31.0,10.0,8.0,11.0
847,10.0,15.0,14.0,30.0,10.0,10.0,8.0,47.0,46.0,31.0,10.0,8.0,11.0
848,11.0,13.0,15.0,30.0,10.0,10.0,8.0,47.0,46.0,31.0,10.0,8.0,11.0
849,10.0,12.0,15.0,30.0,10.0,11.0,8.0,47.0,46.0,31.0,10.0,8.0,11.0
850,11.0,12.0,15.0,30.0,10.0,11.0,8.0,47.0,46.0,31.0,10.0,8.0,11.0
851,11.0,13.0,15.0,30.0,10.0,11.0,8.0,47.0,46.0,31.0,10.0,8.0,11.0
852,11.0,13.0,15.0,30.0,11.0,10.0,8.0,47.0,46.0,31.0,10.0,8.0,11.0
853,11.0,13.0,16.0,30.0,10.0,11.0,8.0,47.0,46.0,31.0,10.0,8.0,11.0
854,11.0,13.0,15.0,30.0,11.0,11.0,8.0,47.0,46.0,31.0,11.0,8.0,11.0
855,11.0,14.0,14.0,30.0,11.0,10.0,8.0,47.0,46.0,31.0,11.0,8.0,11.0
856,10.0,13.0,14.0,30.0,11.0,10.0,8.0,47.0,46.0,31.0,11.0,8.0,11.0
857,10.0,13.0,14.0,30.0,11.0,10.0,8.0,47.0,46.0,31.0,10.0,8.0,11.0
858,10.0,13.0,14.0,30.0,10.0,10.0,8.0,47.0,46.0,31.0,10.0,8.0,11.0
859,10.0,13.0,13.0,30.0,10.0,10.0,8.0,47.0,46.0,31.0,10.0,8.0,11.0
860,10.0,14.0,13.0,30.0,10.0,10.0,8.0,47.0,46.0,31.0,10.0,8.0,11.0
861,10.0,14.0,12.0,30.0,10.0,10.0,8.0,47.0,46.0,31.0,10.0,8.0,11.0
862,10.0,13.0,12.0,30.0,10.0,10.0,8.0,47.0,46.0,31.0,10.0,8.0,11.0
863,10.0,13.0,12.0,30.0,10.0,10.0,8.0,47.0,46.0,31.0,10.0,8.0,11.0
864,10.0,13.0,11.0,30.0,10.0,10.0,8.0,47.0,46.0,31.0,10.0,8.0,11.0
865,10.0,13.0,11.0,30.0,10.0,12.0,8.0,47.0,46.0,31.0,10.0,8.0,11.0
866,10.0,13.0,11.0,30.0,10.0,13.0,8.0,47.0,46.0,31.0,10.0,8.0,11.0
867,10.0,13.0,11.0,30.0,10.0,12.0,8.0,47.0,46.0,31.0,10.0,8.0,11.0
868,10.0,13.0,10.0,30.0,10.0,12.0,8.0,47.0,46.0,31.0,10.0,8.0,11.0
869,10.0,14.0,10.0,30.0,10.0,13.0,8.0,47.0,46.0,31.0,10.0,8.0,11.0
870,11.0,14.0,10.0,30.0,10.0,12.0,8.0,47.0,46.0,31.0,10.0,8.0,11.0
871,11.0,14.0,12.0,30.0,10.0,12.0,8.0,47.0,46.0,31.0,10.0,8.0,11.0
872,11.0,13.0,12.0,30.0,10.0,13.0,8.0,47.0,46.0,31.0,10.0,8.0,11.0
873,12.0,14.0,11.0,30.0,10.0,13.0,8.0,47.0,46.0,31.0,10.0,8.0,11.0
874,11.0,14.0,11.0,30.0,10.0,14.0,8.0,47.0,46.0,31.0,10.0,8.0,11.0
875,12.0,14.0,11.0,30.0,10.0,14.0,8.0,47.0,46.0,31.0,10.0,8.0,11.0
876,11.0,13.0,11.0,30.0,10.0,12.0,8.0,47.0,46.0,31.0,10.0,8.0,11.0
877,11.0,13.0,11.0,30.0,10.0,12.0,8.0,47.0,46.0,31.0,10.0,8.0,11.0
878,12.0,13.0,11.0,30.0,10.0,11.0,8.0,47.0,46.0,31.0,10.0,8.0,11.0
879,12.0,13.0,12.0,30.0,10.0,11.0,8.0,47.0,46.0,31.0,10.0,8.0,11.0
880,12.0,13.0,11.0,30.0,10.0,10.0,8.0,47.0,46.0,31.0,10.0,8.0,11.0
881,12.0,13.0,12.0,30.0,10.0,10.0,8.0,47.0,46.0,31.0,10.0,8.0,11.0
882,12.0,13.0,12.0,30.0,10.0,10.0,8.0,47.0,46.0,31.0,10.0,8.0,11.0
883,13.0,13.0,13.0,30.0,11.0,12.0,8.0,47.0,46.0,31.0,10.0,8.0,11.0
884,12.0,14.0,13.0,30.0,11.0,12.0,8.0,47.0,46.0,31.0,11.0,8.0,11.0
885,11.0,14.0,13.0,30.0,11.0,12.0,8.0,47.0,46.0,31.0,10.0,8.0,11.0
886,10.0,14.0,11.0,30.0,10.0,10.0,8.0,47.0,46.0,31.0,10.0,8.0,11.0
887,10.0,14.0,11.0,30.0,10.0,10.0,8.0,47.0,46.0,31.0,10.0,8.0,11.0
888,10.0,14.0,11.0,30.0,10.0,10.0,8.0,47.0,46.0,31.0,10.0,8.0,11.0
889,10.0,13.0,11.0,30.0,10.0,11.0,8.0,47.0,46.0,31.0,10.0,8.0,11.0
890,11.0,13.0,12.0,30.0,10.0,12.0,8.0,47.0,46.0,31.0,10.0,8.0,11.0
891,11.0,13.0,12.0,30.0,10.0,12.0,8.0,47.0,46.0,31.0,10.0,8.0,11.0
892,11.0,13.0,13.0,30.0,10.0,13.0,8.0,47.0,46.0,31.0,10.0,8.0,11.0
893,12.0,12.0,13.0,30.0,10.0,13.0,8.0,47.0,46.0,31.0,10.0,8.0,11.0
894,12.0,13.0,14.0,30.0,10.0,15.0,8.0,47.0,46.0,31.0,10.0,8.0,11.0
895,12.0,13.0,13.0,30.0,10.0,15.0,8.0,47.0,46.0,31.0,10.0,8.0,11.0
896,12.0,13.0,13.0,30.0,10.0,13.0,8.0,47.0,46.0,31.0,10.0,8.0,11.0
897,12.0,13.0,14.0,30.0,10.0,13.0,8.0,47.0,46.0,31.0,10.0,8.0,11.0
898,12.0,12.0,13.0,30.0,11.0,13.0,8.0,47.0,46.0,31.0,11.0,8.0,11.0
899,12.0,11.0,13.0,30.0,11.0,13.0,8.0,47.0,46.0,31.0,10.0,8.0,11.0
900,12.0,12.0,13.0,30.0,11.0,12.0,8.0,47.0,46.0,31.0,11.0,8.0,11.0
901,11.0,12.0,13.0,30.0,11.0,12.0,8.0,47.0,46.0,31.0,11.0,8.0,11.0
902,12.0,11.0,14.0,30.0,11.0,12.0,8.0,47.0,46.0,31.0,10.0,8.0,11.0
903,11.0,11.0,14.0,30.0,11.0,11.0,8.0,47.0,46.0,31.0,10.0,8.0,11.0
904,11.0,11.0,14.0,30.0,10.0,11.0,8.0,47.0,46.0,31.0,10.0,8.0,11.0
905,12.0,11.0,15.0,30.0,10.0,11.0,8.0,47.0,46.0,31.0,10.0,8.0,11.0
906,12.0,12.0,14.0,30.0,10.0,11.0,8.0,47.0,46.0,31.0,10.0,8.0,11.0
907,13.0,12.0,15.0,30.0,10.0,11.0,8.0,47.0,46.0,31.0,10.0,8.0,11.0
908,14.0,11.0,14.0,30.0,10.0,12.0,8.0,47.0,46.0,31.0,10.0,8.0,11.0
909,14.0,11.0,13.0,30.0,10.0,12.0,8.0,47.0,46.0,31.0,10.0,8.0,11.0
910,14.0,11.0,14.0,30.0,10.0,12.0,8.0,47.0,46.0,31.0,10.0,8.0,11.0
911,14.0,11.0,13.0,30.0,11.0,13.0,8.0,47.0,46.0,31.0,11.0,8.0,11.0
912,14.0,10.0,14.0,30.0,11.0,15.0,8.0,47.0,46.0,31.0,11.0,8.0,11.0
913,14.0,10.0,14.0,30.0,11.0,17.0,8.0,47.0,46.0,31.0,11.0,8.0,11.0
914,14.0,10.0,14.0,30.0,11.0,17.0,8.0,47.0,46.0,31.0,11.0,8.0,11.0
915,14.0,10.0,14.0,30.0,12.0,18.0,8.0,47.0,46.0,31.0,12.0,8.0,11.0
916,14.0,10.0,14.0,30.0,12.0,17.0,8.0,47.0,46.0,31.0,11.0,8.0,11.0
917,13.0,12.0,14.0,30.0,12.0,16.0,8.0,47.0,46.0,31.0,11.0,8.0,11.0
918,13.0,11.0,14.0,30.0,11.0,16.0,8.0,47.0,46.0,31.0,11.0,8.0,11.0
919,14.0,10.0,15.0,30.0,11.0,16.0,8.0,47.0,46.0,31.0,11.0,8.0,11.0
920,13.0,11.0,15.0,30.0,11.0,14.0,8.0,47.0,46.0,31.0,11.0,8.0,11.0
921,14.0,10.0,14.0,30.0,11.0,15.0,8.0,47.0,46.0,31.0,11.0,8.0,11.0
922,13.0,12.0,14.0,30.0,11.0,12.0,8.0,47.0,46.0,31.0,11.0,8.0,11.0
923,13.0,12.0,14.0,30.0,11.0,12.0,8.0,47.0,46.0,31.0,11.0,8.0,11.0
924,13.0,12.0,14.0,30.0,10.0,12.0,8.0,47.0,46.0,31.0,10.0,8.0,11.0
925,14.0,12.0,14.0,30.0,10.0,12.0,8.0,47.0,46.0,31.0,10.0,8.0,11.0
926,13.0,12.0,14.0,30.0,10.0,12.0,8.0,47.0,46.0,31.0,10.0,8.0,11.0
927,12.0,15.0,14.0,30.0,10.0,12.0,8.0,47.0,46.0,31.0,10.0,8.0,11.0
928,11.0,12.0,15.0,30.0,10.0,14.0,8.0,47.0,46.0,31.0,10.0,8.0,11.0
929,11.0,12.0,15.0,30.0,10.0,13.0,8.0,47.0,46.0,31.0,10.0,8.0,11.0
930,11.0,12.0,15.0,30.0,10.0,13.0,8.0,47.0,46.0,31.0,10.0,8.0,11.0
931,11.0,13.0,15.0,30.0,11.0,13.0,8.0,47.0,46.0,31.0,10.0,8.0,11.0
932,11.0,13.0,15.0,30.0,10.0,14.0,8.0,47.0,46.0,31.0,10.0,8.0,11.0
933,11.0,13.0,15.0,30.0,10.0,13.0,8.0,47.0,46.0,31.0,10.0,8.0,11.0
934,11.0,14.0,15.0,30.0,10.0,13.0,8.0,47.0,46.0,31.0,10.0,8.0,11.0
935,11.0,14.0,15.0,30.0,10.0,12.0,8.0,47.0,46.0,31.0,10.0,8.0,11.0
936,11.0,14.0,15.0,30.0,10.0,11.0,8.0,47.0,46.0,31.0,10.0,8.0,11.0
937,11.0,14.0,15.0,30.0,10.0,11.0,8.0,47.0,46.0,31.0,10.0,8.0,11.0
938,11.0,15.0,15.0,30.0,11.0,11.0,8.0,47.0,46.0,31.0,10.0,8.0,11.0
939,11.0,14.0,15.0,30.0,10.0,11.0,8.0,47.0,46.0,31.0,10.0,8.0,11.0
940,12.0,14.0,15.0,30.0,10.0,11.0,8.0,47.0,46.0,31.0,10.0,8.0,11.0
941,12.0,14.0,15.0,30.0,10.0,10.0,8.0,47.0,46.0,31.0,10.0,8.0,11.0
942,12.0,16.0,15.0,30.0,11.0,10.0,8.0,47.0,46.0,31.0,11.0,8.0,11.0
943,12.0,13.0,14.0,30.0,11.0,11.0,8.0,47.0,46.0,31.0,11.0,8.0,11.0
944,12.0,13.0,14.0,30.0,10.0,11.0,8.0,47.0,46.0,31.0,10.0,8.0,11.0
945,12.0,13.0,14.0,30.0,10.0,12.0,8.0,47.0,46.0,31.0,10.0,8.0,11.0
946,12.0,12.0,15.0,30.0,10.0,12.0,8.0,47.0,46.0,31.0,10.0,8.0,11.0
947,11.0,12.0,15.0,30.0,10.0,11.0,8.0,47.0,46.0,31.0,10.0,8.0,11.0
948,11.0,11.0,15.0,30.0,10.0,11.0,8.0,47.0,46.0,31.0,10.0,8.0,11.0
949,10.0,11.0,14.0,30.0,10.0,11.0,8.0,47.0,46.0,31.0,10.0,8.0,11.0
950,10.0,11.0,13.0,30.0,10.0,12.0,8.0,47.0,46.0,31.0,10.0,8.0,11.0
951,10.0,10.0,14.0,30.0,10.0,11.0,8.0,47.0,46.0,31.0,10.0,8.0,11.0
952,10.0,10.0,14.0,30.0,10.0,12.0,8.0,47.0,46.0,31.0,10.0,8.0,11.0
953,10.0,10.0,13.0,30.0,10.0,12.0,8.0,47.0,46.0,31.0,10.0,8.0,11.0
954,10.0,10.0,13.0,30.0,11.0,11.0,8.0,47.0,46.0,31.0,10.0,8.0,11.0
955,11.0,9.0,13.0,30.0,11.0,11.0,8.0,47.0,46.0,31.0,11.0,8.0,11.0
956,11.0,9.0,12.0,30.0,11.0,11.0,8.0,47.0,46.0,31.0,11.0,8.0,11.0
957,10.0,9.0,13.0,30.0,11.0,10.0,8.0,47.0,46.0,31.0,11.0,8.0,11.0
958,11.0,9.0,13.0,30.0,10.0,10.0,8.0,47.0,46.0,31.0,10.0,8.0,11.0
959,10.0,8.0,13.0,30.0,11.0,11.0,8.0,47.0,46.0,31.0,10.0,8.0,11.0
960,10.0,9.0,13.0,30.0,11.0,11.0,8.0,47.0,46.0,31.0,11.0,8.0,11.0
961,10.0,9.0,12.0,30.0,11.0,10.0,8.0,47.0,46.0,31.0,10.0,8.0,11.0
962,10.0,8.0,10.0,30.0,11.0,10.0,8.0,47.0,46.0,31.0,10.0,8.0,11.0
963,10.0,9.0,10.0,30.0,11.0,11.0,8.0,47.0,46.0,31.0,10.0,8.0,11.0
964,10.0,9.0,11.0,30.0,10.0,11.0,8.0,47.0,46.0,31.0,10.0,8.0,11.0
965,10.0,9.0,12.0,30.0,10.0,10.0,8.0,47.0,46.0,31.0,10.0,8.0,11.0
966,10.0,9.0,13.0,30.0,11.0,11.0,8.0,47.0,46.0,31.0,10.0,8.0,11.0
967,10.0,10.0,13.0,30.0,11.0,11.0,8.0,47.0,46.0,31.0,10.0,8.0,11.0
968,10.0,10.0,11.0,30.0,10.0,11.0,8.0,47.0,46.0,31.0,10.0,8.0,11.0
969,10.0,10.0,11.0,30.0,10.0,11.0,8.0,47.0,46.0,31.0,10.0,8.0,11.0
970,10.0,11.0,11.0,30.0,10.0,11.0,8.0,47.0,46.0,31.0,10.0,8.0,11.0
971,10.0,11.0,11.0,30.0,10.0,11.0,8.0,47.0,46.0,31.0,10.0,8.0,11.0
972,10.0,11.0,11.0,30.0,11.0,11.0,8.0,47.0,46.0,31.0,10.0,8.0,11.0
973,10.0,11.0,10.0,30.0,11.0,11.0,8.0,47.0,46.0,31.0,10.0,8.0,11.0
974,10.0,11.0,11.0,30.0,10.0,11.0,8.0,47.0,46.0,31.0,10.0,8.0,11.0
975,11.0,11.0,11.0,30.0,10.0,11.0,8.0,47.0,46.0,31.0,10.0,8.0,11.0
976,11.0,11.0,12.0,30.0,10.0,10.0,8.0,47.0,46.0,31.0,10.0,8.0,11.0
977,11.0,11.0,12.0,30.0,10.0,10.0,8.0,47.0,46.0,31.0,10.0,8.0,11.0
978,11.0,11.0,13.0,30.0,10.0,10.0,8.0,47.0,46.0,31.0,10.0,8.0,11.0
979,11.0,12.0,13.0,30.0,10.0,10.0,8.0,47.0,46.0,31.0,10.0,8.0,11.0
980,10.0,12.0,12.0,30.0,10.0,10.0,8.0,47.0,46.0,31.0,10.0,8.0,11.0
981,10.0,12.0,12.0,30.0,10.0,10.0,8.0,47.0,46.0,31.0,10.0,8.0,11.0
982,10.0,11.0,11.0,30.0,10.0,10.0,8.0,47.0,46.0,31.0,10.0,8.0,11.0
983,10.0,11.0,11.0,30.0,10.0,10.0,8.0,47.0,46.0,31.0,10.0,8.0,11.0
984,10.0,9.0,11.0,30.0,10.0,10.0,8.0,47.0,46.0,31.0,10.0,8.0,11.0
985,10.0,9.0,11.0,30.0,10.0,10.0,8.0,47.0,46.0,31.0,10.0,8.0,11.0
986,10.0,8.0,10.0,30.0,10.0,10.0,8.0,47.0,46.0,31.0,10.0,8.0,11.0
987,10.0,8.0,10.0,30.0,10.0,10.0,8.0,47.0,46.0,31.0,10.0,8.0,11.0
988,10.0,8.0,9.0,30.0,10.0,10.0,8.0,47.0,46.0,31.0,10.0,8.0,11.0
989,10.0,8.0,9.0,30.0,10.0,10.0,8.0,47.0,46.0,31.0,10.0,8.0,11.0
990,10.0,8.0,9.0,30.0,10.0,10.0,8.0,47.0,46.0,31.0,10.0,8.0,11.0
991,10.0,8.0,9.0,30.0,10.0,11.0,8.0,47.0,46.0,31.0,10.0,8.0,11.0
992,10.0,8.0,9.0,30.0,10.0,11.0,8.0,47.0,46.0,31.0,10.0,8.0,11.0
993,10.0,8.0,9.0,30.0,10.0,11.0,8.0,47.0,46.0,31.0,10.0,8.0,11.0
994,10.0,8.0,10.0,30.0,10.0,10.0,8.0,47.0,46.0,31.0,10.0,8.0,11.0
995,10.0,8.0,9.0,32.0,10.0,10.0,8.0,47.0,46.0,31.0,10.0,8.0,11.0
996,10.0,8.0,9.0,31.0,10.0,10.0,8.0,47.0,46.0,31.0,10.0,8.0,11.0
997,10.0,8.0,9.0,30.0,10.0,10.0,8.0,47.0,46.0,31.0,10.0,8.0,11.0
998,10.0,8.0,9.0,30.0,10.0,10.0,8.0,47.0,46.0,31.0,10.0,8.0,12.0
999,10.0,8.0,8.0,30.0,10.0,10.0,8.0,47.0,46.0,31.0,10.0,8.0,12.0
