,pandemic_infected,pandemic_recovered,pandemic_susceptible
0,0.00034375,0.43145625,0.559555
1,0.0003275,0.4315425,0.559485
2,0.00034500000000000004,0.43161750000000004,0.55941125
3,0.00032875,0.43169625,0.5593524999999999
4,0.00029375,0.43176625,0.55931625
5,0.000295,0.43186875,0.55925375
6,0.00030875,0.43192250000000004,0.55918875
7,0.00030875,0.43199499999999996,0.55913625
8,0.0002975,0.43206875,0.5590925
9,0.00028,0.43214375,0.55902875
10,0.00026875,0.43220625,0.5589824999999999
11,0.00026000000000000003,0.43228,0.5589324999999999
12,0.00026000000000000003,0.43233999999999995,0.5588825
13,0.00025125,0.43240500000000004,0.55884375
14,0.0002525,0.43244750000000004,0.55880375
15,0.00024249999999999999,0.43250500000000003,0.558775
16,0.00021625,0.43256625,0.5587525
17,0.000225,0.43261375,0.55870875
18,0.00021749999999999997,0.43268125,0.55866125
19,0.0002,0.43273875,0.55862875
20,0.00020875,0.43278875,0.55858375
21,0.00021,0.43284375,0.55854375
22,0.00021875,0.43289875,0.5584925000000001
23,0.000215,0.43297125,0.55845
24,0.00020375,0.433015,0.558415
25,0.0002025,0.43307125,0.5583725
26,0.00020375,0.43311375,0.558335
27,0.00018625,0.43316125,0.5583075
28,0.00017875,0.43321625,0.55827875
29,0.000175,0.43324750000000006,0.55824375
30,0.00017749999999999998,0.43328249999999996,0.55821125
31,0.00018375,0.43333875,0.55817375
32,0.00017625,0.43338375,0.55814125
33,0.00017749999999999998,0.43342250000000004,0.55811375
34,0.00018,0.433465,0.55808125
35,0.00017625,0.43351625,0.55803875
36,0.00018125,0.4335575,0.5580025
37,0.000195,0.43359625,0.55795875
38,0.00017125,0.43363875,0.55793125
39,0.00016875,0.43368875,0.557905
40,0.00016,0.43371750000000003,0.55787875
41,0.00015625,0.43374750000000006,0.5578425
42,0.00015625,0.43377875,0.55782375
43,0.00015625,0.43381000000000003,0.5577925
44,0.00014375,0.4338425,0.5577725
45,0.00012625,0.433875,0.55775125
46,0.00011375,0.43390249999999997,0.55773125
47,0.00010875,0.43392250000000004,0.55771
48,0.00012125,0.43395500000000004,0.55767875
49,0.00013125,0.43397875,0.55764875
50,0.00013375,0.43401125,0.55761625
51,0.00014125,0.43405375,0.55758625
52,0.0001325,0.4340825,0.55756625
53,0.0001225,0.43412125,0.55754875
54,0.00013000000000000002,0.434145,0.55752
55,0.00013875,0.43417125,0.557495
56,0.00013375,0.4342,0.5574725
57,0.00011625,0.43422125,0.55746125
58,0.0001125,0.4342525,0.557445
59,0.0001125,0.43427625,0.55742375
60,0.00010875,0.4343025,0.55740375
61,0.00010375,0.43432375,0.5573875
62,0.00010375,0.434355,0.55737125
63,9e-05,0.43437875,0.5573600000000001
64,9e-05,0.4344,0.5573425
65,7.875e-05,0.434425,0.55733125
66,7.625e-05,0.43445249999999996,0.55731625
67,7.25e-05,0.43448125,0.55729875
68,7e-05,0.43450375,0.55729
69,6.875e-05,0.43451875,0.557275
70,7.375e-05,0.4345325,0.5572625
71,7e-05,0.4345575,0.55724875
72,7.875e-05,0.434575,0.55723
73,8.625e-05,0.43459875,0.55720875
74,8.625e-05,0.434625,0.557195
75,8.375e-05,0.43465,0.55717625
76,9.125e-05,0.43466625,0.55715125
77,6.875e-05,0.434695,0.55714625
78,6.375e-05,0.43471499999999996,0.55713
79,6.375e-05,0.43473999999999996,0.5571149999999999
80,5.625e-05,0.43476000000000004,0.55710625
81,5.125e-05,0.434775,0.55710125
82,4.875e-05,0.43478500000000003,0.557095
83,4e-05,0.43479875,0.55708875
84,4e-05,0.43481375,0.5570825
85,3.875e-05,0.43482250000000006,0.5570775
86,3.875e-05,0.43483249999999996,0.557075
87,4e-05,0.43484750000000005,0.5570649999999999
88,4.375e-05,0.43485875,0.55705625
89,4.125e-05,0.43486875,0.55704625
90,3.875e-05,0.4348875,0.55704
91,4.375e-05,0.43490125,0.55702875
92,4.125e-05,0.4349125,0.557025
93,3.75e-05,0.43492125,0.55702125
94,3.625e-05,0.4349325,0.55701375
95,3.625e-05,0.43493875,0.55700875
96,3.875e-05,0.43494750000000004,0.557005
97,4.2499999999999996e-05,0.43495625,0.5569975
98,3.875e-05,0.43496625,0.55699125
99,3.2500000000000004e-05,0.43497749999999996,0.5569875
100,3.875e-05,0.4349825,0.55697875
101,4.2499999999999996e-05,0.43499125,0.5569675000000001
102,3.625e-05,0.435,0.5569649999999999
103,3.375e-05,0.43500500000000003,0.5569625
104,4e-05,0.43501125,0.556955
105,4e-05,0.43502250000000003,0.556945
106,3.5e-05,0.4350325,0.55694
107,3.375e-05,0.43504375,0.5569324999999999
108,3.375e-05,0.43505,0.55692875
109,3.125e-05,0.435055,0.556925
110,3.2500000000000004e-05,0.43506125,0.55692
111,3.2500000000000004e-05,0.43506999999999996,0.55691125
112,3.375e-05,0.43507375,0.5569075
113,3.375e-05,0.43508375,0.5569025
114,2.9999999999999997e-05,0.43509375,0.55689375
115,2.625e-05,0.4350975,0.55689125
116,2.875e-05,0.43510249999999995,0.5568825
117,2.5e-05,0.43511375,0.55687875
118,2.375e-05,0.43512375,0.5568725
119,2.25e-05,0.43513,0.55686875
120,2.125e-05,0.4351375,0.5568649999999999
121,1.75e-05,0.43514125,0.5568625
122,1.75e-05,0.43515,0.55686
123,1.625e-05,0.43515249999999994,0.55685875
124,2e-05,0.435155,0.5568525
125,1.875e-05,0.43516000000000005,0.55684875
126,1.875e-05,0.43516375,0.55684625
127,1.625e-05,0.43516750000000004,0.556845
128,1.375e-05,0.43517625,0.55684375
129,1.25e-05,0.43518125,0.55684125
130,1.125e-05,0.43518500000000004,0.5568375
131,8.75e-06,0.43518875,0.5568375
132,1.125e-05,0.43519250000000004,0.5568350000000001
133,1e-05,0.43519625,0.5568350000000001
134,8.75e-06,0.4352,0.5568350000000001
135,8.75e-06,0.43520125,0.55683375
136,7.499999999999999e-06,0.43520249999999994,0.5568325
137,8.75e-06,0.43520249999999994,0.55683125
138,8.75e-06,0.43521000000000004,0.55683
139,1.125e-05,0.4352125,0.55682625
140,1e-05,0.43521499999999996,0.55682625
141,8.75e-06,0.43521750000000003,0.55682625
142,1.125e-05,0.43521875,0.5568225
143,7.499999999999999e-06,0.43522375,0.5568225
144,6.25e-06,0.435225,0.5568225
145,5e-06,0.435225,0.55682125
146,5e-06,0.43522625,0.55682
147,5e-06,0.43523125,0.55682
148,3.75e-06,0.43523375,0.55682
149,1.25e-06,0.4352375,0.55682
150,1.25e-06,0.4352375,0.55682
151,1.25e-06,0.43523875,0.55682
152,0.00063125,0.0,0.999365
153,0.0007325,4.2499999999999996e-05,0.999135
154,0.000975,0.000125,0.9987299999999999
155,0.00142875,0.00023125,0.99803625
156,0.00252875,0.00038500000000000003,0.9965799999999999
157,0.00451875,0.00068125,0.9939049999999999
158,0.008020000000000001,0.0011775,0.98925375
159,0.01359875,0.00208875,0.98148125
160,0.021485,0.0036174999999999996,0.97009875
161,0.03060875,0.00584625,0.95582375
162,0.03977625,0.009025,0.93965
163,0.04857125,0.01314375,0.92211
164,0.05599625,0.01819875,0.90418625
165,0.062775,0.02413875,0.8854375
166,0.0682575,0.031010000000000003,0.8670450000000001
167,0.07260375,0.03861875,0.8487125
168,0.07620375,0.0469175,0.83054875
169,0.07799,0.05583875,0.8132225000000001
170,0.07903625,0.06515,0.79679875
171,0.07898625,0.074775,0.78136
172,0.07804125,0.08492000000000001,0.76656625
173,0.07639875,0.09549500000000001,0.7529600000000001
174,0.07430625,0.10609249999999999,0.74030375
175,0.07170875,0.11677375,0.7286
176,0.0688825,0.1276,0.7174699999999999
177,0.06578375,0.13840875,0.70734625
178,0.06261749999999999,0.14905125,0.6977300000000001
179,0.059472500000000005,0.1594175,0.68884875
180,0.05638625,0.16963625,0.6805675
181,0.0532325,0.17965125,0.6729999999999999
182,0.0499975,0.189815,0.66586875
183,0.0471125,0.1995325,0.65916875
184,0.0444825,0.209105,0.652985
185,0.04181875,0.21836875,0.64716625
186,0.0390575,0.2274375,0.64173625
187,0.036605,0.23633125,0.63661625
188,0.03435625,0.24465875,0.631915
189,0.03237875,0.25292125,0.6273325
190,0.03018625,0.26088875,0.6231774999999999
191,0.02818875,0.26865625,0.61931375
192,0.02641375,0.2761775,0.61563875
193,0.024640000000000002,0.2832525,0.612265
194,0.023127500000000002,0.290015,0.6091225
195,0.02174375,0.29664875,0.60616375
196,0.020372499999999998,0.30283499999999997,0.6033475
197,0.01909875,0.30901875,0.60068875
198,0.0179925,0.31487,0.5981274999999999
199,0.01712375,0.32045875,0.59555375
200,0.01619,0.32580375,0.59327375
201,0.015265,0.330855,0.59108625
202,0.01432125,0.33576625,0.58903625
203,0.01342,0.34047,0.58714375
204,0.01263875,0.34492875,0.58541875
205,0.01185375,0.34942375,0.58366625
206,0.01119625,0.35370250000000003,0.5820000000000001
207,0.0105775,0.35768375,0.58044625
208,0.0099925,0.361375,0.57895125
209,0.00949875,0.364915,0.57751125
210,0.0089625,0.36843125,0.57623125
211,0.0084975,0.37176125,0.57497
212,0.00797625,0.37497875,0.57378125
213,0.007582500000000001,0.37805375,0.57263375
214,0.00715375,0.38091625,0.57163125
215,0.00677875,0.38375375,0.5706675
216,0.00641375,0.38639,0.56975
217,0.0060325000000000005,0.38888875,0.56887625
218,0.0057125,0.39133875,0.56802375
219,0.005435,0.3936575,0.56727625
220,0.005125,0.39583625,0.566545
221,0.0048825000000000006,0.39793,0.56577
222,0.00461,0.39998625,0.5650975
223,0.00434375,0.40188,0.5644825
224,0.00412625,0.40362625,0.56384375
225,0.0039175,0.4052425,0.56328625
226,0.00374625,0.406885,0.56271125
227,0.0035375,0.40855749999999996,0.5621725000000001
228,0.003315,0.41006750000000003,0.56171625
229,0.00311625,0.41154625,0.56123875
230,0.00297875,0.4128325,0.56077625
231,0.00283375,0.41417875,0.5603375
232,0.00262625,0.41545875,0.55996625
233,0.002435,0.41662250000000006,0.55960875
234,0.00232875,0.41770125,0.559265
235,0.00219375,0.41877749999999997,0.55893625
236,0.0020775,0.419735,0.5586399999999999
237,0.00196375,0.42066625,0.55833875
238,0.00188625,0.421555,0.55804875
239,0.00178625,0.4224825,0.55776875
240,0.00165875,0.42332125,0.55750625
241,0.0015475,0.42413,0.55728125
242,0.00147,0.42481375,0.55706625
243,0.00137,0.4255575,0.5568625
244,0.00130625,0.42620875,0.5566675
245,0.0012275,0.42685625,0.55647875
246,0.001175,0.42745625,0.55630125
247,0.00112625,0.42808625,0.55612125
248,0.0010525,0.42865875,0.5559675000000001
249,0.0009525,0.42920749999999996,0.55584
250,0.0008925000000000001,0.429695,0.55571125
251,0.0008375,0.43017875,0.5556025
252,0.00078625,0.43065375,0.55549125
253,0.00074375,0.43103500000000006,0.55537375
254,0.00070625,0.43150375,0.5552600000000001
255,0.0006675,0.4319075,0.55514875
256,0.0006625,0.432245,0.55503875
257,0.0005925,0.43263,0.55495375
258,0.00055,0.43292375,0.55488875
259,0.0005200000000000001,0.43323249999999996,0.55481875
260,0.000495,0.43352375,0.5547475000000001
261,0.00047999999999999996,0.43379875,0.55467625
262,0.00044125,0.43405,0.55461125
263,0.00042375,0.43428875,0.55453875
264,0.00040875,0.43452250000000003,0.55447125
265,0.00038125,0.43474875,0.55440625
266,0.000375,0.43496375,0.55434625
267,0.00037125,0.4351875,0.5542875
268,0.000335,0.43539375,0.55424
269,0.00032,0.4355825,0.55419
270,0.00031749999999999997,0.43574125,0.554145
271,0.0003,0.43588999999999994,0.5541024999999999
272,0.0002925,0.43603375,0.55405
273,0.00028125,0.4361875,0.55401
274,0.00026000000000000003,0.43634375,0.553975
275,0.00023500000000000002,0.43648125,0.55394625
276,0.00021375,0.4366125,0.55392375
277,0.00019125,0.43673249999999997,0.55390625
278,0.00019375,0.43684375,0.55388
279,0.00017875,0.43696125,0.553855
280,0.00016875,0.43706125,0.55383125
281,0.00015375,0.437175,0.553815
282,0.00014375,0.4372625,0.55379375
283,0.000135,0.437355,0.553775
284,0.00012749999999999998,0.43744625,0.55376
285,0.00011750000000000001,0.4375175,0.5537475000000001
286,0.00011625,0.4375875,0.55373
287,0.00011,0.4376575,0.55372
288,9.25e-05,0.43770875,0.55371125
289,9e-05,0.437755,0.55369875
290,8.25e-05,0.4378125,0.5536825
291,8.375e-05,0.43786875,0.55366625
292,7.125e-05,0.43792250000000005,0.55366
293,6.125e-05,0.43797250000000004,0.55365375
294,5.9999999999999995e-05,0.438025,0.55364375
295,5.25e-05,0.4380575,0.5536399999999999
296,5.125e-05,0.43809499999999996,0.5536325
297,5e-05,0.43812875,0.55362625
298,4.375e-05,0.43816625,0.55361875
299,3.75e-05,0.43821499999999997,0.55361125
300,3.75e-05,0.43824125,0.5536075
301,3.5e-05,0.43826125,0.55359875
302,3.125e-05,0.4382875,0.55359375
303,2.875e-05,0.43831499999999995,0.5535899999999999
304,2.25e-05,0.438345,0.55358625
305,2.375e-05,0.4383625,0.5535800000000001
306,2e-05,0.43838375,0.5535775
307,2.5e-05,0.43839875,0.55357125
308,2e-05,0.43842250000000005,0.55356875
309,1.625e-05,0.43843999999999994,0.553565
310,1.4999999999999999e-05,0.43846,0.55356375
311,1.25e-05,0.43847875,0.5535625
312,8.75e-06,0.43849499999999997,0.5535625
313,1.25e-05,0.43850500000000003,0.553555
314,1.25e-05,0.43852625,0.5535525
315,1e-05,0.43853875,0.55354875
316,8.75e-06,0.4385575,0.55354625
317,8.75e-06,0.43856625,0.553545
318,1e-05,0.43857749999999995,0.5535425
319,8.75e-06,0.43858625,0.55354125
320,7.499999999999999e-06,0.43859750000000003,0.5535399999999999
321,7.499999999999999e-06,0.438605,0.55353875
322,7.499999999999999e-06,0.43861375,0.55353875
323,7.499999999999999e-06,0.43862125,0.5535375
324,6.25e-06,0.4386325,0.5535375
325,3.75e-06,0.4386375,0.5535375
326,2.5e-06,0.43864375,0.5535375
327,1.25e-06,0.43865375,0.5535375
328,1.25e-06,0.4386625,0.5535375
329,2.5e-06,0.43866625,0.55353625
330,2.5e-06,0.43866625,0.55353625
331,1.25e-06,0.43867,0.55353625
332,1.25e-06,0.4386725,0.55353625
333,1.25e-06,0.43867375,0.55353625
334,0.00062625,1.25e-06,0.99937125
335,0.00069625,4.875e-05,0.99918
336,0.00088,0.00010875,0.99885625
337,0.0012625,0.00019250000000000002,0.99826
338,0.00198,0.00032125,0.99722625
339,0.0032049999999999995,0.0005575,0.99544375
340,0.0055975,0.00093125,0.99217625
341,0.0094425,0.00161,0.9868100000000001
342,0.01521375,0.00265,0.9786425
343,0.02220875,0.004365,0.96785
344,0.029869999999999997,0.00674875,0.954915
345,0.0377,0.00989875,0.94027875
346,0.045495,0.0138725,0.924265
347,0.0528125,0.0187075,0.9070024999999999
348,0.059695000000000005,0.02428875,0.88917375
349,0.06529375,0.03085875,0.8710575
350,0.06991875,0.0382075,0.85288125
351,0.07379,0.04625875,0.83471125
352,0.07643375,0.054747500000000004,0.81733125
353,0.07747125,0.0642475,0.80063625
354,0.0779275,0.07382625,0.784895
355,0.07782,0.08358375,0.76984125
356,0.07629875,0.09387125,0.75595
357,0.07409249999999999,0.10439875,0.74315625
358,0.07174875,0.1150925,0.7310675
359,0.06921625,0.12585875,0.7195825
360,0.066365,0.13660999999999998,0.7091824999999999
361,0.06332,0.14708375,0.69941625
362,0.0604075,0.15762375,0.69030875
363,0.057197500000000005,0.16807625,0.68193375
364,0.053872500000000004,0.17817375,0.67422875
365,0.0507475,0.1883875,0.66693125
366,0.0477825,0.19807750000000002,0.6600575
367,0.044935,0.20751,0.65376875
368,0.04219,0.2168025,0.64783375
369,0.03968,0.22586875,0.64225
370,0.03725,0.23464749999999998,0.63705875
371,0.0348375,0.24319375,0.63225
372,0.03275125,0.25137625,0.62776375
373,0.03051375,0.25942125,0.62368125
374,0.02840875,0.2672525,0.6198275
375,0.02647875,0.27464375,0.61621125
376,0.024732499999999998,0.2817325,0.61292625
377,0.02313875,0.28857875,0.609825
378,0.02141125,0.2951125,0.6070375
379,0.019934999999999998,0.3013925,0.60433875
380,0.01866375,0.30746125,0.60177
381,0.017435,0.31331125,0.59945
382,0.01630125,0.31890749999999995,0.5972175000000001
383,0.01534375,0.32414,0.5950774999999999
384,0.01443875,0.32919875,0.59316
385,0.013569999999999999,0.33402375,0.59132625
386,0.012647499999999999,0.33877125,0.58964375
387,0.011695,0.3432425,0.5881350000000001
388,0.01102375,0.34746625,0.5866
389,0.01014375,0.35155,0.58522875
390,0.00953625,0.35544499999999996,0.58389875
391,0.008822499999999999,0.35912375,0.5827175
392,0.0082325,0.3626,0.58165125
393,0.0077025,0.36598375,0.5805975
394,0.00719125,0.36918249999999997,0.579645
395,0.00664125,0.37228125,0.57873375
396,0.00627625,0.37510875,0.57788875
397,0.00594375,0.37786625,0.57704625
398,0.00549125,0.380575,0.57630625
399,0.00511375,0.38309499999999996,0.57562875
400,0.0046700000000000005,0.38541625,0.57504875
401,0.00442375,0.38757625,0.57443625
402,0.00413375,0.3895625,0.57384375
403,0.0038525,0.391575,0.573325
404,0.003595,0.39350749999999995,0.57281875
405,0.00329125,0.3953775,0.5723725000000001
406,0.0031275,0.39716875,0.57194875
407,0.0028775,0.3988275,0.5715825
408,0.0026975000000000002,0.400255,0.571245
409,0.00249875,0.401675,0.5709375
410,0.0023525,0.403105,0.57062
411,0.0022,0.40435625,0.57033125
412,0.00208875,0.40558,0.57002625
413,0.0020399999999999997,0.40672125,0.5696975000000001
414,0.00192125,0.40782625,0.56945875
415,0.0017975,0.40886625,0.56920625
416,0.00171625,0.40979875,0.56897375
417,0.00159375,0.41075,0.56875375
418,0.0015199999999999999,0.41164375,0.568535
419,0.00142875,0.41253249999999997,0.5683199999999999
420,0.0013175,0.41334750000000003,0.5681425
421,0.001235,0.4141425,0.56798375
422,0.00116375,0.41484375,0.56782625
423,0.0010675,0.41553,0.56768375
424,0.001035,0.4161675,0.56752375
425,0.00099875,0.41681999999999997,0.56736625
426,0.0009475,0.41740125,0.56722625
427,0.0008849999999999999,0.41787250000000004,0.567095
428,0.00082625,0.418365,0.566975
429,0.000785,0.41890125,0.5668449999999999
430,0.00075875,0.41936875,0.56672
431,0.0007650000000000001,0.41981875,0.56657375
432,0.00075,0.420235,0.566445
433,0.00071125,0.42059625,0.56633625
434,0.0007099999999999999,0.42095249999999995,0.5662050000000001
435,0.0006925,0.42132625,0.5660775
436,0.00065125,0.42167250000000006,0.56596625
437,0.00067375,0.42198625,0.5658425
438,0.000665,0.4222925,0.5657125
439,0.00067125,0.42260625,0.56558
440,0.0006375,0.42291125,0.5654600000000001
441,0.0006175,0.42319125,0.5653375
442,0.0006025000000000001,0.4234575,0.56522625
443,0.00062625,0.42368125,0.5650875
444,0.000605,0.42394750000000003,0.56498375
445,0.0005875,0.42421375,0.5648774999999999
446,0.00059375,0.42446000000000006,0.56475875
447,0.00059375,0.42467,0.5646375
448,0.00059625,0.42486875,0.564525
449,0.00062,0.42508500000000005,0.56439375
450,0.0006349999999999999,0.42529625,0.5642524999999999
451,0.00066,0.42550125,0.56410125
452,0.00066125,0.42569250000000003,0.56396875
453,0.00064875,0.4259,0.56384875
454,0.00063125,0.42607375,0.56373125
455,0.0006125,0.42623500000000003,0.56360625
456,0.00061875,0.42640125,0.5634725
457,0.00059875,0.42656750000000004,0.5633675
458,0.00058625,0.42673875,0.56324875
459,0.0006175,0.42687375,0.5631075
460,0.00062,0.42705,0.56298
461,0.0006325,0.42719750000000006,0.56285
462,0.00062875,0.42736125,0.56271375
463,0.0006275,0.42752375,0.56260375
464,0.0006450000000000001,0.4276475,0.56248
465,0.00068625,0.42782,0.562325
466,0.0007025,0.4279425,0.56218625
467,0.0007,0.42809375,0.56205
468,0.00066875,0.42827875,0.5619225
469,0.00068375,0.428435,0.5617774999999999
470,0.0006575,0.42860125,0.56164375
471,0.0006799999999999999,0.42872875,0.5615074999999999
472,0.00071875,0.42890249999999996,0.5613575
473,0.0007174999999999999,0.4290425,0.5612225000000001
474,0.00067625,0.42919250000000003,0.5611075
475,0.0006675,0.42932375,0.56097875
476,0.00064875,0.42948625,0.56085
477,0.00064125,0.42960625,0.560735
478,0.0006475,0.42972375,0.5606075
479,0.00062125,0.42986375,0.5604925000000001
480,0.0005825,0.430005,0.5603899999999999
481,0.0005625,0.4301375,0.5602875
482,0.0005549999999999999,0.43028249999999996,0.560185
483,0.00053375,0.43042250000000004,0.56010375
484,0.0005175,0.43054125,0.5600075
485,0.0005,0.43065125,0.559905
486,0.0004925,0.43078500000000003,0.55981375
487,0.00048625,0.43091375,0.559725
488,0.0005,0.43099750000000003,0.55963125
489,0.00049875,0.43111000000000005,0.5595325
490,0.00045125,0.43121499999999996,0.55947625
491,0.00045625,0.43130749999999995,0.5593925000000001
492,0.00045,0.431435,0.55929875
493,0.00043875,0.43154625,0.55921375
494,0.00045375,0.4316375,0.5591175
495,0.0004825,0.43172875,0.55900375
496,0.0004575,0.43185125,0.55892875
497,0.00045375,0.43195249999999996,0.55884375
498,0.00044,0.43205249999999995,0.55877
499,0.00042375,0.43215249999999994,0.55868875
500,0.00041125,0.43225749999999996,0.5586274999999999
501,0.00040750000000000004,0.43236375,0.55853625
502,0.000395,0.43244625,0.55845875
503,0.00039125,0.43254875,0.5583925000000001
504,0.000395,0.4326475,0.558315
505,0.00038250000000000003,0.4327375,0.5582575
506,0.0003875,0.43281875,0.5582
507,0.00038875,0.43289375,0.5581375
508,0.00037875,0.43298375,0.5580675
509,0.000365,0.433055,0.55800625
510,0.0003625,0.43312375,0.55794875
511,0.00036375,0.43319125,0.55788875
512,0.0003675,0.43327375,0.5578225
513,0.00038250000000000003,0.43334125,0.5577475000000001
514,0.00037875,0.4334125,0.55768625
515,0.0003925,0.43350125,0.5576025
516,0.00037125,0.43358125,0.5575399999999999
517,0.00034875,0.43366125,0.557485
518,0.0003275,0.43373500000000004,0.55742875
519,0.000335,0.43379875,0.55736125
520,0.000315,0.433875,0.557305
521,0.00031625,0.43392749999999997,0.5572475
522,0.00031625,0.43398375,0.557185
523,0.00033875,0.43403875,0.5571149999999999
524,0.00033999999999999997,0.43412,0.55704
525,0.0003575,0.43420375,0.55695875
526,0.0003575,0.43426875,0.55689375
527,0.0003575,0.434335,0.55684125
528,0.00037375,0.43440500000000004,0.55676625
529,0.00038500000000000003,0.43446999999999997,0.5566875
530,0.00038125,0.43454750000000003,0.55661
531,0.00037,0.43463999999999997,0.55652375
532,0.00034125,0.43472875,0.5564574999999999
533,0.00032250000000000003,0.43481499999999995,0.55641125
534,0.00032875,0.43488000000000004,0.55634
535,0.00031625,0.43494375,0.55628625
536,0.00032125,0.43500875,0.5562199999999999
537,0.00032625,0.43506375,0.55615625
538,0.00031125,0.43513999999999997,0.556095
539,0.0003125,0.4351975,0.5560375
540,0.00030875,0.43525749999999996,0.55598375
541,0.00028375,0.43533375,0.5559324999999999
542,0.000275,0.43540375,0.55588375
543,0.00029,0.4354625,0.55582875
544,0.00027,0.43553000000000003,0.55577375
545,0.00025499999999999996,0.43559499999999995,0.5557325
546,0.00026375,0.435655,0.55567375
547,0.00027375,0.43571499999999996,0.5556225
548,0.00026000000000000003,0.43578500000000003,0.5555775
549,0.0002525,0.43583625,0.55553875
550,0.0002375,0.43588875,0.55550125
551,0.00023999999999999998,0.43593625,0.55545875
552,0.00022999999999999998,0.43599375,0.5554125
553,0.00021,0.43604125,0.55538125
554,0.00022375,0.4360925,0.55533375
555,0.0002125,0.4361475,0.55529375
556,0.00020375,0.43619125,0.55525875
557,0.00020375,0.43623875,0.555215
558,0.00019875,0.4362925,0.55516875
559,0.00019625,0.43635125,0.5551275
560,0.00019875,0.43640875,0.555085
561,0.0002,0.43647125,0.55504875
562,0.000205,0.43651999999999996,0.555
563,0.00022375,0.43655,0.55494875
564,0.00023999999999999998,0.43660125,0.5549025
565,0.00025499999999999996,0.43665375,0.5548350000000001
566,0.00024875,0.4367,0.55479625
567,0.000245,0.43673625,0.55474875
568,0.0002525,0.43678875,0.5546774999999999
569,0.00024875,0.43685,0.5546225
570,0.00024375,0.43690249999999997,0.55457625
571,0.0002375,0.43696125,0.55452625
572,0.0002375,0.437015,0.55447375
573,0.0002475,0.43706999999999996,0.5544074999999999
574,0.00025375,0.43711625,0.55435625
575,0.00025875,0.43715875,0.55430375
576,0.00026125,0.437205,0.5542600000000001
577,0.00025499999999999996,0.43724375,0.5542125
578,0.00026125,0.43729375,0.5541475
579,0.0002525,0.43734625,0.55409625
580,0.00025875,0.4374,0.554045
581,0.0002475,0.43744875,0.55400375
582,0.00023999999999999998,0.43748875,0.55396
583,0.00023625,0.4375425,0.55391625
584,0.00022875,0.437605,0.55388
585,0.00021125,0.43765625,0.55384625
586,0.0001875,0.43771000000000004,0.55381
587,0.0001675,0.43775625,0.5537850000000001
588,0.00017749999999999998,0.43779375,0.5537375
589,0.0001975,0.43783500000000003,0.55369375
590,0.0002125,0.43786875,0.553655
591,0.00021375,0.43791125,0.55361375
592,0.00021625,0.43795500000000004,0.5535800000000001
593,0.00022,0.43798875,0.5535399999999999
594,0.00020750000000000003,0.43804499999999996,0.55350125
595,0.00020875,0.43807749999999995,0.55346875
596,0.00021,0.4381225,0.55343
597,0.000185,0.43818,0.5534
598,0.00019625,0.43821625,0.55336375
599,0.00020125,0.43825875,0.5533175
600,0.00017625,0.4383025,0.553285
601,0.00018375,0.43833999999999995,0.553255
602,0.00017875,0.43837625,0.5532225000000001
603,0.00018125,0.43841499999999994,0.55318625
604,0.0001825,0.43844875,0.55315625
605,0.00017875,0.438485,0.5531225000000001
606,0.0001825,0.43851375,0.5530875
607,0.00018,0.43855,0.5530575
608,0.00017749999999999998,0.4385825,0.55302875
609,0.00016,0.43861375,0.5530075
610,0.0001525,0.438655,0.5529850000000001
611,0.00016875,0.4386825,0.55295
612,0.00017375,0.4387075,0.55292125
613,0.00016625,0.43873375,0.5528875
614,0.0001525,0.43878125,0.55286625
615,0.00015,0.43881875,0.5528325
616,0.0001425,0.43884750000000006,0.55280875
617,0.00014,0.438885,0.55278
618,0.0001425,0.43891625,0.55275
619,0.00015125,0.43894375,0.55271875
620,0.00014625,0.43897875,0.552685
621,0.00016,0.43901,0.55264625
622,0.0001675,0.43905625,0.552615
623,0.00016375,0.43909625,0.552585
624,0.00015875,0.43912125,0.55256375
625,0.00014625,0.43915875,0.552535
626,0.00014625,0.43919375,0.55250875
627,0.00014375,0.43921875,0.55248375
628,0.0001425,0.43923875,0.55246125
629,0.0001475,0.43925375,0.55243375
630,0.00015625,0.43928,0.552395
631,0.0001575,0.43931000000000003,0.5523625
632,0.00016375,0.43934750000000006,0.55233625
633,0.00016375,0.43938875,0.552305
634,0.00016875,0.43941875,0.552275
635,0.00016999999999999999,0.43944125,0.55224875
636,0.00015125,0.43947375,0.55223
637,0.00014,0.43950875,0.5522125
638,0.0001325,0.4395425,0.5521875
639,0.0001325,0.43957625,0.5521575
640,0.0001375,0.43960249999999995,0.55212625
641,0.000135,0.43963625,0.55210375
642,0.0001375,0.43966000000000005,0.55207875
643,0.00013375,0.43969375,0.55204375
644,0.00013125,0.4397125,0.55201875
645,0.00012625,0.43974125,0.551995
646,0.0001375,0.43977375,0.55196125
647,0.00012875,0.43981000000000003,0.5519425
648,0.00010875,0.4398375,0.551925
649,0.000105,0.43986875,0.551905
650,0.00010125,0.43988625,0.55189
651,9.25e-05,0.4399175,0.55187125
652,8e-05,0.43995,0.55186
653,6.75e-05,0.43997375,0.55184875
654,5.875e-05,0.43998875,0.55183875
655,5.9999999999999995e-05,0.43999875,0.5518274999999999
656,5.7499999999999995e-05,0.44001999999999997,0.55182
657,6.125e-05,0.44004375,0.551805
658,6.875e-05,0.44006000000000006,0.55179125
659,6.625e-05,0.4400825,0.55178125
660,7.5e-05,0.44009499999999996,0.55175875
661,7.5e-05,0.440115,0.5517449999999999
662,8e-05,0.44013500000000005,0.55172375
663,7.625e-05,0.44015125,0.55171375
664,6.75e-05,0.44016625,0.55170125
665,5.9999999999999995e-05,0.44017875,0.55169375
666,6.25e-05,0.44019125,0.55167875
667,6.625e-05,0.44021125,0.551665
668,6.375e-05,0.4402375,0.5516449999999999
669,6.125e-05,0.44025749999999997,0.551635
670,6.125e-05,0.44026625,0.5516274999999999
671,6.25e-05,0.440275,0.5516175
672,6.125e-05,0.44028875,0.55160875
673,5.125e-05,0.4403,0.551605
674,5.125e-05,0.44031875,0.5515975000000001
675,4.625e-05,0.44033,0.5515925
676,5.125e-05,0.44033625,0.55158625
677,5.25e-05,0.44034625,0.55157375
678,5e-05,0.44035875,0.5515675
679,5.25e-05,0.44037250000000006,0.55155875
680,5.25e-05,0.44038,0.55155125
681,4.375e-05,0.44038875,0.55154625
682,4.125e-05,0.44040125,0.55154125
683,4.375e-05,0.44042125,0.55153
684,4.625e-05,0.44042875,0.551525
685,4.125e-05,0.44044750000000005,0.5515175
686,3.375e-05,0.44045625,0.551515
687,3.125e-05,0.44046,0.55151125
688,2.75e-05,0.44046625,0.55150625
689,2.625e-05,0.44048375,0.55150125
690,2.375e-05,0.44048875,0.55149875
691,1.625e-05,0.44049750000000004,0.55149875
692,1.4999999999999999e-05,0.44050500000000004,0.5514975000000001
693,1.625e-05,0.4405175,0.551495
694,1e-05,0.44052250000000004,0.5514925
695,1.25e-05,0.44052875,0.5514875
696,7.499999999999999e-06,0.44053125,0.55148625
697,1e-05,0.44053625,0.55148375
698,8.75e-06,0.44053875,0.5514825
699,8.75e-06,0.44054499999999996,0.55147875
700,1e-05,0.44055500000000003,0.551475
701,8.75e-06,0.44056125,0.551475
702,6.25e-06,0.44056375,0.55147375
703,5e-06,0.44056875,0.55147375
704,5e-06,0.44057250000000003,0.55147125
705,7.499999999999999e-06,0.44057625,0.55146875
706,7.499999999999999e-06,0.4405825,0.55146625
707,7.499999999999999e-06,0.44058375,0.55146625
708,5e-06,0.4405875,0.551465
709,3.75e-06,0.4405925,0.55146375
710,2.5e-06,0.44059625,0.55146375
711,2.5e-06,0.44060375,0.55146375
712,1.25e-06,0.44060375,0.55146375
713,0.00077625,1.25e-06,0.9992200000000001
714,0.0013074999999999999,8.375e-05,0.9984625
715,0.001535,0.00019625,0.99799875
716,0.001865,0.00034875,0.99735625
717,0.00251375,0.0005625,0.99627375
718,0.0037674999999999996,0.00080625,0.9944775
719,0.00578125,0.00122,0.9915025
720,0.0086625,0.00187625,0.98716
721,0.01261625,0.00288875,0.98104125
722,0.01714625,0.00430875,0.9734825
723,0.0219825,0.0061525,0.9647899999999999
724,0.02640625,0.00847625,0.95557375
725,0.030239999999999996,0.01119125,0.94619375
726,0.03305875,0.0144475,0.9370700000000001
727,0.03452,0.01813,0.92874
728,0.0356675,0.02193125,0.9206175
729,0.036105,0.02596125,0.913125
730,0.03576875,0.03030125,0.90633875
731,0.03522375,0.0350175,0.8998125
732,0.03414125,0.0396025,0.89394125
733,0.03279125,0.04431,0.8885125
734,0.03155375,0.048902499999999995,0.88343375
735,0.03003,0.05352625,0.87883125
736,0.02858,0.0581725,0.87456125
737,0.02716625,0.06287125,0.8703850000000001
738,0.025835000000000004,0.067475,0.866375
739,0.02461625,0.07196875,0.86259125
740,0.0233525,0.07652125,0.85911
741,0.02245625,0.0808225,0.8556
742,0.02155125,0.08515750000000001,0.85211625
743,0.020825,0.089405,0.8486674999999999
744,0.019872499999999998,0.093575,0.84553375
745,0.01916125,0.0976825,0.84241
746,0.0182525,0.10180750000000001,0.8394975
747,0.01754,0.10564875,0.8366775
748,0.0169075,0.10953875,0.83386125
749,0.01639875,0.11327125,0.83104
750,0.01584875,0.11706125,0.82837875
751,0.01524125,0.12066375,0.82589875
752,0.014757499999999998,0.124145,0.82347625
753,0.01410375,0.12746500000000002,0.82124375
754,0.013535,0.1308725,0.81909875
755,0.0130025,0.13417,0.81705375
756,0.0125025,0.1374125,0.81506
757,0.01199125,0.1404925,0.8131925
758,0.01147125,0.14350375,0.81138
759,0.01095125,0.14639749999999999,0.809635
760,0.0105475,0.14927,0.80801
761,0.00999,0.15202375,0.8065175
762,0.00948625,0.15471125,0.80510875
763,0.00902375,0.1573,0.80377625
764,0.00853875,0.1598125,0.80251375
765,0.00801125,0.1622025,0.80138125
766,0.00759375,0.1644975,0.80028625
767,0.00724375,0.16678625,0.79925
768,0.006845,0.16885125,0.7982775
769,0.0064424999999999994,0.17074,0.79742375
770,0.00599625,0.17265625,0.79662625
771,0.00566625,0.17456375,0.7958350000000001
772,0.00535,0.17636749999999998,0.79513875
773,0.005017499999999999,0.178095,0.79446125
774,0.00461875,0.17978625,0.7938649999999999
775,0.0043475,0.18135375,0.7932625
776,0.00404375,0.18295875,0.79271
777,0.0037625,0.18437625,0.79224125
778,0.0034674999999999997,0.18579125,0.79182625
779,0.0032524999999999997,0.18708375,0.7913875
780,0.00304125,0.188345,0.79096
781,0.00280375,0.18957249999999998,0.7905975000000001
782,0.0025625,0.190655,0.790255
783,0.00239125,0.19170875,0.78995875
784,0.0021525,0.19263625,0.78973875
785,0.00197125,0.1936025,0.7895
786,0.0017699999999999999,0.19452,0.78927875
787,0.001625,0.19544375,0.78907125
788,0.00151375,0.19626500000000002,0.78887625
789,0.00140875,0.1970025,0.78869
790,0.00130375,0.1977175,0.7885025
791,0.00122375,0.19840125,0.78834875
792,0.00113375,0.19906875,0.788215
793,0.0010525,0.19969625,0.7880925
794,0.00096625,0.200245,0.78797875
795,0.00088875,0.200795,0.78786875
796,0.0008550000000000001,0.20138125,0.787745
797,0.0007925,0.20186500000000002,0.7876525
798,0.000745,0.20236625,0.78754875
799,0.0006875,0.20284000000000002,0.7874675
800,0.00063875,0.2032675,0.78737375
801,0.00058,0.20367249999999998,0.78730375
802,0.0005099999999999999,0.20406625,0.7872675
803,0.00047375,0.20440625,0.7872175
804,0.00042625,0.2047,0.78716625
805,0.0003775,0.20501375,0.78713625
806,0.0003425,0.20527875,0.78709125
807,0.00030125,0.205585,0.78706375
808,0.000275,0.20585375,0.78703625
809,0.0002625,0.2060975,0.7869925
810,0.00022999999999999998,0.2063225,0.78695375
811,0.00022375,0.20654,0.78692
812,0.0002025,0.20672625,0.78689625
813,0.00018625,0.20693499999999998,0.78686875
814,0.000185,0.20710625,0.78683375
815,0.00017375,0.20729,0.78681
816,0.00015875,0.20744125,0.78679875
817,0.0001475,0.20758000000000001,0.78677125
818,0.00014875,0.20773625,0.78674125
819,0.000145,0.20785875,0.7867125
820,0.0001425,0.20799625,0.78668625
821,0.0001325,0.2081025,0.78667125
822,0.00013625,0.20820375,0.78665125
823,0.000125,0.20831625,0.78664
824,0.00012749999999999998,0.20839625,0.7866175
825,0.0001225,0.2084875,0.786605
826,0.00011125,0.20856,0.78659875
827,9.875e-05,0.208655,0.7865800000000001
828,9e-05,0.20874250000000003,0.786565
829,8.75e-05,0.20883375,0.7865525
830,8.875e-05,0.20890250000000002,0.7865375
831,9.125e-05,0.20897625,0.78652
832,8.75e-05,0.2090275,0.78651375
833,7e-05,0.2091,0.78651125
834,6.75e-05,0.20915125,0.786505
835,5.875e-05,0.20919875,0.7864975000000001
836,5.625e-05,0.20924125,0.78648625
837,5.25e-05,0.2092775,0.786485
838,4.875e-05,0.20931625,0.78648375
839,3.5e-05,0.2093475,0.78648375
840,3.5e-05,0.20938875,0.7864800000000001
841,2.75e-05,0.20942875,0.78647875
842,2.125e-05,0.20945875,0.78647875
843,1.875e-05,0.20948125,0.78647875
844,1.625e-05,0.2095025,0.786475
845,1.4999999999999999e-05,0.20952875,0.786475
846,1.375e-05,0.20955875,0.786475
847,1.25e-05,0.20958249999999998,0.786475
848,1e-05,0.2096,0.786475
849,1.125e-05,0.20962125,0.7864725
850,1.125e-05,0.2096375,0.78647
851,8.75e-06,0.20965250000000002,0.7864675
852,7.499999999999999e-06,0.20967249999999998,0.7864675
853,5e-06,0.20968625,0.7864675
854,2.5e-06,0.20970125,0.7864675
855,5e-06,0.20971875,0.7864625
856,3.75e-06,0.209735,0.7864625
857,6.25e-06,0.20975375,0.78646
858,7.499999999999999e-06,0.20976999999999998,0.78645875
859,6.25e-06,0.2097775,0.78645875
860,3.75e-06,0.20979625,0.7864575
861,7.499999999999999e-06,0.2098125,0.7864525
862,6.25e-06,0.20982125,0.7864525
863,1e-05,0.2098275,0.78644875
864,6.25e-06,0.20983875,0.78644875
865,5e-06,0.2098525,0.78644875
866,5e-06,0.2098625,0.78644875
867,5e-06,0.20986625,0.78644875
868,5e-06,0.2098725,0.78644875
869,2.5e-06,0.20988249999999997,0.78644875
870,1.25e-06,0.20988625,0.78644875
871,1.25e-06,0.20989000000000002,0.78644875
872,1.25e-06,0.2098925,0.78644875
873,1.25e-06,0.20989625,0.78644875
874,1.25e-06,0.2099,0.78644875
875,1.25e-06,0.20990125,0.78644875
876,1.25e-06,0.20990125,0.78644875
877,0.00062625,3.75e-06,0.999365
878,0.00065,7.375e-05,0.999195
879,0.0007725,0.000135,0.9989450000000001
880,0.00099625,0.00023875,0.99853875
881,0.0014625,0.0003425,0.99785375
882,0.00229625,0.00047625,0.9967024999999999
883,0.00368875,0.00074125,0.99470875
884,0.00599875,0.00116375,0.99141375
885,0.00966875,0.0018275,0.986215
886,0.01482875,0.00291375,0.97861125
887,0.02098375,0.00447375,0.9688325000000001
888,0.027327499999999998,0.00670625,0.95765
889,0.0333475,0.009640000000000001,0.9456424999999999
890,0.03878,0.0130575,0.9331174999999999
891,0.04323625,0.01709875,0.92038625
892,0.04724875,0.02184125,0.90743
893,0.05073625,0.02707875,0.89443875
894,0.05318625,0.032845,0.88160125
895,0.0548975,0.03896875,0.86926
896,0.0559875,0.04560375,0.85707125
897,0.0566275,0.05256125,0.8453950000000001
898,0.0567375,0.06009625,0.83399
899,0.05633375,0.06760125,0.8231850000000001
900,0.05589500000000001,0.07518375,0.81265375
901,0.055335,0.0830375,0.80264375
902,0.054142499999999996,0.09113375,0.7930024999999999
903,0.0527775,0.09908625,0.7837575
904,0.05130875,0.10725375,0.77496875
905,0.0498475,0.115495,0.76669875
906,0.048025,0.12353625,0.75861625
907,0.0466575,0.13153375,0.75081375
908,0.04482875,0.13967875,0.7435725000000001
909,0.04281375,0.147595,0.73675
910,0.04109375,0.15551875,0.7302175
911,0.039235,0.16310875,0.72406125
912,0.037385,0.17071375,0.71836625
913,0.0357525,0.1781825,0.71296625
914,0.033705,0.18543125,0.70795375
915,0.032005,0.19253,0.7031775
916,0.03026375,0.1994975,0.6986775
917,0.0287425,0.20627625,0.6944325
918,0.0272525,0.21291625,0.6903075
919,0.02588375,0.21925375,0.68651375
920,0.02445875,0.2253575,0.68292375
921,0.02301125,0.23161375,0.67957375
922,0.021644999999999998,0.23731875,0.676465
923,0.02036,0.24298000000000003,0.673485
924,0.01919125,0.24840749999999998,0.6707350000000001
925,0.01803,0.253745,0.66822375
926,0.017125,0.25882875,0.66579
927,0.01627125,0.26378625,0.663385
928,0.015330000000000002,0.2685225,0.66118875
929,0.01440125,0.27300125,0.6591024999999999
930,0.01353,0.27732249999999997,0.6571675
931,0.012819999999999998,0.2814325,0.65528625
932,0.0121525,0.28543375,0.65351125
933,0.01154625,0.28911125,0.65179625
934,0.01092125,0.29274125,0.65025375
935,0.01029875,0.2963275,0.64882
936,0.00979,0.29965375,0.647385
937,0.00933375,0.30282375,0.64603
938,0.0087375,0.30598375,0.64479625
939,0.00829875,0.30888875,0.6435525
940,0.00783,0.31176875,0.64239625
941,0.00734375,0.31455375,0.64137875
942,0.00687,0.31712875,0.64038625
943,0.0065325,0.31960125,0.639425
944,0.00627125,0.3220075,0.63856875
945,0.0058674999999999995,0.32426750000000004,0.63774375
946,0.005529999999999999,0.32646875,0.63693625
947,0.00515625,0.32859,0.63620625
948,0.004845,0.33060875,0.63552875
949,0.00459375,0.3324925,0.634845
950,0.00439375,0.33431875,0.63421875
951,0.0042,0.33604625,0.6336025
952,0.00392625,0.33768625,0.6330225
953,0.003675,0.33927375,0.6325125
954,0.0034674999999999997,0.34078125,0.63202
955,0.0032700000000000003,0.3421725,0.63154625
956,0.0030725,0.34355625,0.63111625
957,0.00292875,0.344835,0.63067375
958,0.0027524999999999997,0.3460725,0.6302675
959,0.0026275,0.34725125,0.62989375
960,0.0024725000000000003,0.34839125,0.62953875
961,0.00231875,0.34948375,0.629195
962,0.0022275,0.3504625,0.62885625
963,0.0021075,0.35145375,0.62855125
964,0.00199625,0.35234875,0.6282725
965,0.00188625,0.35321125,0.627995
966,0.00176375,0.35402625,0.62773875
967,0.0017024999999999998,0.35479499999999997,0.62746
968,0.00162,0.35555125,0.62719875
969,0.00150625,0.3563125,0.6269825
970,0.001395,0.3569625,0.62680125
971,0.0013375,0.35759125,0.62660875
972,0.00128875,0.35820250000000003,0.62640875
973,0.00122375,0.3587925,0.62621875
974,0.00118625,0.3593175,0.62603625
975,0.0011375,0.35991999999999996,0.62588
976,0.00106375,0.3604375,0.6257275
977,0.00100375,0.3609025,0.6255925
978,0.00096875,0.3613675,0.62544125
979,0.00093125,0.36183375,0.62530125
980,0.00087625,0.36226375,0.62516625
981,0.00081625,0.362675,0.625055
982,0.00078375,0.3631,0.6249375
983,0.00075,0.36346625,0.62483375
984,0.00069125,0.36386999999999997,0.62473375
985,0.00065875,0.36417625,0.62464375
986,0.00059375,0.36448625,0.62457
987,0.00058375,0.3647825,0.62447875
988,0.00054625,0.36509250000000004,0.6244
989,0.0005099999999999999,0.36538000000000004,0.62433375
990,0.00050375,0.36565625,0.6242525
991,0.00047625,0.36589375,0.6241975000000001
992,0.0004475,0.3661125,0.624125
993,0.00042625,0.36633625,0.62406375
994,0.0004025,0.36657125,0.6240074999999999
995,0.00038625,0.36677125,0.623945
996,0.00036375,0.3669725,0.62390125
997,0.00032375,0.36716625,0.623875
998,0.00030875,0.36732750000000003,0.62383375
999,0.000295,0.36749375,0.62378875
