,three_body_x,three_body_y,three_body_z
0,3.7644100637562707,-0.005579575308824143,0.09092255617566294
1,3.942886830537126,-0.1526058015748759,-0.142952879971447
2,3.7668418949845583,0.025474067892760667,0.14382073180081323
3,3.83285365669839,-0.2146725940739053,-0.019199200927290834
4,3.8551095099238863,0.13888302731905014,-0.1284526560163465
5,3.841689708776704,0.08320105850329257,0.141156117234152
6,3.832690768632844,-0.09191066371963849,0.03235134610528941
7,3.708000022381611,0.09961221779022308,-0.08491249165566123
8,3.709587458948137,0.025151006426402174,-0.03209202828248476
9,3.7884279660776947,0.18942972316192946,0.006082548321644491
10,3.9698459540740862,0.10655552906870931,0.16253682766888092
11,3.7540507929346343,0.021789418847305342,-0.1314144722858682
12,3.9975591272852817,-0.012529540076677122,-0.12019707929520343
13,3.819944272219698,0.15808520197020107,0.16273734095931525
14,3.805538191683447,0.11786945995695061,0.15568936647474008
15,3.873893372043395,0.06589620463773412,-0.08358744450674402
16,3.9422331640355064,-0.016450767127574185,0.0034872424935376354
17,3.6508461760289315,0.09640254221505608,0.0023777785859781762
18,3.955296573166787,0.08535898069936015,0.07157905052759522
19,3.762652674225806,0.06561978594610099,0.11876118086675558
20,3.6924261844177373,0.167940054900775,0.09326879326062681
21,3.7270926435887444,0.26500744723860886,0.03697533522984496
22,3.7888495502785187,0.023334896849609186,-0.03876376622114019
23,3.8129282597492207,-0.010653554596523777,0.009868881078960445
24,3.854625503189255,-0.028715207761625415,-0.06309066438537674
25,3.9569503586204124,0.12010773646639628,0.006771202483611626
26,3.765269717226796,-0.02832914216655196,0.20558223471479842
27,3.765588510388458,-0.1267661685151573,0.14962226866104955
28,3.729347174458219,-0.07218799331532319,-0.006681359561390922
29,3.793664186425635,0.13093272985013532,-0.032139722048414726
30,3.8523936382498785,0.03474733259532048,0.17212488320882768
31,3.8894066994628975,0.014898360011652102,-0.05540221020173496
32,3.800270483292886,0.07401769741825785,-0.03712787630945304
33,3.8657959488262326,0.060818219617962514,0.048632977904845005
34,3.7607140868549487,0.09996743192863583,-0.15633134916956315
35,3.739954238897096,0.1360382221458382,0.03412619889817188
36,3.6840968712396753,0.08908995606400928,-0.02245666534352056
37,3.7938945792004075,-0.0009420474411258387,0.044034454141904544
38,3.8538067069597606,-0.022509881901981145,0.03444960504548698
39,3.786038927308913,0.016312104739153954,-0.09328525126084855
40,3.749555865739069,-0.012934286204808014,0.12167260030545442
41,3.9089774524450194,0.08473236550263435,0.006341667167598552
42,4.173608579318478,0.15093270469715953,0.16522488213774345
43,3.944526545070515,-0.003797854878444508,-0.058942046744156686
44,3.685836822289841,-0.01831567568351656,-0.016172246110524938
45,3.9018313101775743,0.0878532827940917,0.09942086370701265
46,3.8959311233922422,0.0834007692488673,0.06058887116775812
47,3.8783927076625817,0.021062304063644947,0.020949444626291884
48,3.9404842357994716,0.06044986929066598,-0.03498222146306121
49,3.770554055211708,0.014797479725597633,-0.1317292641567088
50,3.5479770742971874,-0.016895571015069104,0.0350243514239487
51,3.834172441706603,0.1113074445916071,0.0775237582076959
52,3.929382019149304,-0.04599167455491535,-0.03313573527465465
53,3.763225543105539,-0.012224413046163639,-0.285861017843415
54,3.8114300093293356,0.056047335662788696,-0.1032679497666237
55,3.863442884291,-0.022570775775224504,-0.13703841066771985
56,3.740626707565085,0.1040035365207056,0.009169311284772465
57,3.8860505093518496,-0.05727079999200358,-0.04213880623472367
58,3.8980839250295336,0.1355589733752486,-0.11307138061855304
59,3.7380794911363218,0.022420708448068025,-0.09405768759991617
60,3.7399614445388845,0.10866190471241444,0.08297805134453476
61,3.8611534983111744,-0.04581913497904915,0.0029321286598762014
62,3.932763907609411,0.10472196098386136,-0.03626111552940176
63,3.7883903309466613,-0.13675711995495998,0.10839404384517831
64,3.9838424046858965,0.2751791579299731,0.19517216280130065
65,3.858287327212171,-0.032982901518086326,-0.01888362442642373
66,3.8314632642114264,0.3789139927776978,-0.11398297946160821
67,3.6960328064722034,-0.0024693251362431085,-0.030325194467447206
68,3.679444684823542,0.28565380141389507,0.005313225874442413
69,3.6924802076965593,0.017669409301034993,0.121855820864404
70,4.072125942129915,0.06489873611846032,0.1727578153431833
71,3.761810696128446,0.07810452464717518,0.18278850041507053
72,3.8728875407362247,0.2501086914153927,0.06923037433591665
73,3.922026558623987,-0.0007933387440801562,-0.12629826047505902
74,4.003928332382713,-0.028838268379346742,0.017341966768660174
75,3.6212270872676005,0.002008501430731495,-0.0639447811672966
76,3.953538796877478,0.033613606051063505,-0.11187477624268759
77,3.8135846812951497,0.13502856745950229,-0.0005340192431300728
78,3.7402514372536566,-0.22270591627932398,0.19013530163371994
79,4.063738318272739,0.15442470188593224,0.12156785219018561
80,3.738919155757805,0.05201433835868203,0.09004013125065727
81,3.6537445827600683,0.05714500885011944,0.22798616080101117
82,3.8487349394671067,0.06993496649788558,0.015822769329085107
83,3.907613283506874,0.1646457670439915,-0.026357163239396398
84,3.909487658158422,-0.0904310353522566,-0.10991311984204084
85,3.8328009359393898,-0.004010410442758232,-0.11912397331074738
86,3.61048207100027,0.028487939035964773,0.0056358445851239685
87,3.781187798919011,0.17398403058061154,-0.06247128273157766
88,3.7308986375921633,0.18999842652712662,0.07342279090293355
89,3.844885449782422,0.12980795105887627,0.07351147175811114
90,3.6016632974238565,0.030387974274469466,0.08439052856071443
91,3.727849713765341,0.07323344114943706,0.005483449529249334
92,3.7178230297713526,-0.00900478433756146,0.01673571222394898
93,3.818034589972944,-0.022907201949969834,0.04218645144003374
94,3.7149852105393752,-0.02672993987565587,-0.046388208067752235
95,3.7136164353361107,0.19373859388774464,0.010842817204632225
96,3.7067631147045685,-0.052420809289346525,0.11533790169378566
97,3.78677433189026,0.2994697021875248,-0.04174845635232485
98,3.9316851853945844,0.018341609326900682,0.009509001799837817
99,3.9228182050491855,0.0788109142678104,-0.037058065549823556
100,3.874848215673686,0.18580651641214033,-0.11731657858515904
101,3.6883187499917334,-0.0390305789331681,0.07482665850710692
102,3.7668512034151878,0.26786185554277264,0.026586344886586996
103,3.9810718441562454,0.07831228289309866,0.09921388197359828
104,3.7802724106285157,-0.11426182141416188,-0.10684855743573614
105,3.770586847622932,0.1050562370202341,-0.10217786038327162
106,3.7610624292193253,0.1917069146469149,-0.1308785520712071
107,3.9640307209025263,0.008899956892159215,-0.052942196040419914
108,3.8933379196825166,0.2720749728640476,0.09840390548387673
109,3.7154118442814386,-0.046817969073243905,0.0004366012653260168
110,3.569256016574017,0.01932810016415247,0.08310598507347486
111,3.7269067988572977,0.26011437289466943,-0.1238788324843939
112,3.7066685725109108,-0.00503850011757654,0.04154152615058266
113,4.002228754445758,0.14717478055704855,-0.06246845539231763
114,3.797250939297579,-0.0712069507893015,-0.013369706190151745
115,3.9529649107490274,-0.28435885849100684,0.1333578623967871
116,3.815636640175958,0.10944418587333933,0.07103855721077268
117,3.801725268271638,0.005252923053599666,-0.09258023186488062
118,3.984882131844163,0.2365551553725591,-0.04565404527064564
119,3.662140839082896,-0.07742778493324948,-0.11449112990864828
120,3.7772903921480214,-0.06393358938950447,-0.0778143048164388
121,3.9243477536852565,-0.0024073988997662457,-0.1270699889491483
122,3.7920472510200027,-0.05658443021665752,0.17747717633963964
123,3.8324693389226194,0.0077251207833453975,0.02102571659257495
124,3.918288648293931,0.025097675247946562,0.11295940574197863
125,3.868545637019919,0.1728607457682914,-0.10107499408347616
126,3.843287334188648,0.01763374249946144,-0.08531070525058887
127,4.0444983764989875,-0.0448744740005765,0.04597837409606454
128,3.8762931865477865,0.16802188469143808,0.11524753872578344
129,4.017649804666996,0.013318684535965492,0.0009860654435293996
130,3.8454545288857247,-0.04897808605388403,-0.031042014455225492
131,3.88734949654072,0.11810259268600518,-0.06738467878531837
132,3.97176747798965,0.07219208533810671,-0.32026959820844136
133,3.914206648921374,-0.03490003766290276,0.1056022199915915
134,3.907345700477068,0.11143233753896128,0.0026149415429533103
135,3.750464684025355,-0.004397120237914248,0.06086732465973659
136,3.8680315042894753,0.01821473868987132,-0.22686373253577546
137,3.709284419346142,0.1427232179559307,0.04962855261294249
138,3.7336232627326886,0.09556733974895026,0.032977385944367374
139,3.961445043363213,0.2686816595907628,0.05205720871713348
140,3.8066174251404337,0.07178640683338441,-0.03683972155104738
141,3.897388397022958,0.1949198178018571,0.18150291479602387
142,3.9551414824143274,-0.055408220472956356,-0.027042653072984264
143,3.9177096568898824,0.024343164228208,0.08740596468288107
144,3.898005381773927,0.1181025029016872,0.03724563003660006
145,3.8336763117668156,-0.015190523627660026,0.11199970692522694
146,3.7491176349969475,-0.13362097016251384,-0.02739452091140239
147,3.953318327546235,-0.08497580394550625,-0.06343052813145586
148,3.7702645468621947,0.18465581422246266,0.1565566971763376
149,4.0400390847723555,0.06575050920208518,0.04272439657139905
150,3.7084776079886805,0.10084350788107982,-0.012590242184368947
151,3.7242612852304195,0.012239954552708578,-0.08488575677384827
152,3.7582148078838653,0.04477909634884079,0.13713480192531605
153,3.8554368197828084,-0.07700641915137432,0.07503590370618053
154,3.822947151024772,0.06195322762020751,0.005410612459867514
155,3.7597521685334927,0.240384718745597,0.02490483480963039
156,3.8943345950183437,-0.024568837050899926,0.09642789047547605
157,3.7924189851358303,0.0863400928074108,-0.010158797992494674
158,3.9352568460163257,0.016555908147882298,-0.18535985623039505
159,4.008799245758987,0.12800462479444202,0.0011550902827913998
160,3.7927072775964974,0.1549673528595044,0.0857373806596804
161,3.765631290295566,-0.10668235149987931,-0.11751836832971052
162,3.987088880784338,0.1775612008434573,0.006137567250807114
163,3.872571522886242,-0.0008046244981184461,0.050230292372764544
164,3.650175186190982,0.178505776869306,-0.016817999438677022
165,3.8044220066320484,-0.05842660218453285,-0.014213306423139341
166,3.86597224417957,0.15455090293763046,0.003171312374506378
167,3.7993622445180066,0.13480223965172075,-0.042366440218864605
168,4.014147428387663,-0.015417621714508202,0.11482124972953045
169,3.755051646300893,0.08160046224876133,0.162133803996057
170,3.775801721200152,0.03718384816840716,0.00864855306280587
171,3.9320811591318954,-0.12912720162956123,-0.05788312593543826
172,3.664745483040264,0.1660830114355112,-0.06891066901908786
173,3.9480739414428245,0.06425369128349709,0.06565301796491059
174,3.779593774418162,0.1545477520583181,0.11234782801077298
175,3.9179169364885365,0.025295469723277005,0.11920350723100528
176,3.9684201322810453,0.1463137546284754,0.006923104205820188
177,3.8364246789331164,-0.0839500528013557,0.15532326297183652
178,3.8290041741533787,0.04508375685212808,-0.03433934096055801
179,3.6762902547824163,-0.04789522988197429,0.06719555990274227
180,3.845484647536404,-0.007153277969277443,0.08029057096239892
181,3.8545257029363484,0.017801371480018036,0.037854225083239997
182,3.8238839799537927,0.11177429360345895,0.0017487349586612203
183,3.8358148364020948,-0.1024543617028589,-0.014861802092003213
184,3.6337925152084276,-0.020134939748578072,0.012593235602594241
185,3.8687637910749566,0.17755912944211177,0.05302140162890804
186,3.6003464676367627,0.014556112148263835,-0.09424433366811436
187,3.866063278596633,0.1972124289885868,-0.0732429817342263
188,3.761568598121889,-0.07920236732593708,-0.024985817491735132
189,3.7337430985450575,0.21725929679459527,0.08821570579854096
190,3.845753246816467,0.047333949991153486,-0.02862042141503783
191,3.703225133920338,-0.0016482087388485292,0.16090230992726529
192,3.7825379832037758,0.08366284880830506,0.10915988043230698
193,3.8835906128124993,-0.1417076968445888,-0.20234314919474877
194,3.686518799951048,-0.1086969562763867,0.036180909325001474
195,3.8461727072901284,0.027077211966657723,0.006518920571128191
196,3.746373624212948,0.03965379652552425,-0.054447904939636776
197,3.7634989487331003,-0.054374768391496554,0.10005213892540227
198,3.644150918086809,0.043841666253288884,0.1273639822019474
199,3.871638900218685,-0.029359095242323267,-0.11108075039654997
200,3.9483205405978223,0.03631903502041877,-0.038191441454513524
201,3.6662000353789237,-0.02522270465448139,-0.030405548051476668
202,4.008529533672383,0.22535896872643224,-0.07836349400362892
203,3.858093491360046,0.20777799020416302,-0.014725944077934134
204,3.709764665680833,-0.00672989249422707,0.022597956461102353
205,3.816765744678363,0.06339097837159352,-0.15428724808439553
206,3.803479313227676,0.12877344816688757,-0.1488027961134391
207,3.8485942762263323,0.2125979679960804,-0.16256903869870984
208,3.83336057553391,-0.00042688819182513243,0.17096608050865325
209,3.7034342716579527,0.03729650242482019,0.03488377824907689
210,3.601459901423849,0.1599999868171713,-0.02391884717447003
211,3.8189207999913646,-0.021983769783685304,0.06052788726586943
212,3.9665505364385227,-0.019031143481875935,-0.06486660087265357
213,3.74491364308341,0.011934254529145392,-0.136517655757553
214,3.781001494344965,0.11196879360378649,-0.11798576843274317
215,3.8478934958848363,0.2594232433894558,-0.09638049992761077
216,3.8350134067309227,0.014641870584372316,0.025849703529710572
217,3.7686345322285213,0.018059967175297918,0.09416490506564135
218,3.8815668361159124,0.09651827008920319,-0.01777663352831178
219,3.8315457307354666,0.037126445365954844,0.16211469156676758
220,3.8187093948716178,0.07370613545710397,0.09627107215336947
221,3.6045857661726775,-0.019992786003305292,0.007878557366745122
222,3.8389365283784116,0.15901550039323334,0.18363487598506226
223,3.9216886161739097,0.03132186272429335,-0.02093095445707806
224,3.7533143421875717,-0.00268021519966926,-0.0633419134925158
225,3.8375007827525827,-0.06074578369583448,-0.01406278057246711
226,3.599089680127191,0.10637231646792217,0.052024808755252706
227,3.741044091372597,0.049071503373345836,0.16271050597414483
228,3.8745927414011043,0.007111545823620578,-0.14573885196333677
229,3.8867428144240765,0.034638641611775815,0.010602755485027053
230,3.6333096824342728,0.11404624624131163,0.006860958592965688
231,3.7119158494270676,0.3194702733815236,-0.10177118944332575
232,3.8331678172575683,0.0526858692415838,-0.06914428118740286
233,3.8569225393539663,0.09278235246136653,0.03525498700979575
234,3.687446261076053,0.0665810955911568,0.11931583195087243
235,3.9761187120233745,-0.04677473332622662,-0.0063759001279533115
236,3.840920893631008,0.02263199894115911,-0.0005990171679882824
237,3.8883364866490484,0.10085814680449046,0.0796740763634283
238,3.8485961369061332,-0.11459189340735962,0.09308368481780768
239,3.7640903952398226,-0.037382047433366546,-0.09697633949369548
240,3.9938655699586882,0.039224515196112295,-0.10368273344955357
241,3.7144158949491035,-0.10411522912082202,-0.2152429356100953
242,3.915415794822007,0.08039370792335687,0.07150159149069993
243,3.946449754652346,0.039383564228373136,0.0894487834524922
244,3.789609676203544,0.04851873401465019,-0.029772289520850193
245,3.7056410025156294,0.0689749758739493,-0.02089683476160252
246,3.920345723592991,0.030275290107470047,-0.101335886098176
247,3.978861583961795,-0.09796799122160774,0.012165012867982777
248,3.7744339226741137,0.12676798316417334,0.016487118862906724
249,3.9115894935773134,0.11875078404965134,-0.02602238492437651
250,3.954618455574356,0.07469246648554077,-0.02392583306959964
251,3.7964802019253803,0.0027608408073208288,0.02652466623548005
252,3.888063218887463,-0.24494362636765862,0.031932561721596336
253,3.9787397973473975,0.11076299201619556,-0.22668710148678015
254,3.7175615064024026,0.08393095996312634,0.023845469043464546
255,3.9344935078261134,0.15272887456181303,-0.1624090462625767
256,3.727040889562274,-0.006207767633557897,-0.07043067346196487
257,3.7708908881959364,0.17195456847551274,-0.0005819568870530898
258,3.7947485922634274,0.10704138030923166,-0.011698439960393906
259,3.643646496133784,0.012967852385495193,-0.08361775440206082
260,3.8043827845739173,0.11156710572519041,-0.08750004292104686
261,3.782283350670223,-0.0210992927727112,0.0006836086731857237
262,3.796538064095757,0.16040874523886015,0.058290225922424166
263,3.8531194233833035,0.032717948083693056,-0.12877476332382087
264,3.863345419492549,0.03780132513894685,-0.1353678373389595
265,3.6840434928356287,-0.053208176631848784,0.1172021647246761
266,3.9040689231948513,0.19542288891051826,-0.03369793096209025
267,3.96631407660912,-0.008341000352688858,-0.18230084892066684
268,3.8447412864235764,0.08687904265978458,-0.030015189844176244
269,3.909416556662076,0.16935110062544287,0.10294762064215311
270,3.7135249337776624,0.03887783756639288,0.011743616913481024
271,3.9882137534783286,-0.058864945280105406,-0.013822511044750276
272,3.7855413816814147,-0.06331529308500919,0.0024612273575347534
273,3.8151772356660416,0.2650284475012767,-0.13060674303502365
274,4.044250754432898,0.0939620097426806,-0.133023520152225
275,3.905318508596277,0.15228352203165513,-0.020679568332848657
276,3.99084425551858,-0.2442525812882909,0.21707271809543482
277,3.820953820238638,0.14425374011702619,-0.09221745880901756
278,3.903023754131828,0.1173177586526247,0.15033132773796617
279,3.827665732370805,-0.00014959268582049462,-0.13661732169761856
280,3.736308151093066,-0.02758830052423928,-0.005029277208182072
281,3.802980867387841,0.007323496345675223,0.14008629636793576
282,3.877489798384033,-0.012054168473282133,0.06654230547697089
283,3.8705226993109756,0.15314910401293222,0.21051763238382173
284,3.7745816899769693,0.03549139828654014,0.12728025669392418
285,3.7989839980249656,-0.0116127731719659,-0.07392671427659969
286,3.936631069839181,0.11366228839904294,-0.09231773474271873
287,3.75934492880846,0.08199721544569757,-0.007573643815880735
288,3.882285951417799,0.06457268585119558,-0.052345956802205384
289,3.924447716292444,0.3640776536685676,0.11363488418442876
290,3.8193423433055544,0.02338703891427117,-0.029483604782952873
291,3.7856742673202644,-0.12681834021853042,-0.07596927172953254
292,4.00819888284067,0.13055099720837793,-0.005776435228051547
293,3.8112135177883717,0.09472552834736639,-0.09858913111905727
294,3.6359691792473816,0.016692319762360013,0.04388255450275827
295,3.5934352980085293,-0.0721783768943946,0.041358197702883334
296,3.6973754321790224,0.13502550928499393,0.10753180136348257
297,3.891494859745263,0.025373294858577575,0.186640185391572
298,4.038077290670817,0.09202958152480328,-0.08314237814987863
299,3.8923723419692164,-0.07998477554097963,-0.12874281452482997
300,3.8610742147287294,0.17964072386941665,-0.014706824730492202
301,3.845953775494122,-0.1749231133023694,-0.13309381929725408
302,3.931738247687047,0.047402302415637074,-0.14957835522567517
303,3.7843469366590012,0.17126436938681422,-0.050502501521452595
304,3.8786477189347206,0.14023019668783884,-0.09087767136100723
305,3.631408407457739,0.06435213956938793,-0.004508426277603227
306,3.745280007855471,0.19402685515928775,-0.033429896655878824
307,4.0778944589811505,-0.010326081292341228,-0.05879760370401263
308,3.5889221113927006,0.17073782341240673,0.09322287862643883
309,3.751863541564632,0.0881282074282606,-0.11509292748273799
310,3.970697395755069,0.06341042104326768,0.023408777190066135
311,3.880426361893204,-0.035524217516287114,0.1404845980828382
312,3.8996106447600454,0.06184057854213893,0.1375543223655217
313,3.897071708108152,0.07382695947595279,-0.1237148737999455
314,3.9596943892031073,-0.0366134674875488,0.14495269838190314
315,3.5886207026446453,0.0567619522190332,0.04549245220615587
316,3.7844671861347647,0.0063866531512781766,-0.03235808089229939
317,3.7416161758301003,0.011159547418081242,0.10066822099438683
318,4.015030180619389,0.15453349715042852,-0.0681368986081738
319,3.7744946764104577,-0.07259866081149388,0.13723503300120393
320,3.800765533793241,0.04970133431322321,-0.22086061830438175
321,3.847409738835833,-0.10394768748808478,0.04129678632424944
322,4.032477373330705,0.023577012215121027,-0.28193911203112787
323,3.737247095290204,0.18624583879705991,-0.18520533682016924
324,3.8520927061001924,0.035790720549952956,-0.07515273130263955
325,3.591915510775054,0.02661223860460304,0.0066296707963345546
326,3.82514637232243,0.028707601108551785,0.23708086746421314
327,4.020838448305683,0.0773774849444698,-0.07332919133044505
328,3.813705893746746,-0.05914541529596836,0.11649313020661262
329,3.6746245837723017,-0.03882914819527499,0.07116275495452805
330,3.792978643476764,0.0279389997032028,0.10625237071752212
331,3.970429804849567,-0.06294056524843825,-0.07062281022900477
332,3.789942440995445,0.029973429191557106,-0.03036635132190096
333,3.8071083935548526,-0.046461176371131015,-0.023073337269294156
334,3.8300407579621956,0.22697381539052477,0.011701327491948493
335,3.6126587408494886,0.10213325102527282,-0.08528196850029478
336,3.914797320041383,-0.07647227188149608,0.1441907586184703
337,3.831870241557727,0.07391849283157421,0.19332691306855038
338,3.835992392568421,0.04791021588911427,0.038867987715614026
339,3.926244596940095,-0.04787039808855354,0.0572179675413049
340,3.7945965410792026,-0.0188496672232299,0.18386546016759947
341,3.863344511428029,-0.05884093770945684,-0.2165137940637334
342,3.8052551160899037,0.02417536136580274,-0.006152813132267818
343,3.9019445608225882,0.2804184071863072,0.007346900664618976
344,3.8122357441452013,0.21926860256301453,-0.046434761217952786
345,3.7248164291255486,0.1904016810297034,-0.03482524972969843
346,3.7941034732411247,-0.07357485432738325,0.26816562426425583
347,3.9099118784433378,0.15994155878704938,-0.030763625970996095
348,3.9093349513608406,0.047412233722242667,-0.10224667067098887
349,3.857854830547152,0.14783332440847216,0.10664088795055536
350,3.837176407269278,0.14482744611899895,-0.12563418379212374
351,3.659093417957637,-0.0676388550655928,0.10078353153038472
352,3.942258391215218,-0.08550566906745247,0.17553464588898893
353,3.7106974187573836,-0.038543872414945425,0.1046266954472598
354,3.8117655153115773,0.30712075153258706,0.04976859315857814
355,3.92362718070881,0.1396248742063744,0.02494747531056633
356,3.911264277621701,-0.0015418224332564706,0.08971822056823137
357,3.894822218971696,-0.002464522310045361,-0.12993343511238406
358,3.8785221171956508,0.33849526649837963,0.09334736754959819
359,4.0507782046637875,0.03106890908666022,-0.12195706789052159
360,3.930516301967509,0.08467587679336709,0.22169440730595494
361,3.8491617709877097,0.2044682235553197,-0.13936421429270954
362,3.926480458623197,0.18031770888140997,0.041654179224409144
363,3.7760697919938013,0.21198003928795311,-0.152398954537776
364,3.896882672181323,0.05344212759163476,0.09497460826470215
365,3.863722909782576,0.0017341989305329694,0.10609235417786017
366,3.8104684146502845,-0.015083557950237601,-0.12692584928823542
367,3.70523987923825,0.09514160770142427,0.026153516076600655
368,3.8141429114563152,0.17869905385367713,-0.06528856775618837
369,3.794501014688201,0.010647903980792246,-0.07827679429704068
370,3.853891875779743,-0.01312811590159315,-0.1672194896085797
371,3.741244029750175,-0.06360672016295468,-0.10052548579538718
372,3.7116176450367173,0.22120252582944147,-0.06039056434806242
373,3.8943103190040564,-0.06835433495453935,-0.12302076653400007
374,3.8432978620157643,0.1300578391130083,0.02472123819463122
375,3.775846328546292,0.014001447947766012,-0.1946130973534155
376,3.8272559487087414,0.13031637632444418,-0.21136274445275272
377,4.019364914758482,-0.05186611596982552,-0.07294164965706933
378,3.852436684218212,0.057102330821712524,0.021665529494455705
379,3.897643053938657,-0.05677947068731449,-0.08062057848213694
380,4.007045655651703,0.044360943367835616,-0.01934884026222869
381,3.7701475154953696,0.0685645117758366,0.030351808793498497
382,3.772121959431496,-0.2006627565109362,0.05329810638413295
383,3.800399114767099,0.0039055231274721727,-0.09621039556094953
384,3.7861915662800465,0.10282243317525393,-0.10428509279041365
385,3.624617898537034,-0.004242683714174002,0.05281348836664978
386,3.819778908322664,0.07846529091917306,0.12098834245198603
387,3.9808929383760114,0.13064296344136309,0.02845364024613571
388,3.93395205356277,0.05396450138888808,0.08141772757906196
389,3.7050717535420294,-0.02595644017618414,0.008103799830857116
390,3.9438770391496885,0.13802256194093482,0.15342354356168536
391,3.8500862955464186,-0.06993876621922998,0.0689800104539716
392,3.7907199358052552,-0.14164947155205262,-0.036331969323453436
393,3.7597949597614146,-0.07776725697962422,0.05982371638259455
394,3.914634221200342,0.093315729829518,-0.1162667027970161
395,3.8734507347379137,0.10859100608214947,0.12949270193647433
396,3.77179910576086,0.0010249496708449046,0.03487916481915199
397,3.7600796329817183,-0.0015738787992047656,-0.08661948489558907
398,3.8642560104826384,0.0710699602967345,0.029558077990257704
399,3.6687513602390016,-0.10458636079146688,0.005675069467806071
400,3.990395352182324,0.1328379576197373,-0.10958652353571292
401,3.8833134251355355,0.07614579467286395,-0.008872659879199244
402,3.773677721049279,0.21816338917638026,0.01623970621296712
403,3.7735309642409733,-0.1602776060977177,-0.05568677360134858
404,3.9122877556983156,0.009713174887040647,0.07195363558017383
405,3.6728372171514327,0.10335387472058558,0.056167706492997085
406,3.8992689738002944,0.10816799192807156,-0.10121972067087191
407,3.875672918691053,0.11214672751506213,-0.11153115356932089
408,3.9485300741858174,-0.009648124169699977,0.10423505519211029
409,3.8596336651266303,0.20144453606057242,-0.11612850109028346
410,3.7704831946224493,0.14686650964308778,0.07484491942205461
411,3.9527884170591614,-0.04427561817652944,0.12119378731654172
412,3.6897727541309164,0.07525144105798645,0.05334762623395498
413,3.8449174866322853,0.18734442492746511,-0.0027710702708582083
414,3.840341884896317,0.061935295456270203,-0.016354471496283173
415,3.7760721101639456,-0.05063575980706745,0.15964981412793722
416,3.944206857709935,0.04877877012969109,0.12150626358656674
417,3.8787908804672617,0.001485302067032096,0.14882124192960824
418,3.657215491757093,0.036589217776141256,0.12839251406860677
419,3.5763901916080334,0.13609976095144674,-0.19559261074161224
420,3.7859912701624436,-0.051211941566720716,0.05540882073092446
421,3.9050801181529358,0.08901889157329601,-0.10292734295585156
422,3.715820231944146,0.043188413712447526,0.11574369256689615
423,3.9087615956575186,0.13526569905461897,0.046128909688577656
424,3.744566849035,-0.12987844888546432,-0.15162524936098742
425,3.7478580739581306,0.030852027510201305,-0.148468267428886
426,3.7966415922797765,0.0014060837561946926,-0.03116837076646005
427,4.000341512554833,-0.06599356091857964,0.18799998158344927
428,3.8459984529027538,-0.13840413707037577,-0.1097475173356261
429,3.7622269887143647,0.10488160971152077,0.01647885504139494
430,3.656943295673077,0.1466443521881781,0.03805113945412889
431,3.667559040811519,0.03972325436644624,-0.13739741184502777
432,4.013785293853033,-0.05046703025400264,0.037408449048445515
433,4.032328547250864,-0.06332338743256902,-0.14447924016807978
434,3.81192534305645,0.2163919695809829,0.05115175294958797
435,3.983613399454618,0.16169480475470568,-0.043593048794374645
436,3.8012184676568386,0.07534423016228431,-0.03391760871304081
437,3.968629850556498,0.1526424822870841,-0.02882527195305512
438,4.031694552262085,-0.04020483274305862,0.1356390544039264
439,3.620351717834515,0.19329004441637238,-0.03671305986561229
440,3.8611799377826523,-0.09396341528605176,-0.04028932775359179
441,3.7578580098827676,0.02862879148593609,-0.009372594220599705
442,3.7078076059301996,-0.00048024239739389435,-0.010962446269510274
443,3.8302717055997655,0.04652265819138131,0.027705581180595757
444,3.944342176194338,0.026015685891963538,0.09234414435147713
445,3.9958295008802653,0.18497896460566712,0.07857202277580116
446,3.802384701562862,0.033234828558998494,-0.13367933659650072
447,4.065502964128604,0.04450057283072663,0.0024688999714472504
448,3.8961638680713673,0.05239951194859543,0.15771826126858496
449,3.934725783346855,-0.020045639395018015,0.08936956815554402
450,3.8363832439342276,0.06195081568864893,-0.07573669598217884
451,3.7709337736433106,-0.0356405061178564,-0.046840616975702326
452,3.950273434139035,0.15944856843155103,0.022200655611556395
453,3.813467606944595,-0.001417968736207656,0.006420906751974075
454,3.797728815067531,0.06574210677568125,0.17322446274789027
455,3.8604824117076366,0.1244074881971258,-0.05940842154421373
456,3.8087707515396545,-0.21541473002800857,0.054415986164539853
457,3.799740654848588,0.034386584565371914,0.007753842902121358
458,3.8442329149524794,0.0622004260494961,-0.0199987407569641
459,3.753143943957328,-0.05839624123831725,0.011491429624330071
460,3.807624876151102,0.07909051293205158,-0.02564702403278343
461,4.020796259900328,0.02545125694194541,0.048458011424986944
462,3.805882617969135,0.03160413755580513,0.1285000463943303
463,4.013785195208625,0.04572700357092628,-0.060383907185849385
464,3.7418871861327125,0.03250843581072893,0.08483377199769361
465,3.851018262410974,0.04038177219840142,0.025305310883988054
466,3.9108958253203507,0.2685267687715134,0.1400723687018818
467,4.001061265297815,0.02479224748933552,0.08174988368885032
468,3.703754655426201,0.026482951984742677,-0.2592043769781775
469,3.980430669903763,0.07479716454091469,-0.024657723579151507
470,3.9447232991128267,0.11252421243649446,-0.004189428814876692
471,3.92399591170402,0.01416284425313171,-0.059856974733597273
472,3.8351211019219043,-0.03757605439877771,0.027546347600931553
473,3.8372673845523497,0.07294630750064449,0.10032940489616604
474,3.7316037774651574,0.08558978705953327,-0.14763795167286714
475,3.6745478846249124,-0.009240192873495388,0.08343138540355101
476,3.7755069546672457,-0.009646944113291762,0.10507071969258837
477,4.001739037116478,0.02861841121735281,-0.04140233427446228
478,3.866972954816211,0.28886843620665087,0.029133549633896524
479,3.8453290483101665,0.1468764430939461,-0.10112377271127837
480,3.8098203751098625,0.13368394432875047,-0.03851226344789427
481,4.026939730381128,-0.0679848940036345,0.2736924575740771
482,3.8205073601918373,0.19629761463986983,-0.05584336782389762
483,3.7641499876743714,-0.007168294950683246,0.06016366912937135
484,3.7265161132818028,0.16024064500747567,-0.042979951646233944
485,3.756650215109263,-0.0545906661996547,-0.07818391008198415
486,3.658626134221264,0.025742849043109015,-0.09610235917231828
487,3.939963207731401,0.1203034203322931,-0.1099218451883821
488,3.874019648086408,0.08551846211758835,0.03310117049674327
489,3.9379981667884008,0.08048902938362716,-0.03720245372182986
490,3.6845506498149714,-0.15519397240273755,-0.05306790523473386
491,3.8467062864887835,0.11481107374852112,0.10117986606090151
492,3.9866597739787486,0.17956517033756061,0.0317444292135546
493,3.9251022458568388,0.02788913247126846,-0.08021246669861455
494,3.840517833334847,0.02749530764558126,0.014142636444715452
495,4.123351005197681,0.0009735406835024371,0.00836163823762602
496,3.9204764363124984,0.11529354818814719,0.05026145205491392
497,3.614546298524065,0.006085794796411331,-0.18290741255113727
498,3.896903230985979,-0.1017277959328555,0.19133029767349413
499,4.027383349184001,0.02195717139033885,-0.09354109087119372
500,3.888534520502623,0.1945476838533935,0.05225229107869803
501,3.9021907986300097,0.1354848647143756,0.07138106737955487
502,3.772177617243753,0.08750628106907592,0.11394609592488317
503,3.861584242549681,0.09744676157522902,0.04771813853644659
504,3.71584660469779,0.161305077175852,0.13369826812229504
505,3.770346772154295,-0.06459673250366257,-0.04157546964307718
506,3.5752678842161445,0.19001154868371428,-0.10793524986540953
507,4.0141179640249565,0.028641894630396462,0.064317918427838
508,3.9576623033066207,0.07349683198595702,-0.06537326740044008
509,3.952210943912301,0.040361962249497174,0.0670202779384824
510,3.7805511331106514,0.0446665959460846,0.16220834703813092
511,3.86004958136563,-0.022648042976092485,0.10171538610172244
512,3.8279999645056857,-0.10248965269263052,-0.05955891009106166
513,3.766813577218983,0.020579371822780315,0.04661935890056637
514,3.914259266712008,-0.1168515916170885,0.15986264461066224
515,3.9030600865881437,-0.05689582182092404,0.031650778854917114
516,3.91505156101246,0.05056554096314004,-0.011043648669266317
517,3.8200310075605706,-0.003393293019257608,-0.0042601426137550925
518,3.7874937989612434,0.034412496523810926,0.007352426360016092
519,3.9736539030738953,0.16595759270785168,0.14663325930421475
520,3.9978197506106623,0.08597116217303388,-0.14897585042677466
521,3.6513821150979635,0.05528834632022563,0.10516231110865262
522,3.9828021823405018,0.03321955919768054,0.055531449723419
523,3.842619629391988,0.07398439977351386,-0.060812508882456075
524,3.7784010113281536,0.052722964026003356,-0.0032288714743502495
525,4.013029476832343,0.06821552043654633,-0.0954450247597036
526,4.021504405460464,-0.032787707509327545,-0.16442111189881944
527,3.8388814028833758,-0.06375459654938026,0.15017695017608268
528,3.922277975605774,-0.05633487921497176,0.06956532565608595
529,3.781627956182474,-0.1226559787241627,-0.13068057391934523
530,3.853912760202471,-0.04602712258318347,-0.004670628046493443
531,3.9386450627843077,0.29328202014005705,-0.16090688231617334
532,3.743949287671056,0.11589743415401443,0.010773543066511404
533,4.039551622418409,0.1940721847466491,-0.04601583918327868
534,3.8485815515363115,0.16398360654036248,0.18322791231015945
535,4.022194012968587,0.055369586613221444,0.1165629203926057
536,3.7728989179729937,-0.04718378701570639,0.06356181273352485
537,3.840594320640248,0.07258327524652707,0.047614799704044836
538,3.899323913530278,0.1448942944019974,-0.13025421394149866
539,3.700355078483645,0.1701409430685013,0.033288296061924134
540,3.6225540903094045,-0.1181235321190251,-0.07435565471305774
541,3.8106735196490815,-0.0112877212294192,-0.25119703655700903
542,3.707763303038078,0.04991655366734429,0.10960985597512368
543,3.810001424078244,0.012782990506417673,-0.006217784523509684
544,3.7272130061476134,0.1117621849534906,0.08437196358124455
545,3.837692384879137,-0.077078930224933,-0.08719765922426698
546,3.6431361451190227,-0.03747035237830074,-0.1644195462289299
547,3.8114015104777303,0.002069747950970778,-0.025332648941182985
548,3.8684207501186045,0.21745567353198117,-0.014337478873946747
549,3.9372462328315265,-0.04049099661718473,-0.12755322516342854
550,3.9721084069174446,0.01642795723156757,0.05605950635884236
551,3.9120265495342004,-0.157167347216632,-0.012134223632364133
552,3.8258109994181018,0.06301506042080533,0.12250951097065273
553,3.869404059638031,0.04211008370390425,-0.016480091785358725
554,3.777197591325552,0.1286815206897003,0.10449648995408055
555,3.8345100429183683,0.11916803308328028,0.009782850521417277
556,3.7524259907491406,-0.1134859129987855,-0.026870452508020073
557,3.821370617443536,0.11934201191606314,0.02430658764605431
558,3.718110466499033,0.12863991133613556,0.09609350334665819
559,3.982743378469619,0.23152534414768838,0.0046858515831448904
560,3.8391102244308573,0.10103036419152871,-0.10812996694106643
561,3.6618796678690266,0.008767024934949665,-0.02529932881373298
562,3.772386849394351,0.04155639203398136,0.2550042452183377
563,3.9283377201273115,0.060407519831380284,0.21149749735812864
564,3.7867869165626273,0.13089760935194494,0.06685022980257604
565,3.9102943394360876,-0.05107992154790091,0.11208025188000681
566,3.8418910963770676,0.022712596434040375,-0.03647641128251227
567,3.8245229845216357,0.1598684577616872,0.12069905516697876
568,3.7437686281174436,0.09450714185604514,0.14407956620361753
569,3.694387259505625,0.15108166418143495,-0.06254385215669457
570,3.7299835613857466,0.08786347315875144,0.09471432389086996
571,3.8719683414527415,-0.08944222508806571,0.25683946479088315
572,3.5729618172577124,-0.03493200957754338,-0.06249248618979611
573,3.8520504525622203,0.02645559419162872,-0.04737384424142046
574,3.7855960590859663,0.2083931367847103,0.09801249489567489
575,3.710919939385637,0.014058563669516445,-0.0008877205594509951
576,3.8091501275590676,0.01572934273767731,0.02101897239339492
577,3.789360832060865,-0.12696626195096647,0.049889006391109214
578,3.9457955343434663,0.13492211980821878,0.04239505540831879
579,3.8098274233770093,0.20984915879466257,-0.04585435160684998
580,3.827579844656633,0.07850839784024082,0.09396794305754541
581,3.8155932673740396,0.17670125326879785,0.009878260130805542
582,3.798592954626702,-0.0012168987239820142,-0.0941912103743867
583,3.7653659752957194,0.08296259509981321,0.04129743536957653
584,4.01374863388953,0.05586431088169981,-0.05405255694973798
585,3.7274647275962587,-0.02082334648407943,0.24422325334339084
586,3.941207334932312,-0.05834254342452975,-0.24887443239097606
587,3.913209136406085,-0.07772937247521877,-0.04317971239386455
588,3.862786340552185,-0.07223670042065583,-0.21799420836068872
589,3.8170084075700186,-0.20063025396241022,-0.06366645667100644
590,3.8163995397246038,0.14129808729325316,0.14598295591038554
591,3.9481122211512543,0.0014712609675705396,0.0011679699707254066
592,3.9097556932770376,-0.0016774957447559802,-0.06391685376997075
593,3.8225383518228746,0.04012166957067646,0.11810928774694418
594,3.8679646483775625,0.16246545445230404,-0.018601225149156086
595,3.7241771899302316,-0.003128529313367996,0.1472618112581593
596,3.9570846715282206,0.0713226328904224,0.015946022345840628
597,3.795830700697368,0.09238330424419705,-0.23380636754577636
598,3.6952256789852673,0.02196435682316296,0.05725727082545069
599,3.8815442527504214,0.06052250114120615,-0.017660267673730475
600,3.689759020528447,0.09745552699049909,0.02057618485406538
601,3.8807148866969876,0.012703456562600426,0.10957880746099265
602,3.9637800410037727,0.1351586002435293,0.0791349319038589
603,3.7193702643231967,-0.1748894481838322,0.10953801941459057
604,3.8757914320481404,-0.043097926530767335,-0.07018758988841488
605,3.7443348346808363,0.10830471972394312,0.09758685160444795
606,3.9705608110903827,-0.09083223496046583,0.0032272996616421815
607,3.8029391954703957,0.03656627149221128,-0.06671787084297635
608,3.8237345109956062,0.0253138616510526,0.03501321597745218
609,3.753312762633726,0.023102025549174142,-0.020433382205068407
610,3.8054907032011402,0.08073557709420497,-0.040856205476331536
611,3.8340135147534067,0.11424583018576778,0.023811279299366616
612,3.8449666137894614,0.0991288243458647,0.03639661467719066
613,3.736212148180968,-0.07933567308649675,-0.07376318645716679
614,3.734012860322065,0.09903050109033024,-0.01696535246133192
615,4.038116435266387,-0.014156822634320436,-0.00012765558879005803
616,3.6680295978203783,-0.05660577688171973,-0.14304196151889068
617,3.8101947065889883,0.05107614668735779,0.08423779358266367
618,3.767641384517938,0.04466269515952043,0.06574541440843786
619,3.7800388983593196,0.13876246980034285,0.07653595578794169
620,3.6518218581666217,0.006727136063433968,-0.057833774528717255
621,3.9630871774331484,0.012043492614991658,0.03502480974754838
622,3.7260823983256177,-0.0075600063476406534,0.1302187640305346
623,3.7231125294209457,-0.006329410183593204,0.10366419622402029
624,3.7771355028250166,0.08843048081638377,0.055472071318661755
625,3.6555437894323943,0.12132037074445445,-0.07442440361845323
626,3.876564458168124,0.15016801264833662,0.09635227260624805
627,3.8153486018285627,-0.05752450733182187,0.15798191671547002
628,4.000334402670296,-0.09915830069140202,0.07206808105649452
629,3.9403939816776505,0.01045185382606005,0.0836516212825943
630,4.0246216669934345,0.11228151521454267,-0.2198845780086964
631,3.7197342055614158,0.20599498081497244,-0.09799769038305108
632,3.762412169517758,-0.005297944563000208,-0.07271137392309233
633,3.9509687450196487,0.052569497490251665,-0.05676093324399914
634,3.8087063666699836,0.2930832543101906,-0.1406255360164657
635,4.063788940465557,0.24230740763130318,0.10377983494358789
636,3.8708411327687773,0.05975540603976347,-0.052824051048729496
637,3.91083705716443,0.007952573805590078,0.004231885438587468
638,3.7300087392851604,0.061002750314743205,-0.019416158821988758
639,3.841233966418285,0.10411665536275994,-0.12483028225520687
640,3.9107843656897487,0.08568329726659882,-0.05715353410412347
641,3.910689647749364,0.07761478028682901,-0.08421484008937113
642,3.675316090120118,0.005749980850851967,-0.08610692239906256
643,3.9098976970210506,0.028355622722645777,-0.027570661148013875
644,4.048106204774941,0.1047534114819442,0.22586672402498786
645,3.783478000544746,0.17788157635209367,0.04532122907910499
646,3.6605256659229712,0.23283680334233106,0.044022382170133746
647,3.7853757889212627,-0.015747612563981446,-0.0211041568591937
648,3.853634690820778,-0.011845940648676924,-0.13681431727112578
649,3.771109305603664,0.05142883517553765,0.03013257975363486
650,3.9406547782422168,-0.0319830241591604,-0.05693526029562325
651,3.81428870112487,-0.11219022084824187,0.10108291394969965
652,3.8518396610105308,0.1080643326914025,-0.044696531070980795
653,3.834050906258328,0.054400452370560674,0.009074774305403427
654,3.905355001341285,0.1073112692412923,0.004867126234651817
655,3.823433515905732,0.09225610033330175,-0.034600778641788746
656,3.664778565959038,0.0775452591593042,0.046983865074788925
657,3.954767127268864,0.07191066930844386,-0.11862943669831855
658,3.780346445870544,0.16562098327931182,-0.032632408903192876
659,3.967057641715949,0.1015138405521897,0.011657407407888875
660,3.6667472475981633,-0.014048913061002831,-0.11288609537943575
661,3.9340907806300995,-0.15501900496172194,0.027276172110877784
662,3.9083622050110796,-0.008346553949590128,0.17600391133096824
663,3.803846665720691,-0.04418869139744145,-0.09509966753430013
664,3.7935237121004577,0.06521186365891286,-0.039017777643736457
665,4.052961894936693,0.11223542707741019,-0.10578592312440159
666,3.7939321408760143,0.012762442692291008,-0.08908578427942036
667,3.8196322993694563,0.10748799328995115,-0.24356712068366804
668,4.077749194806936,-0.0843174529746617,0.07543677643321355
669,3.8409396917891545,0.09355140256924263,-0.027790537189358002
670,3.8537656984347377,0.27195767286770856,0.06989176234238907
671,3.740388787447387,0.12625677884482217,-0.05679880422454208
672,3.813209567883292,9.520399351006792e-05,0.05162926314150701
673,3.7844743225373145,0.02342558592600464,0.04705475826092043
674,3.8246902130002853,0.1411876855937272,0.2924326801025302
675,3.959805208562007,0.0969822246885429,-0.14539057201483793
676,3.693013362781328,0.11564447874084988,-0.03399791096913448
677,3.694602331670783,-0.005608396360829687,-0.02754649076585533
678,3.8891195972908994,0.2328920174289665,0.1594651068060575
679,3.785869151057044,-0.05602124836285321,0.06805498106291279
680,3.9734590890882577,-0.0049509300865797565,0.102515776884417
681,3.8407831309577922,0.13154521485156898,0.08377272272948624
682,3.573082605156087,0.0662577563794452,0.016916985462717474
683,3.7960020408122204,0.025644913624232293,-0.027139094864164156
684,3.8914915102169196,0.15143637893232523,-0.09923772270481718
685,3.8494457241728997,0.2251051121503055,-0.025956499093685477
686,3.895227274739595,0.06159184906685642,0.12263710944607323
687,3.7818909131041467,0.1444093837676893,-0.10924291275505216
688,3.656722216819955,-0.16611618516641843,0.07912767547072895
689,3.7157062006127624,-0.12726151482248493,0.03654330249748876
690,3.8075200197206094,-0.006428209253479138,-0.017650145990359908
691,3.687227229034589,0.09360989482697801,-0.021646975442996416
692,3.910559266439342,-0.10375167673106617,0.01698731257920634
693,3.8762237777368203,-0.00909316844710805,0.07905237277665987
694,3.8600107343737946,0.009535245845250936,0.06835739647309332
695,3.8502583671582937,0.08548586160039977,-0.03141098916799572
696,3.963562542980987,0.05344367186847031,-0.07869849503180665
697,3.9088725232568726,0.02093916959073227,0.01271713670435917
698,3.8220624733825885,0.09064620988385336,0.06451904709848964
699,3.902430983952002,0.15232612464370054,-0.110028445113479
700,3.651999901264868,0.05955494870866841,0.005305939990345572
701,3.9321171107744766,-0.06092445803246894,0.1677653502843286
702,3.881396426747591,0.22750366071969116,-0.15791650667121707
703,3.8089912294383437,0.16222073339472917,0.0578955636986234
704,3.7057469141897323,0.02626345121275949,0.0005091452054413215
705,3.969963836925557,-0.1421043482103967,-0.06839301677616116
706,4.001796095841844,0.09882612671097574,-0.027909068572001886
707,3.8628394949318157,0.020753453191883424,-0.08878241632217355
708,3.75978309698382,0.08034557106987021,-0.05105629713784626
709,3.7648663040825703,0.2545901472216272,-0.035114277661594404
710,3.963460876007911,-0.06067765286117333,0.16771369462005672
711,3.945697221001217,0.06877777567251905,-0.06201778123255496
712,3.9101825753279074,-0.11003620676129111,0.12402116471209111
713,3.859047949454509,0.12588772481445823,0.04875171169610011
714,3.882987343531916,-0.045375550399476654,-0.03776779950877406
715,3.768505121684296,-0.15012250218929757,0.08558160978738912
716,3.86790767313365,0.07062002340102272,0.1315397119745108
717,3.665398922050868,0.047301419332500386,-0.005719295365743056
718,3.9264654348956145,-0.023191058971385008,0.09886767828878935
719,3.9342185812891257,0.08608014505757296,0.19064407936400862
720,3.7111455514629927,0.06914063113043979,-0.1773369006385167
721,3.7898455605858006,-0.05724618937947861,0.06471433575672218
722,3.8169909754208136,-0.06996562622485958,0.031178695566415168
723,3.835182183537584,0.11400718936989654,0.09126991130510949
724,3.827675765634964,-0.06608955969398914,-0.02356526928651699
725,3.801538740583924,0.12031474990674543,0.04174241116255453
726,3.7748103611699078,0.053189007452305516,-0.15096207441274498
727,3.7292036133935844,0.02356561707224616,0.011668774589997094
728,3.9386270190681616,-0.01017958638658769,-0.031990555590620535
729,3.802357825237364,0.08098602308915819,0.0534521387060024
730,4.001659949508397,0.3147153958082789,0.11573027167958745
731,3.8641070355828924,0.14825655239817156,-0.1825993761888621
732,3.9943479818413223,-0.018891127097041487,0.08840567548827406
733,3.716435427096923,0.2454420712730038,-0.12720882571423717
734,3.7515239074260003,0.02722910453687568,-0.011439742056349714
735,3.8451221126106736,0.29552638642281226,0.11083849428806503
736,3.7551924597493462,0.02497024300485283,-0.17966787291978856
737,3.83571049037714,0.09016996642037031,0.09363121848904127
738,3.89824495970655,0.05066668005515428,0.048779181577312966
739,3.6270357069533556,-0.2819439611570542,-0.031588104250245795
740,3.8367597746806497,0.1693242364738555,-0.019133370408898984
741,4.062100422809464,0.04948872426636844,-0.1398290324573774
742,3.880686036628508,0.045852260327035994,0.05311045416298234
743,3.884919698758506,0.10506373767039012,-0.12959109508769476
744,3.8623133202613875,0.12521988349538718,0.027017651139461103
745,3.792951412235049,0.13489072210985786,0.14454153798321973
746,3.8024182594918603,0.030323084916903616,0.17568476651994283
747,3.8477639565747457,-0.16620832546490447,0.07480135958832045
748,3.8591242974755864,0.08632530233743296,-0.02354547318105008
749,3.873518886767359,0.14388249102059267,0.030917817781478688
750,3.7486854233332596,0.09070937417310107,0.014138512281017241
751,3.852877461625039,0.05098292459991662,-0.14344994794638463
752,3.916087824460453,-0.10620594368819167,-0.012441876513791387
753,3.873904125605213,0.03772011790468498,-0.09598346422245874
754,3.978991492012898,0.03562439428613514,0.1770468055572328
755,3.85062150624489,0.1754469298524346,-0.14024995978042534
756,3.8014814499142044,0.15238008831080896,0.0788121754710988
757,3.6705225628254174,0.06043465967451525,-0.02570884251633032
758,3.78936345225262,0.08205869349559161,0.032698748107470865
759,3.880581019310937,0.03065207974438066,-0.0030857421909746864
760,3.7094071175788073,-0.07276382113110283,0.00543357574483525
761,3.777009007109284,0.17837446331961512,0.09478300297314242
762,3.9152882911572133,0.2442838776879135,0.05891251260334693
763,3.7760704341257916,0.06643430898950461,-0.13763461373778402
764,3.77007388660678,0.10414313793781194,0.0817219087579877
765,3.8147631768536923,0.17155616700158727,-0.16413964276444828
766,3.588631837924962,0.13593510786462992,-0.046777003550178706
767,3.9122599342858186,0.08247344968228973,-0.13568986123262036
768,3.95385344138225,-0.09505266204381682,-0.13234997099526336
769,3.945832029402127,0.21479996018018674,0.07689911369540905
770,3.7405641119199187,-0.06633276976747776,0.08660250728044727
771,3.6972127958888854,0.00199434336114087,0.016732558574793294
772,3.9165838857953146,0.006797917390561993,-0.020087782512287114
773,3.756564127325437,0.24871478649789897,0.10822540326509789
774,3.930464095440665,-0.06146701043784076,-0.10508692830551414
775,3.769859929836504,0.0639060395285015,-0.057251227279048425
776,3.7439415242561984,0.014759005944183147,-0.15049112575483828
777,3.5996871678415294,-0.09354931586466927,-0.020416146376087484
778,3.9825163327033284,0.0709728315388724,0.012859589810026231
779,4.086646358846721,0.07733081549190764,0.14496197772928118
780,3.80490976084714,0.011344278816918726,0.10607089896559017
781,3.765840699528581,-0.208703648592969,0.17161707676131965
782,4.040862380900467,0.019815404879378135,0.06962631546617006
783,3.790390822941359,0.030699695934337027,0.07128961308230315
784,3.7209400994534816,0.04248967774829082,0.19502446237421123
785,3.996647490458,0.14749073704346616,-0.22500313880281847
786,3.928202953866193,-0.09225257277785578,0.0037374758350604514
787,3.8612055620767767,0.1170698991833305,0.06938493719179398
788,3.678398311600877,0.02737878096647908,-0.3656477673814317
789,3.862368184350484,0.07629667093503575,-0.03779307181641494
790,3.7334109561267503,-0.04230629631670276,0.04141681785047756
791,4.004495938742676,0.0810126995604234,0.06352010041111719
792,3.6970274136749297,-0.13139550437372569,0.0406053217143994
793,3.7937250836391594,0.1952670143888927,0.08316666686540779
794,3.8789481774841947,0.22346975693762097,0.14770738878963335
795,3.7973996196982402,-0.011276423259096259,-0.05530432506228472
796,3.943805657126678,0.21057625414734765,-0.11916336864104995
797,3.903983911840544,0.11098989092028762,0.04459434297409752
798,3.925914159143518,-0.011227871982055403,-0.14331541843050932
799,3.944359132908736,0.061886673588792074,0.05496460565027155
800,3.859370824006631,-0.018625933586224767,-0.14237927523663824
801,3.9345938081777403,0.05054850431979754,0.11763136865665219
802,3.8692741997088853,0.03278887422484762,0.034559238382898066
803,3.8712651664353164,0.040226328778118804,0.13599223186169798
804,3.880623633369674,0.011151249521110233,0.17382683840711063
805,4.021195629159733,-0.01640223794695541,-0.026528112491159484
806,3.8515862183670597,-0.1018762702190383,0.015851827484547096
807,3.8338637990136766,0.13031547891395215,-0.16169751358767456
808,3.7693148177238474,-0.0736819609252643,-0.09410408165731816
809,3.7382298667791334,0.0948441277215888,-0.09160913160642908
810,3.796615753517505,0.08680848245485837,-0.0747367226698321
811,3.9033240478373163,0.2225749326145782,0.04246958633512952
812,3.761955850482945,0.04318355284565077,-0.021158273381238796
813,3.66466043018471,0.07106823087885569,0.02258429445928226
814,3.839122294938916,0.2670171865157157,-0.05811525746152858
815,3.867114607666549,-0.10582259126320176,0.08141712635914636
816,3.7539697063839648,0.1061225271484191,0.12044066830911238
817,3.852922562081671,0.08175951776738243,0.005631967964286977
818,3.772722363917751,0.04005499581317025,0.03807353856564332
819,3.796865427760832,0.2471026686117807,0.032143973905124155
820,3.7378671675808905,0.009445792154636035,0.16271472037201767
821,3.77210751846035,-0.021848911559283292,-0.24989455215129155
822,3.8188579311401143,-0.05254724717923669,0.15743448138110874
823,3.78489851275839,0.12050142893392157,0.021541858319760306
824,3.784748260892594,0.17962237226055208,0.041643424618767744
825,3.8871993300999312,0.11259114841841456,-0.025198714203854923
826,3.7776802688334317,-0.058357972698655246,0.08547327010278527
827,3.867316987398016,0.05312308975793606,0.014289610273491746
828,3.7034786868085243,0.039535122031325656,-0.08774104339864358
829,3.978766699517046,-0.0033438714662831145,0.038723725095105146
830,3.754913219341268,-0.048800994403038915,0.07124769710481522
831,3.7853830432606945,0.03695800138991807,0.003461397309591163
832,3.9879715576819876,0.029939488983618083,0.11778855939963691
833,3.7120611928076706,0.07956554782889555,-0.1050317579743366
834,3.818319043567113,0.05541771792421096,0.06622767853325659
835,3.9505790210021186,-0.12326751244021467,0.03369163380561265
836,3.9577131745299967,0.0031518718438625845,-0.07729324221064685
837,3.866399889000806,0.16486961628163296,-0.07882162077383337
838,3.7250237050254795,-0.09026501023747249,-0.07466448838946371
839,3.896052143331627,-0.028477541012077827,0.11100878792542367
840,4.025758440053945,-0.01809310873058672,-0.080440801238965
841,3.802309708209399,0.07966979291004408,0.09148727804841288
842,3.9605080125628866,0.08724063416472203,-0.17367726271341044
843,3.711292024309633,0.10534803260504456,-0.031979574403103006
844,3.797035731834993,0.016214372203488363,-0.07369147575982433
845,3.909305154694713,0.03233104117666423,0.05574408944263359
846,3.6348150295649093,0.05262254588370839,-0.069176353909574
847,3.912004375644953,0.009675005818604102,-0.23401836811106005
848,3.822502187289629,0.039449784437165306,-0.007489964050725834
849,3.8624692481113114,0.06568358690785123,-0.056039437079855065
850,3.8353643378914035,-0.016842679207162113,0.05440488203783403
851,3.8417698560015396,0.15204861213846987,-0.09041821234459423
852,3.8156011344024217,-0.11119112411437049,0.026866763813523223
853,3.828890347308559,0.1130163512830446,-0.046269797284059305
854,3.769382205109321,0.047020140289214286,0.028456982561685135
855,3.9700033755751383,0.057194844962803366,0.0012197277694873426
856,3.974553540187503,0.052205148211069696,-0.12433779767514595
857,4.056786434269882,0.15925570448016488,0.08060672573307791
858,3.6064971647568136,-0.041768775269701484,0.04557068785302852
859,3.715900367673942,-0.05544660038564302,0.035901460160178124
860,3.9219377825198047,0.12225944861072408,-0.0593642886698674
861,3.7445709377099337,-0.01580929238321973,-0.031131342526257006
862,3.832976479041841,0.019211331791246365,0.05158933952844028
863,3.8155428935278923,0.13897546207760855,0.18292511450944632
864,3.8953914993791234,0.11509103086888395,-0.0216033109452467
865,3.863310066164862,0.07509765328107798,0.0038358476379763435
866,3.6998044715572758,-0.13005548202658454,-0.014480289275980938
867,3.7729440190078476,0.15886018122811682,-0.017187939516021884
868,3.7745064780271687,-0.026296037075203345,-0.0222380049285312
869,3.812960328575767,0.03118988002686146,-0.1637054163313016
870,3.8421636123936476,0.06094870950325243,-0.10405035851904042
871,4.014668128243641,0.07425470723391607,-0.0965326961500217
872,3.9760193799676355,-0.013051552021986289,-0.15756103004547128
873,3.8523659307265574,0.07673275266782417,0.1424374283571321
874,3.740848306094703,0.16693336371787534,-0.07912629918900416
875,3.8995351588426277,-0.07160171398089216,-0.05490793855476263
876,3.632298454065034,-0.10190852052710248,-0.010820296686160663
877,3.8585305190380415,-0.1695842889183183,0.13003230415401631
878,3.873249096396234,0.03459391125846441,-0.042847270017576496
879,3.8063632072632188,0.21298175248698184,-0.12466153040673578
880,3.8958570999659465,0.08424372225308777,0.04127614923813288
881,3.9321216123280753,-0.007665469364561764,-0.1509908500932423
882,3.8064133377996523,-0.004396260638337764,-0.02107152181514019
883,3.742049829624625,0.16661976788846952,-0.004447852709149667
884,3.95592235739212,0.025603955101993568,0.01226953191058122
885,3.8706054252887045,0.04308440048584745,0.1210895914584806
886,3.7578056435514484,0.22395875278373292,0.09731761895006139
887,3.9347023344565457,0.08941199728733892,0.05851341962430835
888,3.8129144947770683,-0.008493726800202557,-0.04666556977037212
889,3.8327957613520387,0.058581099489242665,-0.12276204445636381
890,3.7177699684100762,0.06055413993044025,0.08987422553365876
891,3.7416845361978,0.12129906947998595,-0.039777107942447196
892,3.910098225885257,-0.07009399973381894,-0.082637420980116
893,4.00537308086889,0.01370186984200069,-0.20245111894279205
894,3.9202373048734125,0.14041565376734225,0.11407242463733772
895,3.845838239951403,0.026471200986972927,-0.08114541684096116
896,3.7294853617207937,0.059158840732461894,0.0507274571279587
897,3.7435292283374553,0.1321380347163786,-0.10996668938563817
898,3.809754199126178,0.04461173170732093,-0.012661449311266369
899,3.9622359057530634,0.042938065127872245,0.01696462460142446
900,3.8663347060195403,-0.07079313998074127,0.07118544925940029
901,3.751124704067789,0.025407267938084586,-0.18178854224904017
902,3.7609196975205186,0.12019420232138114,0.038572852926944054
903,3.8946696907481804,0.20676631194067988,-0.09556156742567318
904,3.903807826213419,0.2954623607216937,-0.15188588704024278
905,3.936865835250833,0.11699657284447096,-0.027102984527022034
906,3.6877094670849613,0.08404396025369296,0.020952335591790616
907,3.8965608191491543,0.05833830310569201,-0.09315729899814786
908,3.7815826718393755,0.0489993302495424,-0.013992417078627148
909,3.766955122951076,-0.06102380933525801,0.08479000673449369
910,3.8982078376684495,0.03594035722144205,0.07481188017384886
911,3.904495585877483,0.058946489075931724,-0.030689547345273523
912,3.9917052121616563,-0.006876243241710225,-0.023988604174685596
913,3.880626301961727,0.0875582214241194,-0.029334346844740296
914,3.7969381622484852,0.09210642407610029,0.19132518834458628
915,3.721243253379976,0.1631849512339632,0.02171323476652906
916,3.8779665311349527,0.015405988153731703,-0.0855297505802092
917,3.6261249868634273,0.0353075167362685,0.06122666753996578
918,3.7593359862575033,0.10743770975138361,0.09587514703431288
919,3.845638690019615,0.01983544749833041,0.12901608197373587
920,3.7256349123703516,-0.045448792306784384,-0.02505744850978896
921,3.9180529602389833,0.012045423846515739,-0.1179702718367483
922,3.9219689439758336,-0.08258035305016581,0.0864234361830743
923,3.861110199916274,0.0036035564815921697,0.14051974901524436
924,3.8673084628707066,-0.1814149209951597,-0.11649285168926789
925,4.051898545086058,-0.0229094489468765,0.08619580020756733
926,3.8090564262574804,0.26451595578111314,0.14038806750969865
927,3.6760832495880904,0.08046657750840217,0.07947837907570392
928,3.9166997527927183,-0.07385493283831451,-0.01087388814538983
929,3.677401892088781,0.18089427131069075,0.01217337481418921
930,3.8457523290616162,0.0937964464279146,-0.13898478950507911
931,3.847877541235568,0.1351116673374514,-0.03418928881584667
932,3.825457756704062,0.03159399729669063,0.0011253596731700419
933,3.9941855281212315,0.1937743818386094,0.10994734519300844
934,3.9978803283757323,0.2051021801719727,0.1832819465889881
935,3.9165272834781497,0.21217524698817206,0.0724893883378555
936,3.776305098829693,0.04912178629011264,-0.023412982698090213
937,3.884516049880788,0.26102542614026714,0.0644179915330908
938,3.8481328275194246,0.10993018998331945,-0.14791721885420783
939,3.989511731404127,-0.0503640592448877,0.11048838875079402
940,3.7380596880801864,0.09534305937511359,0.05520441433915929
941,3.7028597332890882,0.12900595758542877,0.13526972846661717
942,3.8637944599251832,-0.0282002812973677,0.012385325809870354
943,3.733263871914699,0.14384914687301134,0.1332101180094697
944,3.781168938814709,0.12623234401515582,0.0961635364208654
945,3.7990989034466303,0.060492113592715266,-0.15848882430041641
946,3.8981624488059787,0.10938212650004539,-0.013397015079276606
947,3.9016374118926143,0.11853157326560443,0.039105041381909
948,3.7037824257476255,0.09522529318290332,0.043751556931165426
949,3.7802244874614415,0.005003972526949722,0.09628648260456901
950,3.8062330805833002,0.04896762932635644,0.028914680640788594
951,3.875983076165223,0.02727939349839956,0.03130415852552781
952,3.8167718552014835,0.09143565500465792,0.15042098225698108
953,3.9424602796749597,0.06953807166760927,-0.09631807620401152
954,3.778628927185623,0.06308228789261586,0.06770873630200806
955,3.8393360970153942,-0.03258572179739377,-0.005470277813121918
956,3.9901498373003417,0.11842489966691072,-0.09683418637549977
957,3.8543720027535464,0.0659192937624693,0.278784489397592
958,4.023154702355836,0.2942812365969682,-0.2921114922817834
959,3.983124115199025,0.027409573906482923,0.15000853343065443
960,3.8442982438485442,-0.0523161646691652,-0.19963251107985946
961,3.8801023425791845,-0.04762135019982964,-0.02145760184574516
962,3.8312481424575267,0.035288752220994604,0.06340540119162925
963,3.8294876301290914,0.045023432034939664,-0.08149195038767279
964,3.665820229741376,0.06172292042910214,0.012808201729954352
965,3.932788228257875,0.02044040588149104,0.05944793932129177
966,3.8768970206228666,0.10298032969703054,0.09308105561003086
967,3.887567931565708,-0.09437150805525382,-0.10593091371316805
968,3.846679798167484,-0.05181515147562558,-0.08454691176977015
969,3.809891151373658,-0.046657045424937794,0.06489697634554571
970,3.8529582801779054,0.051170851138321746,0.04835917928019756
971,3.845752595519366,0.042396758719116426,0.09944821417829512
972,3.9856941715862457,-0.03373996130339905,-0.015467337792297621
973,3.777118415313159,-0.13592120727768062,0.06188413826216435
974,3.6853168519466877,0.008035510056010317,0.09472158203294877
975,3.9140420283303365,0.11083961860298044,0.017454109509373997
976,3.8002873526920435,0.1415144067523831,-0.03185449828451369
977,4.008567156185363,0.13467137119277917,-0.105386290988879
978,3.9251558063146987,0.0022273929948845445,0.15548275406068668
979,3.8300819729362456,0.2111963720280104,0.1686064774866719
980,3.7834015896789612,0.06227631066518554,-0.226412737638565
981,3.718941769553003,0.014345565437740536,0.01775255935079912
982,3.9399476952704435,-0.0987103620352382,0.12993785483257483
983,3.877758103234022,-0.12839065343279546,-0.2569009575551407
984,3.988068894123317,-0.010421562117771253,0.04280428650634838
985,3.7423531447346803,0.09783720857756817,-0.04314647101285127
986,3.95315787396857,0.0107692899728098,0.08480500387565659
987,3.7692978660656524,0.08652333255569801,0.12445656034100312
988,3.94535021036414,0.04629052415499762,0.055218536180874925
989,3.8650444204650505,0.09979817969808741,-0.03348711682541978
990,3.9095893307237133,0.05264457259881432,-0.13583843551162356
991,3.8782612410468653,-0.13039699896218143,-0.046085725262136945
992,3.9246020423072245,-0.010179773844963984,-0.13229046192144905
993,3.840543370965048,0.1315695364306825,-0.07275936769106349
994,3.7364265150962717,0.08367146865935526,0.09309848774141907
995,3.8224506402168883,-0.0978566802504035,0.0895271837318488
996,3.8696711737785896,0.11841097664999817,-0.03750317863935245
997,3.8209608682396468,0.1846905202489013,0.19300919168863828
998,3.6560791482689385,0.05780011479664908,-0.10012348824991119
999,3.9099072697277624,0.20012884913933005,0.043761709355448354
