,electricity-fueltype-nyiso-dual_fuel,electricity-fueltype-nyiso-hydro,electricity-fueltype-nyiso-wind,electricity-fueltype-nyiso-nuclear,electricity-fueltype-nyiso-other_renewables,electricity-fueltype-nyiso-natural_gas,electricity-fueltype-nyiso-other_fossil_fuels
0,7342.0,3365.0,249.0,3299.0,271.0,4915.0,2.0
1,7342.0,3365.0,249.0,3299.0,271.0,4915.0,2.0
2,7342.0,3365.0,249.0,3299.0,271.0,4915.0,2.0
3,7588.0,3402.0,259.0,3300.0,274.0,5003.0,2.0
4,7569.0,3427.0,256.0,3299.0,272.0,5056.0,2.0
5,7569.0,3427.0,256.0,3299.0,272.0,5056.0,2.0
6,7703.0,3493.0,237.0,3297.0,268.0,5069.0,2.0
7,7778.0,3514.0,222.0,3296.0,272.0,5058.0,2.0
8,7842.0,3568.0,226.0,3295.0,274.0,5087.0,2.0
9,7842.0,3568.0,226.0,3295.0,274.0,5087.0,2.0
10,7842.0,3568.0,226.0,3295.0,274.0,5087.0,2.0
11,8039.0,3606.0,170.0,3299.0,267.0,5158.0,2.0
12,8109.0,3588.0,213.0,3296.0,270.0,5158.0,2.0
13,8170.0,3542.0,240.0,3296.0,266.0,5126.0,2.0
14,8170.0,3542.0,240.0,3296.0,266.0,5126.0,2.0
15,8315.0,3496.0,236.0,3296.0,275.0,5336.0,38.0
16,8306.0,3578.0,256.0,3296.0,273.0,5387.0,44.0
17,8306.0,3578.0,256.0,3296.0,273.0,5387.0,44.0
18,8390.0,3805.0,268.0,3297.0,277.0,5483.0,2.0
19,8390.0,3805.0,268.0,3297.0,277.0,5483.0,2.0
20,8459.0,3847.0,270.0,3296.0,276.0,5496.0,2.0
21,8731.0,3819.0,271.0,3297.0,274.0,5511.0,3.0
22,8719.0,3802.0,269.0,3295.0,280.0,5528.0,2.0
23,8719.0,3802.0,269.0,3295.0,280.0,5528.0,2.0
24,8740.0,3883.0,282.0,3297.0,277.0,5573.0,2.0
25,8748.0,3944.0,280.0,3297.0,284.0,5573.0,2.0
26,8748.0,3944.0,280.0,3297.0,284.0,5573.0,2.0
27,8791.0,3912.0,284.0,3297.0,281.0,5570.0,2.0
28,8822.0,3797.0,270.0,3296.0,283.0,5584.0,2.0
29,8822.0,3797.0,270.0,3296.0,283.0,5584.0,2.0
30,8822.0,3797.0,270.0,3296.0,283.0,5584.0,2.0
31,8822.0,3797.0,270.0,3296.0,283.0,5584.0,2.0
32,8790.0,3918.0,287.0,3296.0,282.0,5619.0,2.0
33,8770.0,3946.0,314.0,3297.0,282.0,5628.0,2.0
34,8763.0,3977.0,331.0,3297.0,285.0,5637.0,2.0
35,8763.0,3977.0,331.0,3297.0,285.0,5637.0,2.0
36,8882.0,4019.0,357.0,3296.0,275.0,5653.0,2.0
37,8882.0,4019.0,357.0,3296.0,275.0,5653.0,2.0
38,8882.0,4019.0,357.0,3296.0,275.0,5653.0,2.0
39,8882.0,4019.0,357.0,3296.0,275.0,5653.0,2.0
40,8892.0,3996.0,389.0,3298.0,275.0,5491.0,2.0
41,8827.0,4014.0,298.0,3296.0,279.0,5507.0,12.0
42,8916.0,3933.0,246.0,3295.0,280.0,5449.0,45.0
43,9154.0,4088.0,214.0,3298.0,279.0,5407.0,72.0
44,9176.0,4125.0,205.0,3297.0,277.0,5455.0,110.0
45,9176.0,4125.0,205.0,3297.0,277.0,5455.0,110.0
46,9176.0,4125.0,205.0,3297.0,277.0,5455.0,110.0
47,9176.0,4125.0,205.0,3297.0,277.0,5455.0,110.0
48,9055.0,3900.0,223.0,3298.0,282.0,5539.0,652.0
49,9055.0,3900.0,223.0,3298.0,282.0,5539.0,652.0
50,9010.0,3693.0,251.0,3299.0,279.0,5525.0,670.0
51,8881.0,3519.0,332.0,3300.0,279.0,5634.0,668.0
52,8828.0,3511.0,348.0,3299.0,276.0,5685.0,650.0
53,8828.0,3511.0,348.0,3299.0,276.0,5685.0,650.0
54,8952.0,3454.0,343.0,3299.0,279.0,5800.0,627.0
55,8952.0,3454.0,343.0,3299.0,279.0,5800.0,627.0
56,9002.0,3499.0,350.0,3299.0,276.0,5824.0,631.0
57,9057.0,3615.0,352.0,3300.0,266.0,5843.0,624.0
58,9195.0,3699.0,338.0,3301.0,265.0,5832.0,591.0
59,9195.0,3699.0,338.0,3301.0,265.0,5832.0,591.0
60,9249.0,3642.0,340.0,3301.0,268.0,5902.0,590.0
61,9198.0,3633.0,345.0,3301.0,267.0,5929.0,593.0
62,9198.0,3633.0,345.0,3301.0,267.0,5929.0,593.0
63,9201.0,3619.0,328.0,3302.0,265.0,5860.0,564.0
64,9215.0,3678.0,322.0,3303.0,265.0,5840.0,568.0
65,9215.0,3678.0,322.0,3303.0,265.0,5840.0,568.0
66,9215.0,3678.0,322.0,3303.0,265.0,5840.0,568.0
67,9215.0,3678.0,322.0,3303.0,265.0,5840.0,568.0
68,9215.0,3678.0,322.0,3303.0,265.0,5840.0,568.0
69,9057.0,3730.0,305.0,3303.0,260.0,5861.0,482.0
70,9057.0,3730.0,305.0,3303.0,260.0,5861.0,482.0
71,9103.0,3702.0,285.0,3303.0,257.0,5849.0,417.0
72,9103.0,3744.0,285.0,3303.0,254.0,5818.0,346.0
73,9103.0,3744.0,285.0,3303.0,254.0,5818.0,346.0
74,9073.0,3647.0,277.0,3302.0,261.0,5783.0,327.0
75,9040.0,3633.0,285.0,3304.0,263.0,5759.0,248.0
76,9018.0,3602.0,280.0,3304.0,265.0,5732.0,190.0
77,9018.0,3602.0,280.0,3304.0,265.0,5732.0,190.0
78,9018.0,3602.0,280.0,3304.0,265.0,5732.0,190.0
79,8874.0,3657.0,247.0,3303.0,256.0,5777.0,99.0
80,8874.0,3625.0,215.0,3302.0,255.0,5743.0,68.0
81,8875.0,3588.0,206.0,3301.0,257.0,5717.0,44.0
82,8815.0,3594.0,200.0,3299.0,257.0,5656.0,33.0
83,8784.0,3664.0,195.0,3298.0,259.0,5663.0,3.0
84,8784.0,3664.0,195.0,3298.0,259.0,5663.0,3.0
85,8784.0,3664.0,195.0,3298.0,259.0,5663.0,3.0
86,8784.0,3664.0,195.0,3298.0,259.0,5663.0,3.0
87,8498.0,3952.0,187.0,3300.0,257.0,5639.0,2.0
88,8451.0,3972.0,194.0,3301.0,258.0,5729.0,2.0
89,8549.0,3963.0,198.0,3302.0,262.0,5770.0,3.0
90,8619.0,3919.0,200.0,3300.0,261.0,5803.0,2.0
91,8619.0,3919.0,200.0,3300.0,261.0,5803.0,2.0
92,8503.0,4057.0,188.0,3301.0,260.0,5871.0,2.0
93,8503.0,4057.0,188.0,3301.0,260.0,5871.0,2.0
94,8503.0,4057.0,188.0,3301.0,260.0,5871.0,2.0
95,8372.0,4082.0,186.0,3302.0,258.0,5908.0,2.0
96,8372.0,4082.0,186.0,3302.0,258.0,5908.0,2.0
97,8372.0,4082.0,186.0,3302.0,258.0,5908.0,2.0
98,8371.0,3924.0,173.0,3301.0,258.0,5909.0,2.0
99,8393.0,3847.0,169.0,3301.0,253.0,5918.0,2.0
100,8411.0,3709.0,168.0,3304.0,251.0,5917.0,2.0
101,8368.0,3661.0,163.0,3303.0,248.0,5908.0,2.0
102,8360.0,3600.0,166.0,3301.0,250.0,5922.0,2.0
103,8360.0,3600.0,166.0,3301.0,250.0,5922.0,2.0
104,8360.0,3600.0,166.0,3301.0,250.0,5922.0,2.0
105,8360.0,3600.0,166.0,3301.0,250.0,5922.0,2.0
106,8154.0,3529.0,169.0,3302.0,254.0,5943.0,2.0
107,8117.0,3612.0,170.0,3301.0,252.0,5942.0,3.0
108,8127.0,3570.0,170.0,3299.0,254.0,5949.0,2.0
109,8127.0,3570.0,170.0,3299.0,254.0,5949.0,2.0
110,8275.0,3412.0,170.0,3300.0,253.0,5924.0,2.0
111,8246.0,3449.0,174.0,3299.0,252.0,5900.0,2.0
112,8113.0,3550.0,173.0,3298.0,252.0,5922.0,3.0
113,8074.0,3528.0,174.0,3301.0,252.0,5979.0,2.0
114,8074.0,3528.0,174.0,3301.0,252.0,5979.0,2.0
115,7816.0,3557.0,162.0,3301.0,254.0,5977.0,2.0
116,7816.0,3557.0,162.0,3301.0,254.0,5977.0,2.0
117,7703.0,3446.0,166.0,3299.0,251.0,5971.0,2.0
118,7661.0,3445.0,169.0,3300.0,251.0,5959.0,2.0
119,7661.0,3445.0,169.0,3300.0,251.0,5959.0,2.0
120,7620.0,3440.0,180.0,3301.0,250.0,5866.0,2.0
121,7607.0,3438.0,182.0,3301.0,252.0,5890.0,2.0
122,7621.0,3428.0,184.0,3302.0,253.0,5904.0,2.0
123,7621.0,3428.0,184.0,3302.0,253.0,5904.0,2.0
124,7621.0,3428.0,184.0,3302.0,253.0,5904.0,2.0
125,7621.0,3428.0,184.0,3302.0,253.0,5904.0,2.0
126,7621.0,3428.0,184.0,3302.0,253.0,5904.0,2.0
127,7621.0,3428.0,184.0,3302.0,253.0,5904.0,2.0
128,7615.0,3468.0,202.0,3301.0,255.0,5736.0,2.0
129,7615.0,3468.0,202.0,3301.0,255.0,5736.0,2.0
130,7557.0,3477.0,211.0,3302.0,252.0,5717.0,2.0
131,7520.0,3478.0,212.0,3300.0,253.0,5712.0,2.0
132,7545.0,3467.0,209.0,3301.0,254.0,5708.0,2.0
133,7545.0,3467.0,209.0,3301.0,254.0,5708.0,2.0
134,7545.0,3467.0,209.0,3301.0,254.0,5708.0,2.0
135,7545.0,3467.0,209.0,3301.0,254.0,5708.0,2.0
136,7466.0,3328.0,214.0,3301.0,251.0,5477.0,2.0
137,7381.0,3302.0,208.0,3300.0,249.0,5382.0,3.0
138,7381.0,3302.0,208.0,3300.0,249.0,5382.0,3.0
139,7239.0,3375.0,198.0,3301.0,254.0,5308.0,2.0
140,7239.0,3375.0,198.0,3301.0,254.0,5308.0,2.0
141,7160.0,3358.0,207.0,3301.0,258.0,5251.0,3.0
142,7160.0,3358.0,207.0,3301.0,258.0,5251.0,3.0
143,7160.0,3358.0,207.0,3301.0,258.0,5251.0,3.0
144,7160.0,3358.0,207.0,3301.0,258.0,5251.0,3.0
145,6993.0,3381.0,217.0,3301.0,257.0,5108.0,2.0
146,6929.0,3340.0,209.0,3302.0,259.0,5110.0,2.0
147,6929.0,3340.0,209.0,3302.0,259.0,5110.0,2.0
148,6774.0,3336.0,210.0,3301.0,258.0,5020.0,3.0
149,6655.0,3320.0,228.0,3300.0,258.0,5072.0,2.0
150,6528.0,3303.0,246.0,3303.0,258.0,5114.0,2.0
151,6371.0,3311.0,254.0,3302.0,259.0,5106.0,2.0
152,6371.0,3311.0,254.0,3302.0,259.0,5106.0,2.0
153,6172.0,3309.0,268.0,3302.0,257.0,5096.0,2.0
154,6172.0,3309.0,268.0,3302.0,257.0,5096.0,2.0
155,6051.0,3291.0,283.0,3301.0,257.0,4991.0,2.0
156,6051.0,3291.0,283.0,3301.0,257.0,4991.0,2.0
157,6051.0,3291.0,283.0,3301.0,257.0,4991.0,2.0
158,5928.0,3226.0,307.0,3302.0,259.0,4919.0,2.0
159,5844.0,3092.0,295.0,3300.0,251.0,4805.0,2.0
160,5649.0,2966.0,293.0,3301.0,260.0,4701.0,2.0
161,5649.0,2966.0,293.0,3301.0,260.0,4701.0,2.0
162,5533.0,2777.0,300.0,3301.0,261.0,4636.0,2.0
163,5533.0,2777.0,300.0,3301.0,261.0,4636.0,2.0
164,5497.0,2846.0,292.0,3301.0,260.0,4630.0,2.0
165,5497.0,2846.0,292.0,3301.0,260.0,4630.0,2.0
166,5296.0,2880.0,291.0,3301.0,261.0,4667.0,2.0
167,5296.0,2880.0,291.0,3301.0,261.0,4667.0,2.0
168,5208.0,2751.0,302.0,3303.0,259.0,4646.0,2.0
169,5208.0,2751.0,302.0,3303.0,259.0,4646.0,2.0
170,4971.0,2047.0,279.0,3301.0,255.0,4299.0,2.0
171,4918.0,2091.0,274.0,3302.0,257.0,4271.0,2.0
172,4886.0,2087.0,272.0,3302.0,253.0,4267.0,2.0
173,4886.0,2087.0,272.0,3302.0,253.0,4267.0,2.0
174,4886.0,2087.0,272.0,3302.0,253.0,4267.0,2.0
175,4747.0,2016.0,289.0,3303.0,249.0,4125.0,2.0
176,4718.0,2027.0,290.0,3303.0,247.0,4092.0,2.0
177,4688.0,1974.0,289.0,3302.0,253.0,4098.0,2.0
178,4680.0,1987.0,299.0,3303.0,255.0,4067.0,2.0
179,4707.0,1964.0,321.0,3304.0,255.0,4106.0,2.0
180,4707.0,1964.0,321.0,3304.0,255.0,4106.0,2.0
181,4707.0,1964.0,321.0,3304.0,255.0,4106.0,2.0
182,4675.0,1967.0,368.0,3302.0,258.0,4077.0,2.0
183,4688.0,1960.0,378.0,3303.0,258.0,4073.0,2.0
184,4688.0,1960.0,378.0,3303.0,258.0,4073.0,2.0
185,4644.0,1867.0,373.0,3305.0,252.0,4135.0,3.0
186,4625.0,1842.0,375.0,3305.0,256.0,4129.0,2.0
187,4625.0,1842.0,375.0,3305.0,256.0,4129.0,2.0
188,4569.0,1792.0,373.0,3307.0,254.0,4079.0,2.0
189,4537.0,1783.0,371.0,3306.0,257.0,4014.0,2.0
190,4502.0,1844.0,356.0,3307.0,255.0,3956.0,3.0
191,4502.0,1844.0,356.0,3307.0,255.0,3956.0,3.0
192,4502.0,1844.0,356.0,3307.0,255.0,3956.0,3.0
193,4502.0,1844.0,356.0,3307.0,255.0,3956.0,3.0
194,4596.0,1988.0,325.0,3305.0,256.0,4004.0,2.0
195,4596.0,1988.0,325.0,3305.0,256.0,4004.0,2.0
196,4606.0,1939.0,309.0,3304.0,256.0,4109.0,2.0
197,4605.0,1880.0,305.0,3305.0,258.0,4106.0,2.0
198,4605.0,1880.0,305.0,3305.0,258.0,4106.0,2.0
199,4533.0,1944.0,305.0,3307.0,255.0,4039.0,2.0
200,4533.0,1944.0,305.0,3307.0,255.0,4039.0,2.0
201,4533.0,1944.0,305.0,3307.0,255.0,4039.0,2.0
202,4473.0,1961.0,313.0,3305.0,262.0,3905.0,2.0
203,4473.0,1961.0,313.0,3305.0,262.0,3905.0,2.0
204,4473.0,1961.0,313.0,3305.0,262.0,3905.0,2.0
205,4474.0,1961.0,312.0,3306.0,253.0,3687.0,2.0
206,4474.0,1961.0,312.0,3306.0,253.0,3687.0,2.0
207,4474.0,1869.0,326.0,3307.0,259.0,3807.0,2.0
208,4474.0,1869.0,326.0,3307.0,259.0,3807.0,2.0
209,4474.0,1869.0,326.0,3307.0,259.0,3807.0,2.0
210,4474.0,1869.0,326.0,3307.0,259.0,3807.0,2.0
211,4474.0,1869.0,326.0,3307.0,259.0,3807.0,2.0
212,4449.0,1829.0,300.0,3307.0,260.0,3711.0,2.0
213,4462.0,1840.0,282.0,3306.0,261.0,3691.0,2.0
214,4472.0,1836.0,283.0,3307.0,263.0,3691.0,2.0
215,4489.0,1784.0,283.0,3306.0,260.0,3705.0,2.0
216,4483.0,1781.0,273.0,3305.0,259.0,3690.0,2.0
217,4483.0,1781.0,273.0,3305.0,259.0,3690.0,2.0
218,4483.0,1781.0,273.0,3305.0,259.0,3690.0,2.0
219,4483.0,1781.0,273.0,3305.0,259.0,3690.0,2.0
220,4492.0,1806.0,204.0,3306.0,260.0,3785.0,2.0
221,4495.0,1852.0,194.0,3305.0,259.0,3796.0,2.0
222,4492.0,1875.0,176.0,3306.0,256.0,3811.0,2.0
223,4499.0,1843.0,163.0,3305.0,261.0,3824.0,2.0
224,4499.0,1843.0,163.0,3305.0,261.0,3824.0,2.0
225,4501.0,1932.0,142.0,3304.0,261.0,3804.0,2.0
226,4501.0,1932.0,142.0,3304.0,261.0,3804.0,2.0
227,4501.0,1932.0,142.0,3304.0,261.0,3804.0,2.0
228,4501.0,1932.0,142.0,3304.0,261.0,3804.0,2.0
229,4387.0,1886.0,104.0,3303.0,263.0,4185.0,2.0
230,4410.0,1943.0,96.0,3303.0,263.0,4198.0,2.0
231,4410.0,1943.0,96.0,3303.0,263.0,4198.0,2.0
232,4410.0,1943.0,96.0,3303.0,263.0,4198.0,2.0
233,4452.0,1978.0,90.0,3302.0,258.0,4187.0,3.0
234,4506.0,1993.0,91.0,3301.0,252.0,4203.0,2.0
235,4506.0,1993.0,91.0,3301.0,252.0,4203.0,2.0
236,4596.0,1970.0,104.0,3300.0,252.0,4267.0,2.0
237,4606.0,1945.0,101.0,3302.0,255.0,4266.0,2.0
238,4617.0,1940.0,97.0,3302.0,262.0,4279.0,2.0
239,4656.0,1941.0,94.0,3302.0,262.0,4246.0,2.0
240,4656.0,1941.0,94.0,3302.0,262.0,4246.0,2.0
241,4784.0,1910.0,97.0,3300.0,260.0,4217.0,2.0
242,4784.0,1910.0,97.0,3300.0,260.0,4217.0,2.0
243,4784.0,1910.0,97.0,3300.0,260.0,4217.0,2.0
244,4784.0,1910.0,97.0,3300.0,260.0,4217.0,2.0
245,4784.0,1910.0,97.0,3300.0,260.0,4217.0,2.0
246,5033.0,2048.0,82.0,3302.0,266.0,4344.0,2.0
247,5071.0,2102.0,80.0,3303.0,263.0,4387.0,2.0
248,5071.0,2102.0,80.0,3303.0,263.0,4387.0,2.0
249,5126.0,2274.0,80.0,3302.0,259.0,4439.0,2.0
250,5123.0,2419.0,82.0,3303.0,264.0,4488.0,2.0
251,5123.0,2419.0,82.0,3303.0,264.0,4488.0,2.0
252,5167.0,2646.0,85.0,3302.0,258.0,4435.0,2.0
253,5167.0,2646.0,85.0,3302.0,258.0,4435.0,2.0
254,5167.0,2646.0,85.0,3302.0,258.0,4435.0,2.0
255,5118.0,3142.0,71.0,3302.0,258.0,4545.0,3.0
256,5118.0,3142.0,71.0,3302.0,258.0,4545.0,3.0
257,5118.0,3142.0,71.0,3302.0,258.0,4545.0,3.0
258,5269.0,3189.0,97.0,3300.0,259.0,4606.0,2.0
259,5302.0,3217.0,110.0,3301.0,259.0,4636.0,2.0
260,5302.0,3217.0,110.0,3301.0,259.0,4636.0,2.0
261,5500.0,3246.0,109.0,3300.0,265.0,4632.0,2.0
262,5500.0,3246.0,109.0,3300.0,265.0,4632.0,2.0
263,5672.0,3227.0,95.0,3301.0,269.0,4659.0,2.0
264,5754.0,3213.0,86.0,3301.0,267.0,4675.0,2.0
265,5754.0,3213.0,86.0,3301.0,267.0,4675.0,2.0
266,5759.0,3248.0,62.0,3297.0,272.0,4774.0,2.0
267,5797.0,3350.0,56.0,3299.0,272.0,4826.0,3.0
268,5797.0,3350.0,56.0,3299.0,272.0,4826.0,3.0
269,5797.0,3350.0,56.0,3299.0,272.0,4826.0,3.0
270,5884.0,3437.0,43.0,3301.0,275.0,4826.0,2.0
271,5929.0,3443.0,41.0,3300.0,275.0,4782.0,2.0
272,6002.0,3485.0,35.0,3298.0,276.0,4798.0,2.0
273,6023.0,3565.0,30.0,3300.0,273.0,4911.0,2.0
274,6023.0,3565.0,30.0,3300.0,273.0,4911.0,2.0
275,6023.0,3565.0,30.0,3300.0,273.0,4911.0,2.0
276,6083.0,3561.0,19.0,3298.0,271.0,5070.0,2.0
277,6083.0,3561.0,19.0,3298.0,271.0,5070.0,2.0
278,6159.0,3608.0,19.0,3301.0,271.0,5074.0,2.0
279,6112.0,3559.0,23.0,3300.0,280.0,5065.0,2.0
280,6099.0,3491.0,23.0,3300.0,275.0,5085.0,2.0
281,6104.0,3585.0,25.0,3302.0,274.0,5068.0,2.0
282,6104.0,3585.0,25.0,3302.0,274.0,5068.0,2.0
283,6098.0,3651.0,26.0,3301.0,272.0,5062.0,2.0
284,6098.0,3651.0,26.0,3301.0,272.0,5062.0,2.0
285,6081.0,3725.0,22.0,3299.0,284.0,5134.0,2.0
286,6092.0,3760.0,24.0,3299.0,282.0,5150.0,2.0
287,6153.0,3790.0,26.0,3299.0,279.0,5166.0,2.0
288,6180.0,3762.0,27.0,3299.0,278.0,5185.0,2.0
289,6180.0,3762.0,27.0,3299.0,278.0,5185.0,2.0
290,6180.0,3762.0,27.0,3299.0,278.0,5185.0,2.0
291,6333.0,3763.0,26.0,3299.0,285.0,5384.0,3.0
292,6402.0,3843.0,20.0,3297.0,283.0,5413.0,2.0
293,6514.0,3800.0,14.0,3299.0,279.0,5380.0,2.0
294,6514.0,3800.0,14.0,3299.0,279.0,5380.0,2.0
295,6750.0,3659.0,11.0,3297.0,276.0,5389.0,2.0
296,6750.0,3659.0,11.0,3297.0,276.0,5389.0,2.0
297,6823.0,3641.0,12.0,3297.0,282.0,5388.0,2.0
298,6838.0,3654.0,13.0,3299.0,278.0,5413.0,2.0
299,6838.0,3654.0,13.0,3299.0,278.0,5413.0,2.0
300,6838.0,3654.0,13.0,3299.0,278.0,5413.0,2.0
301,6838.0,3654.0,13.0,3299.0,278.0,5413.0,2.0
302,6922.0,3728.0,24.0,3296.0,284.0,5526.0,2.0
303,6902.0,3739.0,32.0,3296.0,280.0,5573.0,2.0
304,6902.0,3739.0,32.0,3296.0,280.0,5573.0,2.0
305,6981.0,3758.0,53.0,3296.0,280.0,5614.0,2.0
306,7098.0,3806.0,60.0,3296.0,281.0,5639.0,2.0
307,7144.0,3856.0,60.0,3295.0,279.0,5662.0,2.0
308,7183.0,3840.0,67.0,3296.0,278.0,5691.0,2.0
309,7183.0,3840.0,67.0,3296.0,278.0,5691.0,2.0
310,7278.0,3866.0,71.0,3295.0,277.0,5710.0,2.0
311,7340.0,3908.0,73.0,3296.0,278.0,5795.0,2.0
312,7376.0,3881.0,77.0,3294.0,280.0,5885.0,2.0
313,7376.0,3881.0,77.0,3294.0,280.0,5885.0,2.0
314,7451.0,3942.0,57.0,3296.0,276.0,5915.0,2.0
315,7504.0,3946.0,55.0,3295.0,274.0,5942.0,2.0
316,7504.0,3946.0,55.0,3295.0,274.0,5942.0,2.0
317,7529.0,4017.0,49.0,3295.0,279.0,5992.0,2.0
318,7530.0,4058.0,44.0,3294.0,276.0,6023.0,15.0
319,7537.0,4063.0,50.0,3293.0,271.0,6058.0,19.0
320,7599.0,4051.0,58.0,3295.0,281.0,6095.0,19.0
321,7599.0,4051.0,58.0,3295.0,281.0,6095.0,19.0
322,7711.0,3944.0,72.0,3294.0,281.0,6072.0,19.0
323,7738.0,3990.0,79.0,3295.0,280.0,6067.0,19.0
324,7755.0,4087.0,77.0,3291.0,275.0,6067.0,19.0
325,7755.0,4087.0,77.0,3291.0,275.0,6067.0,19.0
326,7755.0,4087.0,77.0,3291.0,275.0,6067.0,19.0
327,7751.0,4297.0,87.0,3293.0,268.0,6108.0,19.0
328,7811.0,4292.0,94.0,3295.0,270.0,6120.0,19.0
329,7856.0,4277.0,105.0,3296.0,273.0,6143.0,19.0
330,7876.0,4239.0,119.0,3293.0,270.0,6161.0,19.0
331,7866.0,4171.0,130.0,3292.0,277.0,6172.0,19.0
332,7866.0,4171.0,130.0,3292.0,277.0,6172.0,19.0
333,7973.0,4196.0,138.0,3293.0,288.0,6022.0,19.0
334,7973.0,4196.0,138.0,3293.0,288.0,6022.0,19.0
335,7973.0,4196.0,138.0,3293.0,288.0,6022.0,19.0
336,7973.0,4196.0,138.0,3293.0,288.0,6022.0,19.0
337,8000.0,4320.0,137.0,3290.0,279.0,5954.0,19.0
338,8009.0,4364.0,149.0,3288.0,285.0,5998.0,19.0
339,8033.0,4368.0,157.0,3288.0,286.0,6057.0,19.0
340,8033.0,4368.0,157.0,3288.0,286.0,6057.0,19.0
341,8117.0,4467.0,171.0,3290.0,281.0,6083.0,19.0
342,8149.0,4502.0,176.0,3289.0,285.0,6090.0,19.0
343,8149.0,4502.0,176.0,3289.0,285.0,6090.0,19.0
344,8236.0,4468.0,202.0,3289.0,279.0,6087.0,21.0
345,8276.0,4389.0,204.0,3289.0,282.0,6084.0,24.0
346,8280.0,4358.0,209.0,3291.0,283.0,6090.0,23.0
347,8280.0,4358.0,209.0,3291.0,283.0,6090.0,23.0
348,8280.0,4358.0,209.0,3291.0,283.0,6090.0,23.0
349,8232.0,4435.0,268.0,3287.0,276.0,6110.0,23.0
350,8232.0,4435.0,268.0,3287.0,276.0,6110.0,23.0
351,8232.0,4435.0,268.0,3287.0,276.0,6110.0,23.0
352,8327.0,4432.0,330.0,3287.0,277.0,6123.0,24.0
353,8406.0,4430.0,355.0,3287.0,277.0,6115.0,23.0
354,8462.0,4325.0,353.0,3286.0,280.0,6095.0,82.0
355,8465.0,4371.0,361.0,3288.0,277.0,6103.0,104.0
356,8467.0,4438.0,381.0,3286.0,277.0,6102.0,104.0
357,8467.0,4438.0,381.0,3286.0,277.0,6102.0,104.0
358,8467.0,4438.0,381.0,3286.0,277.0,6102.0,104.0
359,8467.0,4438.0,381.0,3286.0,277.0,6102.0,104.0
360,8555.0,4300.0,386.0,3292.0,270.0,6094.0,104.0
361,8569.0,4309.0,384.0,3290.0,271.0,6102.0,104.0
362,8604.0,4307.0,387.0,3291.0,268.0,6112.0,105.0
363,8642.0,4298.0,375.0,3287.0,271.0,6107.0,104.0
364,8642.0,4298.0,375.0,3287.0,271.0,6107.0,104.0
365,8606.0,4284.0,364.0,3288.0,267.0,6094.0,105.0
366,8573.0,4332.0,346.0,3289.0,269.0,6080.0,104.0
367,8548.0,4379.0,341.0,3291.0,269.0,6071.0,125.0
368,8548.0,4379.0,341.0,3291.0,269.0,6071.0,125.0
369,8599.0,4511.0,312.0,3291.0,264.0,6060.0,174.0
370,8599.0,4511.0,312.0,3291.0,264.0,6060.0,174.0
371,8599.0,4603.0,303.0,3293.0,263.0,6047.0,215.0
372,8597.0,4652.0,287.0,3295.0,265.0,6023.0,220.0
373,8597.0,4652.0,287.0,3295.0,265.0,6023.0,220.0
374,8597.0,4652.0,287.0,3295.0,265.0,6023.0,220.0
375,8597.0,4652.0,287.0,3295.0,265.0,6023.0,220.0
376,8711.0,4758.0,249.0,3294.0,261.0,5927.0,244.0
377,8733.0,4744.0,244.0,3295.0,262.0,5925.0,276.0
378,8733.0,4744.0,244.0,3295.0,262.0,5925.0,276.0
379,8733.0,4744.0,244.0,3295.0,262.0,5925.0,276.0
380,8784.0,4683.0,251.0,3296.0,264.0,5968.0,290.0
381,8784.0,4683.0,251.0,3296.0,264.0,5968.0,290.0
382,8855.0,4573.0,237.0,3294.0,263.0,5922.0,289.0
383,8860.0,4556.0,222.0,3294.0,268.0,5900.0,290.0
384,8853.0,4455.0,218.0,3294.0,268.0,5876.0,290.0
385,8853.0,4455.0,218.0,3294.0,268.0,5876.0,290.0
386,8804.0,4301.0,219.0,3297.0,263.0,5864.0,261.0
387,8808.0,4362.0,209.0,3295.0,264.0,5886.0,214.0
388,8808.0,4362.0,209.0,3295.0,264.0,5886.0,214.0
389,8808.0,4362.0,209.0,3295.0,264.0,5886.0,214.0
390,8705.0,4455.0,212.0,3293.0,261.0,5894.0,137.0
391,8705.0,4455.0,212.0,3293.0,261.0,5894.0,137.0
392,8688.0,4521.0,209.0,3293.0,258.0,5898.0,132.0
393,8682.0,4499.0,221.0,3294.0,256.0,5917.0,132.0
394,8618.0,4480.0,242.0,3293.0,260.0,5927.0,131.0
395,8537.0,4483.0,257.0,3294.0,259.0,5937.0,132.0
396,8537.0,4483.0,257.0,3294.0,259.0,5937.0,132.0
397,8537.0,4483.0,257.0,3294.0,259.0,5937.0,132.0
398,8459.0,4523.0,242.0,3294.0,260.0,5956.0,133.0
399,8443.0,4435.0,211.0,3292.0,258.0,5934.0,133.0
400,8371.0,4396.0,187.0,3294.0,255.0,5893.0,133.0
401,8371.0,4396.0,187.0,3294.0,255.0,5893.0,133.0
402,8196.0,4308.0,186.0,3292.0,252.0,5904.0,133.0
403,8196.0,4308.0,186.0,3292.0,252.0,5904.0,133.0
404,8099.0,4128.0,203.0,3294.0,257.0,5912.0,133.0
405,8099.0,4128.0,203.0,3294.0,257.0,5912.0,133.0
406,8033.0,4031.0,214.0,3297.0,249.0,5921.0,133.0
407,8033.0,4031.0,214.0,3297.0,249.0,5921.0,133.0
408,8033.0,4031.0,214.0,3297.0,249.0,5921.0,133.0
409,8033.0,4031.0,214.0,3297.0,249.0,5921.0,133.0
410,7609.0,3997.0,221.0,3296.0,248.0,5909.0,133.0
411,7592.0,3991.0,229.0,3295.0,258.0,5906.0,134.0
412,7592.0,3991.0,229.0,3295.0,258.0,5906.0,134.0
413,7542.0,3894.0,244.0,3294.0,259.0,5929.0,134.0
414,7514.0,3840.0,251.0,3295.0,263.0,5969.0,134.0
415,7514.0,3840.0,251.0,3295.0,263.0,5969.0,134.0
416,7498.0,3725.0,252.0,3296.0,258.0,5940.0,134.0
417,7471.0,3786.0,242.0,3295.0,259.0,5899.0,134.0
418,7471.0,3786.0,242.0,3295.0,259.0,5899.0,134.0
419,7458.0,3796.0,230.0,3295.0,257.0,5877.0,133.0
420,7426.0,3770.0,228.0,3295.0,256.0,5865.0,117.0
421,7295.0,3721.0,223.0,3296.0,261.0,5854.0,87.0
422,7295.0,3721.0,223.0,3296.0,261.0,5854.0,87.0
423,7178.0,3783.0,213.0,3297.0,259.0,5892.0,85.0
424,7178.0,3783.0,213.0,3297.0,259.0,5892.0,85.0
425,7178.0,3783.0,213.0,3297.0,259.0,5892.0,85.0
426,7178.0,3783.0,213.0,3297.0,259.0,5892.0,85.0
427,7178.0,3783.0,213.0,3297.0,259.0,5892.0,85.0
428,7000.0,3614.0,230.0,3296.0,264.0,5835.0,85.0
429,7000.0,3614.0,230.0,3296.0,264.0,5835.0,85.0
430,6952.0,3453.0,228.0,3297.0,262.0,5762.0,85.0
431,6873.0,3372.0,228.0,3298.0,262.0,5747.0,67.0
432,6783.0,3270.0,227.0,3298.0,260.0,5766.0,4.0
433,6783.0,3270.0,227.0,3298.0,260.0,5766.0,4.0
434,6783.0,3270.0,227.0,3298.0,260.0,5766.0,4.0
435,6783.0,3270.0,227.0,3298.0,260.0,5766.0,4.0
436,6540.0,3088.0,262.0,3300.0,259.0,5482.0,2.0
437,6540.0,3088.0,262.0,3300.0,259.0,5482.0,2.0
438,6540.0,3088.0,262.0,3300.0,259.0,5482.0,2.0
439,6477.0,3029.0,265.0,3301.0,262.0,5424.0,2.0
440,6477.0,3029.0,265.0,3301.0,262.0,5424.0,2.0
441,6242.0,3026.0,268.0,3302.0,260.0,5226.0,2.0
442,6164.0,2891.0,260.0,3304.0,260.0,5126.0,2.0
443,6164.0,2891.0,260.0,3304.0,260.0,5126.0,2.0
444,6121.0,2604.0,256.0,3303.0,261.0,5195.0,2.0
445,6108.0,2498.0,255.0,3303.0,266.0,5238.0,2.0
446,6108.0,2498.0,255.0,3303.0,266.0,5238.0,2.0
447,6039.0,2497.0,255.0,3304.0,262.0,5240.0,2.0
448,6039.0,2497.0,255.0,3304.0,262.0,5240.0,2.0
449,5876.0,2449.0,255.0,3303.0,258.0,5131.0,2.0
450,5815.0,2434.0,260.0,3304.0,257.0,5084.0,2.0
451,5815.0,2434.0,260.0,3304.0,257.0,5084.0,2.0
452,5627.0,2413.0,248.0,3304.0,263.0,5044.0,2.0
453,5492.0,2357.0,248.0,3304.0,258.0,5011.0,2.0
454,4955.0,2259.0,199.0,3305.0,259.0,5063.0,2.0
455,4955.0,2259.0,199.0,3305.0,259.0,5063.0,2.0
456,4955.0,2259.0,199.0,3305.0,259.0,5063.0,2.0
457,4447.0,2322.0,299.0,3305.0,256.0,4879.0,2.0
458,4324.0,2272.0,305.0,3308.0,256.0,4868.0,2.0
459,4324.0,2272.0,305.0,3308.0,256.0,4868.0,2.0
460,4152.0,2238.0,320.0,3307.0,251.0,4772.0,2.0
461,4152.0,2238.0,320.0,3307.0,251.0,4772.0,2.0
462,4152.0,2238.0,320.0,3307.0,251.0,4772.0,2.0
463,4152.0,2221.0,295.0,3306.0,256.0,4639.0,2.0
464,4152.0,2221.0,295.0,3306.0,256.0,4639.0,2.0
465,4152.0,2221.0,295.0,3306.0,256.0,4639.0,2.0
466,4275.0,2075.0,271.0,3308.0,261.0,4542.0,2.0
467,4220.0,2070.0,278.0,3307.0,263.0,4533.0,2.0
468,4114.0,2151.0,284.0,3307.0,263.0,4504.0,2.0
469,4030.0,2144.0,285.0,3308.0,259.0,4495.0,2.0
470,3932.0,2110.0,287.0,3307.0,256.0,4492.0,2.0
471,3932.0,2110.0,287.0,3307.0,256.0,4492.0,2.0
472,3889.0,2084.0,282.0,3311.0,261.0,4446.0,2.0
473,3889.0,2084.0,282.0,3311.0,261.0,4446.0,2.0
474,3889.0,2084.0,282.0,3311.0,261.0,4446.0,2.0
475,3850.0,2068.0,274.0,3308.0,262.0,4192.0,2.0
476,3817.0,2035.0,274.0,3310.0,261.0,4281.0,2.0
477,3817.0,2035.0,274.0,3310.0,261.0,4281.0,2.0
478,3817.0,2035.0,274.0,3310.0,261.0,4281.0,2.0
479,3726.0,2048.0,296.0,3308.0,258.0,4253.0,2.0
480,3860.0,1933.0,306.0,3309.0,255.0,4055.0,2.0
481,3860.0,1933.0,306.0,3309.0,255.0,4055.0,2.0
482,3668.0,2022.0,336.0,3307.0,258.0,4170.0,3.0
483,3604.0,2069.0,346.0,3308.0,262.0,4275.0,2.0
484,3604.0,2069.0,346.0,3308.0,262.0,4275.0,2.0
485,3621.0,1987.0,341.0,3307.0,258.0,3998.0,2.0
486,3497.0,2072.0,357.0,3306.0,260.0,3974.0,2.0
487,3497.0,2072.0,357.0,3306.0,260.0,3974.0,2.0
488,3321.0,2091.0,395.0,3306.0,267.0,4007.0,2.0
489,3321.0,2091.0,395.0,3306.0,267.0,4007.0,2.0
490,3321.0,2091.0,395.0,3306.0,267.0,4007.0,2.0
491,3321.0,2091.0,395.0,3306.0,267.0,4007.0,2.0
492,3341.0,1812.0,365.0,3307.0,270.0,3946.0,2.0
493,3333.0,1859.0,369.0,3308.0,269.0,3958.0,2.0
494,3391.0,1753.0,375.0,3308.0,270.0,3896.0,2.0
495,3258.0,1817.0,382.0,3309.0,271.0,3779.0,2.0
496,3258.0,1817.0,382.0,3309.0,271.0,3779.0,2.0
497,3258.0,1817.0,382.0,3309.0,271.0,3779.0,2.0
498,3258.0,1817.0,382.0,3309.0,271.0,3779.0,2.0
499,3258.0,1817.0,382.0,3309.0,271.0,3779.0,2.0
500,3380.0,1688.0,335.0,3312.0,272.0,3753.0,2.0
501,3376.0,1741.0,333.0,3312.0,271.0,3765.0,2.0
502,3313.0,1857.0,337.0,3312.0,270.0,3825.0,2.0
503,3313.0,1857.0,337.0,3312.0,270.0,3825.0,2.0
504,3272.0,2004.0,346.0,3312.0,268.0,3703.0,2.0
505,3228.0,2058.0,352.0,3311.0,269.0,3638.0,2.0
506,3207.0,2027.0,358.0,3312.0,269.0,3632.0,2.0
507,3225.0,2046.0,358.0,3310.0,267.0,3715.0,2.0
508,3225.0,2046.0,358.0,3310.0,267.0,3715.0,2.0
509,3225.0,2046.0,358.0,3310.0,267.0,3715.0,2.0
510,3245.0,1935.0,347.0,3313.0,267.0,3801.0,2.0
511,3245.0,1935.0,347.0,3313.0,267.0,3801.0,2.0
512,3245.0,1935.0,347.0,3313.0,267.0,3801.0,2.0
513,3251.0,2044.0,345.0,3311.0,267.0,3729.0,2.0
514,3410.0,2126.0,337.0,3311.0,262.0,3962.0,2.0
515,3394.0,2108.0,322.0,3311.0,264.0,4055.0,2.0
516,3394.0,2108.0,322.0,3311.0,264.0,4055.0,2.0
517,3580.0,2142.0,310.0,3312.0,265.0,4041.0,2.0
518,3609.0,2131.0,316.0,3313.0,265.0,3997.0,2.0
519,3609.0,2131.0,316.0,3313.0,265.0,3997.0,2.0
520,3609.0,2131.0,316.0,3313.0,265.0,3997.0,2.0
521,3642.0,2111.0,339.0,3313.0,262.0,4038.0,2.0
522,3642.0,2111.0,339.0,3313.0,262.0,4038.0,2.0
523,3900.0,2130.0,322.0,3314.0,262.0,4027.0,2.0
524,3983.0,2098.0,340.0,3312.0,260.0,3998.0,2.0
525,3983.0,2098.0,340.0,3312.0,260.0,3998.0,2.0
526,3934.0,2321.0,334.0,3314.0,258.0,4194.0,2.0
527,3934.0,2321.0,334.0,3314.0,258.0,4194.0,2.0
528,3934.0,2321.0,334.0,3314.0,258.0,4194.0,2.0
529,3934.0,2321.0,334.0,3314.0,258.0,4194.0,2.0
530,3984.0,2668.0,318.0,3315.0,252.0,4369.0,2.0
531,4003.0,2748.0,314.0,3316.0,252.0,4340.0,2.0
532,3963.0,2827.0,315.0,3313.0,251.0,4300.0,2.0
533,3963.0,2827.0,315.0,3313.0,251.0,4300.0,2.0
534,4062.0,3062.0,290.0,3315.0,252.0,4155.0,2.0
535,4149.0,3043.0,279.0,3314.0,254.0,4115.0,2.0
536,4316.0,2885.0,253.0,3316.0,251.0,4110.0,9.0
537,4316.0,2885.0,253.0,3316.0,251.0,4110.0,9.0
538,4405.0,2944.0,253.0,3314.0,255.0,4121.0,20.0
539,4462.0,2928.0,253.0,3314.0,255.0,4259.0,20.0
540,4542.0,2942.0,239.0,3313.0,260.0,4264.0,20.0
541,4542.0,2942.0,239.0,3313.0,260.0,4264.0,20.0
542,4807.0,2904.0,235.0,3314.0,258.0,4202.0,20.0
543,4807.0,2904.0,235.0,3314.0,258.0,4202.0,20.0
544,4830.0,2964.0,220.0,3315.0,257.0,4155.0,20.0
545,4859.0,2928.0,203.0,3315.0,255.0,4209.0,20.0
546,4859.0,2928.0,203.0,3315.0,255.0,4209.0,20.0
547,4873.0,3107.0,188.0,3313.0,262.0,4216.0,22.0
548,4817.0,3172.0,179.0,3314.0,259.0,4251.0,22.0
549,4791.0,3126.0,176.0,3314.0,256.0,4224.0,22.0
550,4791.0,3126.0,176.0,3314.0,256.0,4224.0,22.0
551,4975.0,3000.0,178.0,3315.0,259.0,4060.0,22.0
552,4975.0,3000.0,178.0,3315.0,259.0,4060.0,22.0
553,5209.0,2991.0,180.0,3316.0,264.0,4133.0,22.0
554,5209.0,2991.0,180.0,3316.0,264.0,4133.0,22.0
555,5209.0,2991.0,180.0,3316.0,264.0,4133.0,22.0
556,5060.0,2943.0,199.0,3317.0,261.0,4180.0,22.0
557,5050.0,2973.0,219.0,3315.0,255.0,4213.0,22.0
558,5086.0,3027.0,235.0,3315.0,258.0,4256.0,22.0
559,5106.0,3081.0,234.0,3316.0,257.0,4316.0,22.0
560,5106.0,3081.0,234.0,3316.0,257.0,4316.0,22.0
561,4969.0,3185.0,203.0,3316.0,252.0,4297.0,21.0
562,4969.0,3185.0,203.0,3316.0,252.0,4297.0,21.0
563,5107.0,3162.0,191.0,3316.0,255.0,4338.0,8.0
564,5107.0,3162.0,191.0,3316.0,255.0,4338.0,8.0
565,5273.0,3215.0,175.0,3317.0,260.0,4486.0,2.0
566,5273.0,3215.0,175.0,3317.0,260.0,4486.0,2.0
567,5273.0,3215.0,175.0,3317.0,260.0,4486.0,2.0
568,5273.0,3215.0,175.0,3317.0,260.0,4486.0,2.0
569,5431.0,3096.0,148.0,3318.0,257.0,4399.0,2.0
570,5452.0,3060.0,140.0,3317.0,260.0,4414.0,15.0
571,5467.0,3042.0,128.0,3317.0,259.0,4411.0,20.0
572,5488.0,3066.0,118.0,3318.0,260.0,4351.0,20.0
573,5488.0,3066.0,118.0,3318.0,260.0,4351.0,20.0
574,5488.0,3066.0,118.0,3318.0,260.0,4351.0,20.0
575,5488.0,3066.0,118.0,3318.0,260.0,4351.0,20.0
576,5696.0,3269.0,82.0,3317.0,267.0,4442.0,20.0
577,5660.0,3241.0,78.0,3316.0,268.0,4455.0,20.0
578,5681.0,3234.0,75.0,3316.0,271.0,4478.0,20.0
579,5681.0,3234.0,75.0,3316.0,271.0,4478.0,20.0
580,5726.0,3254.0,77.0,3316.0,279.0,4513.0,20.0
581,5726.0,3254.0,77.0,3316.0,279.0,4513.0,20.0
582,5690.0,3216.0,70.0,3315.0,275.0,4537.0,20.0
583,5663.0,3205.0,64.0,3316.0,276.0,4600.0,21.0
584,5707.0,3234.0,61.0,3315.0,278.0,4643.0,22.0
585,5863.0,3287.0,56.0,3315.0,274.0,4665.0,22.0
586,5863.0,3287.0,56.0,3315.0,274.0,4665.0,22.0
587,5863.0,3287.0,56.0,3315.0,274.0,4665.0,22.0
588,5942.0,3330.0,47.0,3315.0,279.0,4696.0,58.0
589,5950.0,3324.0,43.0,3315.0,280.0,4671.0,70.0
590,5950.0,3324.0,43.0,3315.0,280.0,4671.0,70.0
591,6063.0,3294.0,46.0,3314.0,284.0,4741.0,71.0
592,6102.0,3288.0,45.0,3315.0,281.0,4783.0,70.0
593,6102.0,3288.0,45.0,3315.0,281.0,4783.0,70.0
594,6341.0,3154.0,46.0,3314.0,275.0,4900.0,71.0
595,6353.0,3094.0,47.0,3314.0,279.0,4980.0,71.0
596,6353.0,3094.0,47.0,3314.0,279.0,4980.0,71.0
597,6353.0,3094.0,47.0,3314.0,279.0,4980.0,71.0
598,6333.0,2977.0,56.0,3314.0,282.0,4947.0,69.0
599,6313.0,2945.0,56.0,3312.0,288.0,4943.0,60.0
600,6313.0,2945.0,56.0,3312.0,288.0,4943.0,60.0
601,6285.0,2987.0,61.0,3314.0,278.0,5006.0,51.0
602,6285.0,2987.0,61.0,3314.0,278.0,5006.0,51.0
603,6285.0,2987.0,61.0,3314.0,278.0,5006.0,51.0
604,6285.0,2987.0,61.0,3314.0,278.0,5006.0,51.0
605,6320.0,3047.0,69.0,3313.0,278.0,5153.0,2.0
606,6320.0,3047.0,69.0,3313.0,278.0,5153.0,2.0
607,6347.0,3030.0,67.0,3314.0,275.0,5342.0,2.0
608,6347.0,3030.0,67.0,3314.0,275.0,5342.0,2.0
609,6347.0,3030.0,67.0,3314.0,275.0,5342.0,2.0
610,6347.0,3030.0,67.0,3314.0,275.0,5342.0,2.0
611,6347.0,3030.0,67.0,3314.0,275.0,5342.0,2.0
612,6404.0,3033.0,72.0,3313.0,288.0,5312.0,2.0
613,6428.0,3035.0,74.0,3312.0,288.0,5324.0,2.0
614,6484.0,3030.0,76.0,3311.0,281.0,5376.0,2.0
615,6485.0,3023.0,83.0,3311.0,281.0,5371.0,21.0
616,6485.0,3023.0,83.0,3311.0,281.0,5371.0,21.0
617,6485.0,3023.0,83.0,3311.0,281.0,5371.0,21.0
618,6453.0,3116.0,79.0,3313.0,289.0,5331.0,26.0
619,6388.0,3094.0,82.0,3313.0,288.0,5300.0,3.0
620,6417.0,3028.0,87.0,3313.0,288.0,5280.0,2.0
621,6450.0,3106.0,84.0,3313.0,287.0,5332.0,2.0
622,6486.0,3143.0,85.0,3313.0,285.0,5394.0,2.0
623,6486.0,3143.0,85.0,3313.0,285.0,5394.0,2.0
624,6486.0,3143.0,85.0,3313.0,285.0,5394.0,2.0
625,6486.0,3143.0,85.0,3313.0,285.0,5394.0,2.0
626,6486.0,3143.0,85.0,3313.0,285.0,5394.0,2.0
627,6486.0,3143.0,85.0,3313.0,285.0,5394.0,2.0
628,6486.0,3143.0,85.0,3313.0,285.0,5394.0,2.0
629,6486.0,3143.0,85.0,3313.0,285.0,5394.0,2.0
630,6547.0,3211.0,82.0,3314.0,276.0,5487.0,2.0
631,6547.0,3211.0,82.0,3314.0,276.0,5487.0,2.0
632,6583.0,3268.0,85.0,3313.0,273.0,5457.0,2.0
633,6583.0,3268.0,85.0,3313.0,273.0,5457.0,2.0
634,6564.0,3291.0,84.0,3314.0,270.0,5451.0,2.0
635,6568.0,3302.0,84.0,3315.0,274.0,5477.0,2.0
636,6541.0,3301.0,86.0,3313.0,269.0,5446.0,2.0
637,6541.0,3303.0,87.0,3314.0,265.0,5324.0,2.0
638,6541.0,3303.0,87.0,3314.0,265.0,5324.0,2.0
639,6690.0,3275.0,81.0,3313.0,271.0,5325.0,2.0
640,6690.0,3275.0,81.0,3313.0,271.0,5325.0,2.0
641,6690.0,3275.0,81.0,3313.0,271.0,5325.0,2.0
642,6530.0,3323.0,84.0,3314.0,275.0,5376.0,39.0
643,6530.0,3323.0,84.0,3314.0,275.0,5376.0,39.0
644,6522.0,3362.0,88.0,3314.0,274.0,5457.0,46.0
645,6697.0,3358.0,88.0,3313.0,274.0,5466.0,46.0
646,6766.0,3431.0,88.0,3312.0,274.0,5512.0,45.0
647,6776.0,3490.0,84.0,3314.0,271.0,5563.0,45.0
648,6782.0,3491.0,88.0,3313.0,270.0,5511.0,45.0
649,6782.0,3491.0,88.0,3313.0,270.0,5511.0,45.0
650,6782.0,3491.0,88.0,3313.0,270.0,5511.0,45.0
651,6770.0,3511.0,84.0,3314.0,264.0,5598.0,45.0
652,6770.0,3511.0,84.0,3314.0,264.0,5598.0,45.0
653,6765.0,3458.0,88.0,3312.0,265.0,5646.0,44.0
654,6765.0,3458.0,88.0,3312.0,265.0,5646.0,44.0
655,6749.0,3400.0,88.0,3314.0,266.0,5598.0,12.0
656,6738.0,3429.0,86.0,3312.0,269.0,5604.0,2.0
657,6738.0,3385.0,94.0,3315.0,267.0,5624.0,9.0
658,6738.0,3385.0,94.0,3315.0,267.0,5624.0,9.0
659,6702.0,3347.0,90.0,3314.0,262.0,5645.0,17.0
660,6702.0,3347.0,90.0,3314.0,262.0,5645.0,17.0
661,6660.0,3345.0,91.0,3311.0,255.0,5686.0,17.0
662,6660.0,3345.0,91.0,3311.0,255.0,5686.0,17.0
663,6606.0,3372.0,96.0,3311.0,257.0,5648.0,17.0
664,6606.0,3372.0,96.0,3311.0,257.0,5648.0,17.0
665,6575.0,3416.0,102.0,3312.0,254.0,5587.0,17.0
666,6575.0,3416.0,102.0,3312.0,254.0,5587.0,17.0
667,6575.0,3416.0,102.0,3312.0,254.0,5587.0,17.0
668,6555.0,3499.0,110.0,3314.0,256.0,5539.0,17.0
669,6569.0,3505.0,109.0,3313.0,257.0,5551.0,17.0
670,6571.0,3491.0,108.0,3315.0,257.0,5558.0,17.0
671,6558.0,3456.0,104.0,3313.0,254.0,5535.0,15.0
672,6558.0,3456.0,104.0,3313.0,254.0,5535.0,15.0
673,6534.0,3463.0,109.0,3312.0,255.0,5534.0,2.0
674,6534.0,3463.0,109.0,3312.0,255.0,5534.0,2.0
675,6499.0,3464.0,110.0,3315.0,253.0,5504.0,2.0
676,6452.0,3485.0,104.0,3313.0,252.0,5464.0,2.0
677,6452.0,3485.0,104.0,3313.0,252.0,5464.0,2.0
678,6452.0,3485.0,104.0,3313.0,252.0,5464.0,2.0
679,6432.0,3525.0,103.0,3314.0,247.0,5338.0,2.0
680,6386.0,3646.0,102.0,3314.0,245.0,5267.0,2.0
681,6367.0,3724.0,109.0,3314.0,242.0,5203.0,2.0
682,6367.0,3724.0,109.0,3314.0,242.0,5203.0,2.0
683,6259.0,3839.0,120.0,3315.0,249.0,5115.0,2.0
684,6259.0,3839.0,120.0,3315.0,249.0,5115.0,2.0
685,6268.0,3519.0,131.0,3314.0,248.0,5201.0,2.0
686,6272.0,3428.0,132.0,3315.0,246.0,5183.0,2.0
687,6272.0,3428.0,132.0,3315.0,246.0,5183.0,2.0
688,6264.0,3364.0,127.0,3315.0,246.0,5035.0,2.0
689,6224.0,3299.0,126.0,3316.0,247.0,5056.0,2.0
690,6224.0,3299.0,126.0,3316.0,247.0,5056.0,2.0
691,6224.0,3299.0,126.0,3316.0,247.0,5056.0,2.0
692,6224.0,3299.0,126.0,3316.0,247.0,5056.0,2.0
693,6224.0,3299.0,126.0,3316.0,247.0,5056.0,2.0
694,6224.0,3299.0,126.0,3316.0,247.0,5056.0,2.0
695,6240.0,3109.0,180.0,3316.0,247.0,5135.0,2.0
696,6240.0,3109.0,180.0,3316.0,247.0,5135.0,2.0
697,6113.0,3044.0,192.0,3316.0,251.0,5072.0,2.0
698,6061.0,3058.0,202.0,3317.0,247.0,5072.0,2.0
699,5970.0,3063.0,209.0,3316.0,249.0,5073.0,2.0
700,5942.0,3086.0,214.0,3317.0,249.0,5064.0,2.0
701,5942.0,3086.0,214.0,3317.0,249.0,5064.0,2.0
702,5942.0,3086.0,214.0,3317.0,249.0,5064.0,2.0
703,5682.0,3108.0,227.0,3317.0,252.0,4896.0,2.0
704,5624.0,3077.0,235.0,3317.0,252.0,4824.0,2.0
705,5624.0,3077.0,235.0,3317.0,252.0,4824.0,2.0
706,5294.0,2949.0,249.0,3316.0,248.0,4671.0,2.0
707,5197.0,2974.0,260.0,3317.0,248.0,4641.0,2.0
708,5197.0,2974.0,260.0,3317.0,248.0,4641.0,2.0
709,5034.0,3000.0,266.0,3316.0,250.0,4576.0,2.0
710,5034.0,3000.0,266.0,3316.0,250.0,4576.0,2.0
711,4825.0,3047.0,268.0,3316.0,254.0,4581.0,2.0
712,4825.0,3047.0,268.0,3316.0,254.0,4581.0,2.0
713,4672.0,3048.0,191.0,3316.0,255.0,4587.0,2.0
714,4578.0,3066.0,199.0,3317.0,254.0,4571.0,2.0
715,4504.0,3071.0,183.0,3317.0,255.0,4548.0,2.0
716,4408.0,3102.0,189.0,3318.0,253.0,4508.0,2.0
717,4408.0,3102.0,189.0,3318.0,253.0,4508.0,2.0
718,4258.0,3068.0,223.0,3317.0,255.0,4381.0,2.0
719,4258.0,3068.0,223.0,3317.0,255.0,4381.0,2.0
720,4010.0,3073.0,206.0,3318.0,256.0,4314.0,2.0
721,4010.0,3073.0,206.0,3318.0,256.0,4314.0,2.0
722,4010.0,3073.0,206.0,3318.0,256.0,4314.0,2.0
723,3857.0,2984.0,221.0,3317.0,252.0,4357.0,2.0
724,3857.0,2984.0,221.0,3317.0,252.0,4357.0,2.0
725,3806.0,2928.0,320.0,3319.0,252.0,4196.0,2.0
726,3673.0,2918.0,346.0,3320.0,254.0,4111.0,2.0
727,3579.0,2969.0,328.0,3320.0,252.0,4111.0,2.0
728,3579.0,2969.0,328.0,3320.0,252.0,4111.0,2.0
729,3508.0,2868.0,343.0,3321.0,252.0,3965.0,2.0
730,3508.0,2868.0,343.0,3321.0,252.0,3965.0,2.0
731,3451.0,2653.0,348.0,3323.0,251.0,3738.0,2.0
732,3451.0,2653.0,348.0,3323.0,251.0,3738.0,2.0
733,3397.0,2625.0,363.0,3322.0,248.0,3693.0,2.0
734,3332.0,2624.0,352.0,3322.0,256.0,3685.0,2.0
735,3310.0,2617.0,325.0,3323.0,254.0,3680.0,2.0
736,3290.0,2619.0,323.0,3322.0,257.0,3656.0,2.0
737,3290.0,2619.0,323.0,3322.0,257.0,3656.0,2.0
738,3290.0,2619.0,323.0,3322.0,257.0,3656.0,2.0
739,3186.0,2003.0,347.0,3319.0,253.0,3236.0,2.0
740,3241.0,1899.0,348.0,3321.0,255.0,3125.0,2.0
741,3241.0,1899.0,348.0,3321.0,255.0,3125.0,2.0
742,3289.0,1999.0,343.0,3322.0,253.0,2914.0,2.0
743,3289.0,1999.0,343.0,3322.0,253.0,2914.0,2.0
744,3289.0,1999.0,343.0,3322.0,253.0,2914.0,2.0
745,3307.0,1887.0,350.0,3321.0,251.0,2786.0,2.0
746,3307.0,1887.0,350.0,3321.0,251.0,2786.0,2.0
747,3199.0,1823.0,384.0,3322.0,249.0,2755.0,2.0
748,3113.0,1799.0,407.0,3322.0,251.0,2736.0,2.0
749,3091.0,1780.0,432.0,3324.0,254.0,2720.0,2.0
750,3187.0,1802.0,448.0,3324.0,254.0,2728.0,2.0
751,3234.0,1789.0,457.0,3322.0,253.0,2692.0,2.0
752,3234.0,1789.0,457.0,3322.0,253.0,2692.0,2.0
753,3234.0,1789.0,457.0,3322.0,253.0,2692.0,2.0
754,3234.0,1789.0,457.0,3322.0,253.0,2692.0,2.0
755,2989.0,1773.0,476.0,3324.0,257.0,2649.0,2.0
756,2913.0,1795.0,470.0,3324.0,254.0,2629.0,2.0
757,2883.0,1775.0,466.0,3324.0,255.0,2579.0,2.0
758,2868.0,1778.0,467.0,3324.0,251.0,2552.0,2.0
759,2868.0,1778.0,467.0,3324.0,251.0,2552.0,2.0
760,2868.0,1778.0,467.0,3324.0,251.0,2552.0,2.0
761,2781.0,1829.0,414.0,3326.0,255.0,2553.0,2.0
762,2781.0,1829.0,414.0,3326.0,255.0,2553.0,2.0
763,2970.0,1851.0,380.0,3327.0,253.0,2677.0,2.0
764,2970.0,1851.0,380.0,3327.0,253.0,2677.0,2.0
765,2970.0,1851.0,380.0,3327.0,253.0,2677.0,2.0
766,2931.0,1841.0,371.0,3327.0,250.0,2611.0,2.0
767,2919.0,1820.0,372.0,3328.0,251.0,2573.0,2.0
768,2919.0,1820.0,372.0,3328.0,251.0,2573.0,2.0
769,2919.0,1820.0,372.0,3328.0,251.0,2573.0,2.0
770,2905.0,1835.0,377.0,3327.0,254.0,2562.0,2.0
771,2905.0,1835.0,377.0,3327.0,254.0,2562.0,2.0
772,2882.0,1770.0,385.0,3327.0,253.0,2580.0,2.0
773,2882.0,1770.0,385.0,3327.0,253.0,2580.0,2.0
774,2947.0,1802.0,397.0,3327.0,255.0,2642.0,2.0
775,2947.0,1802.0,397.0,3327.0,255.0,2642.0,2.0
776,2947.0,1802.0,397.0,3327.0,255.0,2642.0,2.0
777,3018.0,1719.0,453.0,3329.0,255.0,2660.0,2.0
778,3018.0,1719.0,453.0,3329.0,255.0,2660.0,2.0
779,3018.0,1719.0,453.0,3329.0,255.0,2660.0,2.0
780,2922.0,1670.0,468.0,3328.0,252.0,2646.0,2.0
781,2879.0,1689.0,458.0,3328.0,251.0,2628.0,2.0
782,2866.0,1778.0,451.0,3327.0,251.0,2589.0,2.0
783,2866.0,1778.0,451.0,3327.0,251.0,2589.0,2.0
784,2857.0,1795.0,448.0,3326.0,256.0,2545.0,2.0
785,2865.0,1806.0,446.0,3327.0,253.0,2542.0,2.0
786,2860.0,1724.0,445.0,3326.0,254.0,2570.0,2.0
787,2846.0,1675.0,444.0,3328.0,253.0,2600.0,2.0
788,2846.0,1675.0,444.0,3328.0,253.0,2600.0,2.0
789,2846.0,1675.0,444.0,3328.0,253.0,2600.0,2.0
790,2846.0,1675.0,444.0,3328.0,253.0,2600.0,2.0
791,2899.0,1682.0,474.0,3329.0,252.0,2585.0,2.0
792,2903.0,1700.0,489.0,3328.0,251.0,2592.0,2.0
793,2903.0,1700.0,489.0,3328.0,251.0,2592.0,2.0
794,2890.0,1678.0,487.0,3328.0,251.0,2636.0,2.0
795,2890.0,1678.0,487.0,3328.0,251.0,2636.0,2.0
796,2954.0,1726.0,452.0,3329.0,249.0,2637.0,2.0
797,2954.0,1726.0,452.0,3329.0,249.0,2637.0,2.0
798,2805.0,1658.0,438.0,3329.0,250.0,2718.0,2.0
799,2805.0,1658.0,438.0,3329.0,250.0,2718.0,2.0
800,2798.0,1660.0,425.0,3328.0,253.0,2706.0,2.0
801,2820.0,1682.0,420.0,3330.0,254.0,2716.0,2.0
802,2820.0,1682.0,420.0,3330.0,254.0,2716.0,2.0
803,2866.0,1739.0,415.0,3329.0,252.0,2644.0,2.0
804,2866.0,1739.0,415.0,3329.0,252.0,2644.0,2.0
805,2866.0,1739.0,415.0,3329.0,252.0,2644.0,2.0
806,2812.0,1820.0,435.0,3329.0,256.0,2688.0,2.0
807,2731.0,1814.0,424.0,3330.0,251.0,2745.0,2.0
808,2765.0,1771.0,411.0,3330.0,250.0,2811.0,2.0
809,2765.0,1771.0,411.0,3330.0,250.0,2811.0,2.0
810,3073.0,1983.0,403.0,3329.0,256.0,2882.0,2.0
811,3073.0,1983.0,403.0,3329.0,256.0,2882.0,2.0
812,3284.0,2241.0,432.0,3329.0,252.0,2959.0,2.0
813,3284.0,2241.0,432.0,3329.0,252.0,2959.0,2.0
814,3284.0,2241.0,432.0,3329.0,252.0,2959.0,2.0
815,3197.0,2403.0,427.0,3329.0,252.0,2989.0,2.0
816,3141.0,2494.0,417.0,3328.0,248.0,3057.0,2.0
817,3067.0,2608.0,410.0,3329.0,250.0,3170.0,2.0
818,3041.0,2625.0,388.0,3330.0,249.0,3248.0,2.0
819,3041.0,2625.0,388.0,3330.0,249.0,3248.0,2.0
820,3073.0,2683.0,321.0,3328.0,252.0,3368.0,2.0
821,3073.0,2683.0,321.0,3328.0,252.0,3368.0,2.0
822,3073.0,2683.0,321.0,3328.0,252.0,3368.0,2.0
823,3073.0,2683.0,321.0,3328.0,252.0,3368.0,2.0
824,3073.0,2683.0,321.0,3328.0,252.0,3368.0,2.0
825,3073.0,2683.0,321.0,3328.0,252.0,3368.0,2.0
826,3357.0,2989.0,141.0,3330.0,269.0,3711.0,20.0
827,3362.0,2998.0,122.0,3330.0,270.0,3761.0,20.0
828,3367.0,2974.0,109.0,3329.0,269.0,3818.0,20.0
829,3367.0,2974.0,109.0,3329.0,269.0,3818.0,20.0
830,3367.0,2974.0,109.0,3329.0,269.0,3818.0,20.0
831,3367.0,2974.0,109.0,3329.0,269.0,3818.0,20.0
832,3412.0,3053.0,84.0,3329.0,260.0,4006.0,21.0
833,3499.0,3029.0,82.0,3329.0,267.0,3994.0,22.0
834,3429.0,3087.0,81.0,3330.0,268.0,4009.0,22.0
835,3390.0,3104.0,75.0,3329.0,271.0,4005.0,22.0
836,3390.0,3128.0,72.0,3329.0,266.0,4028.0,22.0
837,3358.0,3149.0,68.0,3327.0,259.0,4051.0,22.0
838,3358.0,3149.0,68.0,3327.0,259.0,4051.0,22.0
839,3523.0,3100.0,87.0,3330.0,259.0,3973.0,22.0
840,3523.0,3100.0,87.0,3330.0,259.0,3973.0,22.0
841,3523.0,3100.0,87.0,3330.0,259.0,3973.0,22.0
842,3594.0,3123.0,85.0,3329.0,265.0,3993.0,22.0
843,3594.0,3123.0,85.0,3329.0,265.0,3993.0,22.0
844,3612.0,3181.0,73.0,3326.0,260.0,4022.0,22.0
845,3665.0,3108.0,69.0,3328.0,261.0,4028.0,22.0
846,3710.0,3011.0,69.0,3328.0,263.0,3992.0,21.0
847,3720.0,3010.0,71.0,3328.0,261.0,3962.0,20.0
848,3720.0,3010.0,71.0,3328.0,261.0,3962.0,20.0
849,3720.0,3010.0,71.0,3328.0,261.0,3962.0,20.0
850,3718.0,2926.0,62.0,3327.0,259.0,4033.0,2.0
851,3728.0,2931.0,65.0,3327.0,255.0,4002.0,2.0
852,3743.0,2916.0,72.0,3326.0,264.0,4000.0,2.0
853,3743.0,2916.0,72.0,3326.0,264.0,4000.0,2.0
854,3748.0,2902.0,67.0,3326.0,266.0,4018.0,2.0
855,3754.0,2894.0,55.0,3327.0,266.0,4002.0,2.0
856,3696.0,2930.0,48.0,3327.0,277.0,4039.0,2.0
857,3639.0,3005.0,40.0,3326.0,276.0,4028.0,11.0
858,3595.0,3033.0,33.0,3324.0,276.0,4042.0,18.0
859,3595.0,3033.0,33.0,3324.0,276.0,4042.0,18.0
860,3595.0,3033.0,33.0,3324.0,276.0,4042.0,18.0
861,3595.0,3033.0,33.0,3324.0,276.0,4042.0,18.0
862,3595.0,3033.0,33.0,3324.0,276.0,4042.0,18.0
863,3573.0,3036.0,8.0,3323.0,271.0,4114.0,18.0
864,3599.0,3038.0,7.0,3323.0,268.0,4144.0,18.0
865,3599.0,3038.0,7.0,3323.0,268.0,4144.0,18.0
866,3599.0,3038.0,7.0,3323.0,268.0,4144.0,18.0
867,3610.0,3053.0,9.0,3324.0,263.0,4100.0,18.0
868,3612.0,3082.0,7.0,3324.0,263.0,4053.0,20.0
869,3612.0,3082.0,7.0,3324.0,263.0,4053.0,20.0
870,3587.0,3154.0,9.0,3323.0,274.0,4024.0,20.0
871,3552.0,3102.0,11.0,3323.0,273.0,4077.0,20.0
872,3552.0,3102.0,11.0,3323.0,273.0,4077.0,20.0
873,3575.0,3174.0,8.0,3323.0,272.0,4075.0,20.0
874,3602.0,3215.0,8.0,3323.0,273.0,4081.0,20.0
875,3602.0,3215.0,8.0,3323.0,273.0,4081.0,20.0
876,3602.0,3215.0,8.0,3323.0,273.0,4081.0,20.0
877,3598.0,3206.0,9.0,3322.0,276.0,4111.0,20.0
878,3600.0,3229.0,9.0,3322.0,278.0,4157.0,20.0
879,3621.0,3263.0,10.0,3322.0,278.0,4149.0,20.0
880,3621.0,3263.0,10.0,3322.0,278.0,4149.0,20.0
881,3674.0,3315.0,10.0,3323.0,273.0,4081.0,20.0
882,3674.0,3315.0,10.0,3323.0,273.0,4081.0,20.0
883,3674.0,3315.0,10.0,3323.0,273.0,4081.0,20.0
884,3706.0,3214.0,10.0,3322.0,264.0,4052.0,7.0
885,3706.0,3214.0,10.0,3322.0,264.0,4052.0,7.0
886,3718.0,3230.0,10.0,3321.0,266.0,4087.0,2.0
887,3718.0,3230.0,10.0,3321.0,266.0,4087.0,2.0
888,3718.0,3230.0,10.0,3321.0,266.0,4087.0,2.0
889,3733.0,3278.0,16.0,3321.0,272.0,4012.0,2.0
890,3736.0,3262.0,15.0,3320.0,273.0,4062.0,2.0
891,3736.0,3262.0,15.0,3320.0,273.0,4062.0,2.0
892,3808.0,3081.0,15.0,3320.0,273.0,4189.0,2.0
893,3808.0,3081.0,15.0,3320.0,273.0,4189.0,2.0
894,3808.0,3081.0,15.0,3320.0,273.0,4189.0,2.0
895,3573.0,3162.0,16.0,3316.0,270.0,4059.0,2.0
896,3573.0,3162.0,16.0,3316.0,270.0,4059.0,2.0
897,3573.0,3162.0,16.0,3316.0,270.0,4059.0,2.0
898,3573.0,3162.0,16.0,3316.0,270.0,4059.0,2.0
899,3591.0,3167.0,16.0,3319.0,276.0,4147.0,2.0
900,3661.0,3115.0,15.0,3319.0,281.0,4138.0,2.0
901,3658.0,3164.0,16.0,3318.0,281.0,4134.0,2.0
902,3607.0,3197.0,17.0,3317.0,281.0,4144.0,2.0
903,3607.0,3197.0,17.0,3317.0,281.0,4144.0,2.0
904,3632.0,3154.0,22.0,3319.0,282.0,4141.0,2.0
905,3632.0,3154.0,22.0,3319.0,282.0,4141.0,2.0
906,3646.0,3236.0,26.0,3319.0,283.0,4131.0,2.0
907,3646.0,3236.0,26.0,3319.0,283.0,4131.0,2.0
908,3803.0,3246.0,23.0,3319.0,278.0,4177.0,2.0
909,3825.0,3222.0,22.0,3320.0,268.0,4180.0,2.0
910,3825.0,3222.0,22.0,3320.0,268.0,4180.0,2.0
911,3825.0,3222.0,22.0,3320.0,268.0,4180.0,2.0
912,3908.0,3260.0,18.0,3320.0,275.0,4196.0,2.0
913,3908.0,3260.0,18.0,3320.0,275.0,4196.0,2.0
914,3913.0,3237.0,21.0,3320.0,264.0,4178.0,2.0
915,3913.0,3237.0,21.0,3320.0,264.0,4178.0,2.0
916,3879.0,3334.0,19.0,3319.0,268.0,4140.0,2.0
917,3904.0,3309.0,22.0,3318.0,261.0,4170.0,2.0
918,3892.0,3341.0,25.0,3319.0,258.0,4142.0,2.0
919,3892.0,3341.0,25.0,3319.0,258.0,4142.0,2.0
920,3885.0,3372.0,26.0,3314.0,258.0,4095.0,1.0
921,3904.0,3324.0,26.0,3310.0,257.0,4164.0,1.0
922,3904.0,3324.0,26.0,3310.0,257.0,4164.0,1.0
923,3929.0,3354.0,28.0,3318.0,266.0,4181.0,2.0
924,3993.0,3368.0,30.0,3317.0,258.0,4212.0,2.0
925,3993.0,3368.0,30.0,3317.0,258.0,4212.0,2.0
926,3993.0,3368.0,30.0,3317.0,258.0,4212.0,2.0
927,4065.0,3363.0,39.0,3318.0,253.0,4330.0,2.0
928,4047.0,3359.0,40.0,3318.0,252.0,4394.0,2.0
929,4104.0,3370.0,48.0,3318.0,249.0,4360.0,2.0
930,4241.0,3412.0,52.0,3318.0,253.0,4399.0,2.0
931,4241.0,3412.0,52.0,3318.0,253.0,4399.0,2.0
932,4241.0,3412.0,52.0,3318.0,253.0,4399.0,2.0
933,4433.0,3363.0,72.0,3316.0,249.0,4434.0,2.0
934,4433.0,3363.0,72.0,3316.0,249.0,4434.0,2.0
935,4447.0,3413.0,96.0,3318.0,258.0,4385.0,2.0
936,4508.0,3376.0,102.0,3316.0,250.0,4368.0,2.0
937,4508.0,3376.0,102.0,3316.0,250.0,4368.0,2.0
938,4590.0,3280.0,104.0,3318.0,254.0,4450.0,2.0
939,4590.0,3280.0,104.0,3318.0,254.0,4450.0,2.0
940,4512.0,3330.0,126.0,3318.0,260.0,4503.0,2.0
941,4512.0,3330.0,126.0,3318.0,260.0,4503.0,2.0
942,4512.0,3330.0,126.0,3318.0,260.0,4503.0,2.0
943,4512.0,3330.0,126.0,3318.0,260.0,4503.0,2.0
944,4512.0,3330.0,126.0,3318.0,260.0,4503.0,2.0
945,4512.0,3330.0,126.0,3318.0,260.0,4503.0,2.0
946,4245.0,3513.0,120.0,3316.0,251.0,4466.0,2.0
947,4294.0,3443.0,115.0,3317.0,250.0,4485.0,2.0
948,4294.0,3443.0,115.0,3317.0,250.0,4485.0,2.0
949,4328.0,3442.0,105.0,3317.0,247.0,4520.0,2.0
950,4338.0,3407.0,103.0,3316.0,251.0,4600.0,2.0
951,4338.0,3407.0,103.0,3316.0,251.0,4600.0,2.0
952,4338.0,3407.0,103.0,3316.0,251.0,4600.0,2.0
953,4426.0,3410.0,98.0,3317.0,252.0,4686.0,2.0
954,4426.0,3410.0,98.0,3317.0,252.0,4686.0,2.0
955,4427.0,3654.0,103.0,3318.0,249.0,4764.0,2.0
956,4435.0,3670.0,102.0,3317.0,248.0,4771.0,2.0
957,4435.0,3670.0,102.0,3317.0,248.0,4771.0,2.0
958,4468.0,3632.0,91.0,3315.0,248.0,4807.0,2.0
959,4468.0,3632.0,91.0,3315.0,248.0,4807.0,2.0
960,4468.0,3632.0,91.0,3315.0,248.0,4807.0,2.0
961,4592.0,3672.0,75.0,3315.0,248.0,4843.0,2.0
962,4623.0,3617.0,74.0,3317.0,251.0,4856.0,2.0
963,4631.0,3571.0,71.0,3315.0,249.0,4836.0,2.0
964,4631.0,3571.0,71.0,3315.0,249.0,4836.0,2.0
965,4537.0,3626.0,70.0,3316.0,248.0,4768.0,2.0
966,4537.0,3626.0,70.0,3316.0,248.0,4768.0,2.0
967,4421.0,3570.0,71.0,3316.0,252.0,4708.0,2.0
968,4421.0,3570.0,71.0,3316.0,252.0,4708.0,2.0
969,4421.0,3570.0,71.0,3316.0,252.0,4708.0,2.0
970,4414.0,3573.0,76.0,3317.0,250.0,4606.0,2.0
971,4413.0,3571.0,75.0,3318.0,250.0,4538.0,2.0
972,4414.0,3582.0,76.0,3318.0,247.0,4471.0,2.0
973,4414.0,3582.0,76.0,3318.0,247.0,4471.0,2.0
974,4376.0,3581.0,76.0,3317.0,247.0,4455.0,2.0
975,4376.0,3581.0,76.0,3317.0,247.0,4455.0,2.0
976,4182.0,3563.0,81.0,3317.0,247.0,4406.0,2.0
977,4182.0,3563.0,81.0,3317.0,247.0,4406.0,2.0
978,4173.0,3534.0,95.0,3318.0,250.0,4415.0,2.0
979,4202.0,3526.0,102.0,3319.0,247.0,4522.0,2.0
980,4161.0,3527.0,105.0,3318.0,247.0,4520.0,2.0
981,4161.0,3527.0,105.0,3318.0,247.0,4520.0,2.0
982,4161.0,3527.0,105.0,3318.0,247.0,4520.0,2.0
983,4108.0,3533.0,124.0,3319.0,245.0,4502.0,2.0
984,4111.0,3555.0,116.0,3319.0,249.0,4499.0,2.0
985,4111.0,3555.0,116.0,3319.0,249.0,4499.0,2.0
986,4109.0,3547.0,104.0,3319.0,248.0,4501.0,2.0
987,4109.0,3547.0,104.0,3319.0,248.0,4501.0,2.0
988,4111.0,3543.0,97.0,3321.0,248.0,4519.0,2.0
989,4111.0,3543.0,97.0,3321.0,248.0,4519.0,2.0
990,4103.0,3573.0,92.0,3321.0,246.0,4447.0,2.0
991,4158.0,3572.0,99.0,3320.0,247.0,4427.0,2.0
992,4126.0,3549.0,102.0,3322.0,245.0,4419.0,2.0
993,4082.0,3513.0,105.0,3322.0,246.0,4402.0,2.0
994,4059.0,3479.0,108.0,3322.0,245.0,4418.0,2.0
995,4059.0,3479.0,108.0,3322.0,245.0,4418.0,2.0
996,4045.0,3444.0,103.0,3323.0,246.0,4321.0,2.0
997,4045.0,3444.0,103.0,3323.0,246.0,4321.0,2.0
998,4045.0,3444.0,103.0,3323.0,246.0,4321.0,2.0
999,4045.0,3444.0,103.0,3323.0,246.0,4321.0,2.0
