,electricity-lbmp-nyiso-centrl,electricity-lbmp-nyiso-h_q,electricity-lbmp-nyiso-millwd,electricity-lbmp-nyiso-north,electricity-lbmp-nyiso-genese,electricity-lbmp-nyiso-hud_valley,electricity-lbmp-nyiso-o_h,electricity-lbmp-nyiso-pjm,electricity-lbmp-nyiso-west,electricity-lbmp-nyiso-npx,electricity-lbmp-nyiso-capitl,electricity-lbmp-nyiso-mhk_valley,electricity-lbmp-nyiso-nyc,electricity-lbmp-nyiso-longil,electricity-lbmp-nyiso-dunwod
0,31.38,30.14,34.23,30.23,30.85,33.88,30.04,32.65,31.13,32.93,33.17,32.21,34.63,41.95,34.44
1,31.07,29.87,33.95,29.96,30.52,33.65,29.71,32.36,30.79,32.67,32.88,31.93,34.45,41.98,34.17
2,29.47,28.31,32.21,28.4,28.95,31.92,28.21,30.73,29.27,30.9,31.13,30.29,32.73,41.96,32.44
3,29.37,28.18,32.03,28.27,28.91,31.74,28.2,30.59,29.21,30.73,30.96,30.15,32.55,32.94,32.26
4,27.77,26.62,30.26,26.7,27.39,29.96,26.78,28.92,27.71,28.97,29.19,28.48,30.72,31.12,30.45
5,26.87,25.73,29.33,25.83,26.47,29.04,25.83,28.04,26.78,25.36,28.24,27.56,29.8,42.34,29.54
6,26.84,25.71,29.3,25.79,26.5,29.01,25.88,28.01,26.84,25.33,28.19,27.51,31.74,30.13,29.51
7,26.39,25.22,29.29,25.28,26.03,28.91,25.4,27.81,26.4,22.49,27.34,27.04,31.74,30.03,29.51
8,26.49,25.27,29.29,25.32,26.13,28.91,25.52,27.9,26.55,25.32,27.44,27.09,31.74,30.01,29.51
9,26.47,25.27,29.29,25.33,26.16,28.91,25.57,27.87,26.58,25.31,27.42,27.09,31.72,29.93,29.49
10,26.6,25.4,29.45,25.45,26.29,29.06,25.7,28.01,26.72,25.26,27.55,27.23,31.86,30.07,29.65
11,28.92,27.58,32.15,27.64,28.58,31.72,27.91,30.55,29.04,26.49,29.78,29.57,34.16,32.88,32.39
12,29.35,28.07,32.86,28.13,28.94,32.38,28.21,31.03,29.3,26.76,30.27,30.1,34.74,33.63,33.08
13,30.5,29.12,34.12,29.21,30.05,33.6,28.7,32.59,32.04,27.27,31.34,31.22,35.87,34.98,34.32
14,36.06,34.15,40.37,34.22,35.41,39.73,31.19,40.21,45.7,30.25,36.55,36.65,41.11,41.47,40.65
15,41.99,39.57,47.1,39.61,41.2,46.29,33.88,48.42,60.59,33.28,42.09,42.47,47.68,48.38,47.4
16,38.14,35.75,42.26,35.79,37.33,41.6,28.9,44.88,60.36,31.14,38.19,38.37,42.79,43.11,42.52
17,42.43,39.61,45.12,39.65,41.49,44.76,30.83,49.72,71.1,43.2,43.69,42.59,45.69,45.94,45.37
18,48.21,43.03,48.84,43.07,45.25,48.44,-0.42,65.32,162.8,46.8,47.29,46.27,49.42,49.64,49.11
19,40.54,38.07,45.13,38.15,39.56,44.38,30.14,47.83,66.54,32.63,40.39,40.85,45.72,45.88,45.41
20,39.14,36.88,43.01,36.96,38.25,42.46,28.82,45.85,63.37,35.09,39.68,39.58,43.61,43.84,43.3
21,39.41,37.06,43.15,37.18,38.51,42.58,29.37,46.1,63.55,35.58,39.89,39.77,43.71,43.94,43.4
22,39.2,36.9,42.99,37.02,38.27,42.46,24.86,46.34,68.87,35.53,39.77,39.6,43.63,43.9,43.28
23,42.14,39.1,45.78,39.22,40.71,45.16,22.86,49.38,87.24,36.33,41.93,41.96,46.37,46.61,46.05
24,56.88,41.45,48.8,41.49,31.2,48.11,-60.95,84.12,305.34,37.67,44.36,44.57,49.4,49.61,49.1
25,70.04,63.88,77.22,63.94,67.24,75.71,21.03,90.69,185.06,47.1,66.58,68.68,78.12,78.19,77.73
26,47.39,43.76,51.49,43.85,46.1,50.77,19.68,60.5,109.33,38.9,46.63,47.05,52.07,52.21,51.8
27,48.91,45.37,53.5,45.42,47.43,52.73,20.72,62.24,110.84,39.85,48.3,48.74,54.1,54.34,53.82
28,45.18,41.57,48.81,41.66,43.33,48.16,20.03,54.0,105.06,37.69,44.36,44.65,49.36,49.53,49.1
29,40.31,38.0,45.13,38.12,39.33,44.46,25.04,48.22,71.74,32.62,40.31,40.78,45.68,45.8,45.41
30,45.91,42.76,48.8,42.8,44.61,48.4,23.5,55.7,94.5,46.64,46.94,45.93,49.37,49.55,49.06
31,45.8,41.84,47.81,41.84,44.09,47.47,20.17,54.07,108.28,45.74,46.04,45.04,48.41,48.55,48.11
32,44.4,40.65,47.78,40.65,42.88,47.18,22.7,51.88,98.1,37.69,43.7,43.8,48.4,48.53,48.07
33,71.02,64.62,73.62,64.69,68.35,73.09,22.11,89.14,187.68,70.42,71.02,69.55,74.42,74.55,74.02
34,87.38,78.71,89.6,78.79,83.26,88.95,23.94,107.01,245.22,85.69,86.5,84.8,90.56,90.81,90.08
35,50.26,47.79,54.19,47.9,50.16,53.8,48.87,52.18,50.86,51.88,52.38,51.34,54.78,54.93,54.49
36,49.01,46.8,53.0,46.94,48.87,52.62,47.46,50.79,49.36,50.74,51.23,50.21,53.58,53.77,53.3
37,43.54,41.57,48.81,41.61,43.46,48.21,42.17,46.01,43.71,37.69,44.44,44.65,49.4,49.66,49.1
38,40.86,39.12,46.48,39.21,40.7,45.79,39.37,43.44,40.82,33.27,41.46,41.99,47.09,47.42,46.77
39,39.7,38.05,44.6,38.13,39.54,44.02,38.21,41.83,39.58,35.75,40.86,40.83,45.21,45.61,44.86
40,36.51,34.79,40.53,34.79,36.44,40.08,35.36,38.39,36.65,33.88,37.55,37.37,41.08,41.37,40.76
41,36.6,34.77,40.38,34.77,36.67,39.95,35.66,38.4,37.0,34.24,37.57,37.35,40.94,41.33,40.61
42,38.35,36.51,43.28,36.55,38.32,42.67,37.15,40.69,38.51,31.67,38.73,39.26,44.0,44.38,43.58
43,38.54,36.65,43.42,36.69,38.5,42.8,37.37,40.89,38.73,31.73,38.88,39.41,44.09,44.52,43.72
44,39.41,37.48,45.52,37.51,39.48,44.66,38.32,42.44,39.76,26.78,38.89,40.3,46.09,46.56,45.86
45,40.19,38.15,45.45,38.19,40.15,44.73,38.93,42.73,40.43,32.2,40.41,41.06,45.97,46.37,45.73
46,40.62,38.7,46.12,38.74,40.62,45.42,39.34,43.22,40.74,32.41,40.95,41.61,46.65,46.93,46.41
47,41.93,39.91,47.56,39.91,41.97,46.83,40.69,44.64,42.18,33.19,42.2,42.91,48.11,48.27,47.86
48,42.04,39.98,47.56,40.02,42.17,46.83,40.89,44.67,42.37,33.23,42.24,42.99,48.06,48.31,47.86
49,42.26,40.27,47.87,40.32,42.26,47.13,40.9,44.87,42.39,33.41,42.5,43.26,48.41,48.62,48.16
50,43.11,41.04,48.88,41.08,43.11,48.16,41.67,45.84,43.24,33.88,43.31,44.13,49.43,49.65,49.18
51,43.11,41.04,48.88,41.08,43.11,48.16,41.67,45.84,43.24,33.88,43.31,44.13,49.43,49.65,49.18
52,43.14,41.03,48.88,41.07,43.27,48.11,41.91,45.88,43.44,33.7,43.16,44.15,49.43,49.69,49.18
53,32.84,31.17,36.54,31.2,33.13,36.1,32.19,34.65,33.35,28.25,33.18,33.54,37.02,37.28,36.76
54,35.54,33.83,39.98,33.83,35.71,39.42,34.59,37.65,35.85,29.71,35.89,36.41,41.28,40.88,40.22
55,37.99,36.2,42.84,36.24,38.14,42.24,36.95,40.27,38.25,30.89,38.2,38.92,43.64,43.85,43.1
56,40.37,38.35,45.52,38.43,40.56,44.82,39.3,42.81,40.72,32.04,40.48,41.27,45.96,46.52,45.77
57,40.4,38.38,45.57,38.42,40.6,44.86,39.29,42.85,40.72,32.05,40.51,41.31,46.0,46.56,45.81
58,42.13,40.06,47.6,40.1,42.33,46.9,40.97,44.74,42.5,33.05,42.26,43.12,48.07,48.56,47.9
59,42.5,40.5,48.07,40.54,42.62,47.35,41.16,45.11,42.67,33.25,42.69,43.54,48.54,48.95,48.36
60,43.29,41.25,49.0,41.3,43.38,48.27,41.85,45.93,43.38,33.67,43.46,44.35,49.44,49.91,49.27
61,47.84,45.5,51.5,45.55,48.03,51.17,46.38,49.39,48.08,49.29,49.81,48.92,51.92,52.53,51.73
62,47.89,45.55,54.25,45.6,48.08,53.4,46.34,50.87,48.09,36.14,47.83,48.97,54.74,55.39,54.55
63,47.36,45.13,53.74,45.22,47.54,52.94,45.82,50.34,47.5,35.88,47.4,48.52,54.22,54.91,54.07
64,45.72,43.61,51.89,43.74,45.81,51.14,44.05,48.56,45.68,35.11,46.05,46.89,52.36,53.08,52.22
65,51.31,47.92,57.23,48.02,50.59,56.36,41.08,55.14,76.67,37.54,50.44,51.63,57.75,58.49,57.55
66,58.97,54.43,65.24,54.48,57.74,64.24,36.5,67.72,112.7,41.18,57.09,58.69,65.77,66.72,65.65
67,43.58,41.41,49.05,41.53,43.75,48.35,42.17,46.12,43.75,33.89,43.75,44.56,49.44,50.25,49.31
68,43.84,41.78,49.41,41.91,44.06,48.71,42.42,46.32,43.92,34.07,44.04,44.92,49.85,50.71,49.72
69,43.84,41.65,49.33,41.78,44.01,48.62,42.38,46.34,43.97,34.11,44.02,44.87,49.77,50.58,49.59
70,43.64,41.46,49.05,41.64,43.86,48.36,42.23,46.12,43.81,34.02,43.83,44.63,49.48,50.21,49.31
71,44.95,42.71,50.61,42.84,45.13,49.88,43.41,47.52,45.04,34.61,45.13,46.01,51.02,51.86,50.89
72,45.37,43.02,50.89,43.15,45.59,50.19,43.91,47.9,45.55,34.87,45.42,46.35,51.29,52.23,51.2
73,43.82,41.47,49.05,41.55,44.03,48.4,42.03,46.26,46.34,34.09,43.93,44.76,49.36,50.26,49.31
74,46.61,44.29,52.5,44.38,46.89,51.77,44.42,49.35,51.06,35.59,46.75,47.76,52.83,53.79,52.78
75,48.85,46.23,54.92,46.38,49.14,54.14,46.42,51.67,55.09,36.62,48.76,49.95,55.22,56.22,55.22
76,44.04,40.78,48.12,40.87,43.43,47.49,33.53,47.01,71.68,33.67,43.15,44.06,48.46,49.14,48.38
77,57.35,49.59,59.04,49.69,52.76,58.18,-13.68,77.2,236.78,38.56,52.09,53.57,59.36,60.39,59.36
78,88.3,78.38,88.48,78.62,83.96,88.08,16.72,107.26,268.37,84.53,86.06,84.93,88.89,90.59,88.89
79,46.39,42.63,48.07,42.76,45.52,47.85,30.24,50.33,86.82,45.92,46.71,46.1,48.38,49.26,48.29
80,43.95,40.7,48.03,40.82,43.3,47.4,33.36,46.89,71.47,33.7,43.05,44.01,48.41,49.25,48.28
81,48.33,44.38,52.45,44.52,47.45,51.77,30.57,54.21,92.43,35.83,46.77,48.04,52.83,53.84,52.74
82,48.44,44.38,52.4,44.47,47.59,51.73,30.61,54.38,92.99,35.85,46.78,48.04,52.74,53.47,52.69
83,73.63,66.88,80.2,67.15,71.5,78.94,38.92,83.81,162.39,47.97,69.54,72.39,80.66,81.97,80.65
84,59.25,54.87,65.39,55.04,58.32,64.43,41.55,65.71,101.25,41.39,57.41,59.28,65.76,66.83,65.76
85,49.81,46.29,54.78,46.43,49.15,54.05,38.85,53.09,77.17,36.8,48.77,50.05,55.12,56.03,55.08
86,72.99,66.57,79.72,66.78,70.89,78.4,38.51,83.04,160.49,47.98,69.38,71.99,80.11,81.48,80.11
87,53.89,49.87,59.22,50.02,52.95,58.39,35.62,60.22,97.63,38.62,52.44,53.92,59.55,60.63,59.55
88,86.43,78.18,87.85,78.5,83.25,87.53,41.04,94.72,204.18,84.3,86.4,84.38,88.17,144.19,88.26
89,52.53,48.72,56.87,48.92,51.83,56.23,40.43,55.79,82.25,42.0,52.29,52.53,57.12,60.63,57.12
90,83.42,75.24,89.51,75.55,80.44,88.26,38.42,94.36,201.22,56.76,79.73,81.37,89.93,155.04,90.01
91,77.95,70.69,83.92,70.98,75.5,82.7,39.67,88.06,176.11,54.23,74.97,76.45,84.31,163.13,84.38
92,51.43,47.87,55.78,48.07,50.68,55.16,40.21,54.24,78.49,41.48,51.45,51.67,56.07,62.52,56.07
93,52.4,48.75,54.78,49.0,51.61,54.58,41.05,54.1,79.37,52.62,53.97,52.67,55.03,63.11,54.98
94,51.97,48.28,54.78,48.53,51.21,54.46,40.26,54.14,80.08,49.23,53.02,52.16,55.09,63.11,55.04
95,86.28,78.09,87.67,78.41,83.16,87.35,41.04,94.55,203.95,84.21,86.46,84.45,88.0,89.61,88.0
96,80.91,72.95,81.74,73.25,77.83,81.52,35.91,89.05,198.69,78.51,80.69,78.88,82.04,83.63,82.12
97,88.25,79.89,89.69,80.31,84.92,89.36,41.38,97.02,208.38,86.15,88.46,86.4,90.03,91.84,90.02
98,88.55,80.01,89.74,80.34,85.2,89.41,41.46,97.39,209.72,86.2,88.59,86.52,90.07,91.89,90.07
99,75.05,69.01,77.4,69.37,73.06,77.11,44.11,82.04,149.45,74.34,76.33,74.48,77.69,79.26,77.68
100,45.43,43.08,48.26,43.34,45.38,48.08,43.34,46.32,45.04,46.36,47.47,46.45,48.48,221.71,48.44
101,45.42,43.03,48.17,43.25,45.47,47.99,43.51,46.31,45.21,46.31,47.46,46.39,48.43,134.83,48.39
102,45.43,43.08,48.26,43.34,45.47,48.08,43.51,46.36,45.17,46.4,47.51,46.45,48.53,222.93,48.44
103,45.52,43.03,48.26,43.26,45.52,48.08,43.6,46.4,45.31,46.36,47.51,46.49,48.53,96.49,48.44
104,43.98,41.62,48.23,41.88,43.98,47.75,42.09,45.7,43.73,37.57,44.84,44.96,48.52,70.2,48.43
105,45.51,42.94,48.16,43.16,45.51,47.98,43.64,46.44,45.39,46.26,47.37,46.39,48.43,49.24,48.34
106,45.52,43.03,48.22,43.3,45.52,48.04,43.65,46.45,45.39,46.36,47.51,46.49,48.48,49.29,48.44
107,46.62,44.03,49.29,44.31,46.53,49.11,44.57,47.53,46.36,47.48,48.66,47.57,49.52,50.35,49.52
108,45.6,43.11,48.26,43.38,45.51,48.08,43.59,46.49,45.35,46.49,47.64,46.57,48.48,49.25,48.44
109,45.43,43.12,48.27,43.34,45.34,48.09,43.42,46.36,45.13,46.49,47.65,46.49,48.49,49.52,48.49
110,44.0,41.81,48.23,42.07,43.92,47.76,33.23,45.68,43.67,38.17,45.27,45.04,48.48,49.43,48.43
111,45.38,43.03,48.12,43.25,45.29,47.99,34.63,46.31,45.17,46.39,47.63,46.39,48.39,49.27,48.34
112,46.53,44.08,49.25,44.35,46.48,49.07,35.87,47.48,46.45,47.44,48.84,47.52,49.47,51.25,49.47
113,64.96,61.24,68.43,61.56,65.03,68.24,62.69,66.29,65.16,65.84,67.8,66.16,68.75,69.82,68.75
114,52.73,49.61,55.43,49.82,52.68,55.28,50.78,53.75,52.84,53.34,55.03,53.65,55.69,56.95,55.64
115,52.58,49.61,55.43,49.87,52.47,55.28,50.47,53.65,52.49,53.39,55.08,53.6,55.69,56.99,55.69
116,53.28,50.43,56.34,50.63,53.12,56.18,51.04,54.42,53.08,54.27,55.93,54.42,56.65,57.82,56.6
117,51.97,49.09,54.91,49.3,51.82,54.75,49.84,53.04,51.78,52.89,54.51,53.04,55.21,56.46,55.16
118,50.39,47.69,55.38,47.88,50.24,54.76,48.27,52.53,50.15,41.35,51.38,51.42,71.89,56.9,55.62
119,50.2,47.6,55.33,47.85,50.1,54.76,48.08,52.44,49.91,41.3,51.28,51.27,72.18,56.9,55.63
120,48.42,45.92,53.32,46.11,48.28,52.74,46.34,50.53,48.15,40.37,49.55,49.46,53.65,55.0,53.59
121,14.83,13.99,91.7,14.06,14.93,76.08,14.44,56.51,14.97,-354.54,-40.65,15.07,93.48,93.85,93.46
122,43.73,41.23,48.17,41.4,43.94,47.6,42.5,45.79,44.07,33.93,44.1,44.45,110.1,50.14,48.38
123,49.62,46.91,55.36,47.06,49.62,54.59,47.73,52.25,49.58,37.0,50.02,50.58,65.5,57.1,55.66
124,49.11,46.39,54.68,46.58,49.02,53.94,47.15,51.59,48.93,36.9,49.41,50.07,54.99,56.48,54.93
125,52.57,49.86,58.88,50.06,52.52,58.05,50.47,55.43,52.37,38.81,52.97,53.65,59.21,60.34,59.21
126,49.62,46.82,55.36,46.92,49.58,54.59,47.69,52.25,49.53,37.11,49.94,50.49,55.72,57.1,55.66
127,48.86,46.24,54.64,46.33,49.0,53.88,47.23,51.48,48.9,36.83,49.38,49.81,54.99,56.44,54.94
128,48.87,46.2,54.6,46.25,48.96,53.84,47.15,51.5,48.87,36.86,49.4,49.78,54.95,56.39,54.9
129,52.37,49.31,58.48,49.37,52.47,57.6,50.53,55.2,52.42,38.66,52.71,53.18,58.86,59.93,58.76
130,43.25,40.81,48.12,40.81,43.34,47.47,41.73,45.47,43.26,34.03,43.97,43.97,48.47,50.49,48.38
131,43.13,40.74,48.08,40.7,43.18,47.43,41.54,45.43,43.1,34.01,43.89,43.85,48.46,50.48,48.38
132,43.13,40.74,48.08,40.7,43.18,47.43,41.54,45.43,43.1,34.01,43.89,43.85,48.46,50.48,48.38
133,43.13,40.74,48.08,40.7,43.18,47.43,41.54,45.43,43.1,34.01,43.89,43.85,48.46,50.48,48.38
134,43.09,40.57,47.9,40.45,43.22,47.26,41.71,45.31,43.26,32.5,43.78,43.68,48.41,50.37,48.2
135,43.29,40.53,47.98,40.27,43.63,47.33,42.37,45.58,43.88,32.37,43.84,43.71,48.4,50.52,48.28
136,44.96,42.04,49.11,41.74,45.22,48.57,43.91,46.95,45.53,36.63,46.03,45.31,49.46,51.39,49.41
137,46.49,43.55,51.56,43.24,46.71,50.87,45.32,48.92,46.89,37.0,47.39,46.94,51.97,53.64,51.88
138,45.4,42.37,48.13,42.02,45.45,47.86,44.08,46.63,45.76,46.5,47.77,45.76,48.48,50.57,48.39
139,45.27,42.41,47.99,42.06,45.35,47.72,44.04,46.45,45.66,46.36,47.68,45.66,48.43,50.52,48.25
140,45.27,42.41,47.94,42.06,45.53,47.68,44.35,46.5,45.93,46.36,47.59,45.62,48.43,50.56,48.25
141,44.2,41.42,47.91,41.11,44.42,47.43,43.22,45.95,44.76,39.96,45.66,44.54,48.41,50.52,48.24
142,44.74,42.0,49.11,41.65,44.87,48.57,43.56,46.86,45.17,38.27,46.02,45.13,49.54,51.51,49.41
143,43.24,40.59,47.95,40.26,43.24,47.32,41.94,45.55,43.54,35.63,44.3,43.66,48.37,50.43,48.24
144,43.22,40.53,47.91,40.11,43.17,47.27,41.96,45.5,43.56,35.5,44.25,43.56,48.37,50.4,48.2
145,43.82,41.09,49.01,40.62,43.78,48.31,42.54,46.36,44.08,34.81,44.76,44.21,49.48,64.18,49.31
146,42.78,40.16,47.71,39.7,42.74,47.07,41.53,45.18,43.03,35.11,43.86,43.2,48.21,62.88,48.05
147,42.6,39.95,47.65,39.46,42.48,46.97,41.28,45.07,42.81,33.91,43.48,42.98,48.19,50.05,47.98
148,44.08,41.5,48.98,40.98,43.91,48.4,42.58,46.41,44.13,38.17,45.61,44.64,49.49,50.4,49.32
149,44.0,41.47,48.98,40.95,43.74,48.36,42.41,46.32,43.96,38.26,45.61,44.56,49.45,50.43,49.27
150,41.84,39.31,46.67,38.78,41.55,46.03,40.28,44.17,41.76,35.12,43.14,42.28,47.16,48.15,47.0
151,41.79,39.15,44.76,38.62,41.51,44.43,40.33,43.13,41.79,43.33,44.23,42.2,45.24,46.15,45.0
152,41.1,38.77,44.99,38.37,40.74,44.53,39.49,42.88,40.9,38.68,43.0,41.7,45.53,46.38,45.29
153,39.91,37.5,42.67,37.08,39.48,42.4,38.31,41.16,39.78,41.31,42.21,40.38,43.18,43.99,42.94
154,39.23,36.93,42.02,36.55,38.88,41.75,37.74,40.49,39.11,40.68,41.52,39.76,42.52,43.32,42.29
155,37.58,35.45,40.3,35.08,37.32,40.0,36.3,38.75,37.54,39.01,39.82,38.09,40.74,41.5,40.51
156,36.84,34.75,39.54,34.39,36.55,39.28,35.54,38.02,36.73,38.31,39.07,37.34,40.0,40.76,39.79
157,33.33,31.38,35.77,31.06,33.11,35.54,32.23,34.46,33.33,34.45,35.26,33.69,36.23,36.85,36.0
158,31.41,45.8,33.89,29.21,31.23,33.64,53.28,57.02,31.51,47.92,33.02,31.81,34.38,34.84,34.11
159,33.26,47.61,35.87,30.99,33.1,35.6,55.11,58.93,33.39,50.65,35.19,33.75,36.42,36.84,36.1
160,30.73,20.09,34.3,28.97,30.24,33.92,9.8,18.03,30.15,20.18,32.64,31.46,34.83,35.28,34.52
161,30.5,19.7,33.2,28.49,30.11,32.96,9.8,17.46,30.17,22.97,32.75,31.07,33.68,34.22,33.41
162,29.3,18.5,31.77,27.31,28.98,31.51,8.79,16.18,29.09,21.61,31.37,29.78,32.17,32.72,31.94
163,28.88,19.91,31.76,26.98,28.6,31.45,27.8,22.65,28.71,20.95,30.71,29.4,32.17,32.75,31.97
164,29.11,20.13,32.04,27.25,28.8,31.71,28.0,22.89,28.88,20.9,30.92,29.63,32.42,32.97,32.22
165,29.16,20.23,32.13,27.41,28.82,31.79,27.98,22.96,28.9,20.77,30.95,29.76,32.51,33.06,32.34
166,28.97,27.66,31.85,27.49,28.49,31.52,27.57,30.17,28.52,28.24,30.73,29.6,32.26,32.74,32.06
167,28.61,27.34,30.95,27.23,28.16,30.73,27.29,29.54,28.19,30.11,30.67,29.26,31.38,31.8,31.15
168,28.47,27.23,30.86,27.12,27.99,30.64,27.09,29.43,27.99,30.02,30.52,29.17,31.25,31.67,31.03
169,28.08,26.92,30.82,26.86,27.64,30.53,26.72,29.22,27.61,27.94,29.9,28.83,31.25,31.64,31.03
170,26.64,25.56,29.19,25.48,26.19,28.94,25.29,27.68,26.14,27.2,28.51,27.38,29.59,29.96,29.38
171,26.68,25.55,29.22,25.44,26.29,28.96,25.5,27.76,26.34,27.0,28.45,27.34,29.62,29.99,29.41
172,26.67,25.46,29.19,25.3,26.25,28.94,25.48,27.77,26.32,26.92,28.35,27.24,29.59,29.99,29.41
173,23.5,22.5,25.54,22.38,23.1,25.35,22.38,24.33,23.12,24.8,25.19,24.03,25.89,26.21,25.72
174,24.0,23.03,26.11,22.93,23.52,25.92,22.76,24.85,23.52,25.35,25.75,24.59,26.47,26.78,26.28
175,26.58,25.52,29.22,25.47,26.1,28.95,25.26,27.69,26.1,26.66,28.35,27.29,29.59,29.96,29.41
176,26.72,25.69,29.22,25.66,26.24,28.97,25.4,27.77,26.22,27.43,28.61,27.41,29.59,29.94,29.38
177,21.89,21.09,23.93,21.02,21.5,23.76,20.78,22.72,21.43,23.28,23.63,22.46,24.26,24.52,24.09
178,21.28,20.46,23.31,20.38,20.88,23.12,20.19,22.11,20.84,22.66,22.95,21.79,23.61,23.86,23.44
179,21.23,20.34,23.14,20.22,20.81,22.97,20.13,22.03,20.82,22.51,22.82,21.69,23.45,23.66,23.28
180,21.17,20.29,23.1,20.15,20.77,22.93,20.12,21.97,20.77,22.49,22.81,21.68,23.42,23.63,23.25
181,21.11,20.21,22.96,20.06,20.75,22.8,20.1,21.88,20.75,22.38,22.73,21.61,23.28,23.46,23.11
182,21.08,20.21,23.01,20.06,20.75,22.84,20.1,21.88,20.73,22.4,22.73,21.59,23.3,23.49,23.15
183,26.86,25.74,29.22,25.58,26.43,29.01,25.61,27.84,26.38,28.51,28.93,27.52,29.59,29.91,29.41
184,28.31,27.0,30.57,26.83,27.89,30.35,27.14,29.29,28.01,29.82,30.32,28.87,30.93,31.32,30.74
185,26.99,25.79,29.22,25.63,26.53,29.01,25.76,27.92,26.56,28.5,28.99,27.6,29.6,29.97,29.41
186,23.97,22.98,26.09,22.81,23.57,25.9,22.83,24.85,23.55,25.42,25.83,24.59,26.44,26.8,26.25
187,23.65,22.67,25.76,22.5,23.25,25.55,22.55,24.52,23.23,25.08,25.5,24.24,26.09,26.44,25.92
188,23.3,22.36,25.43,22.17,22.94,25.24,22.22,24.2,22.91,24.78,25.15,23.83,25.77,26.1,25.59
189,23.37,22.38,25.43,22.17,22.98,25.22,22.28,24.23,22.98,24.78,25.17,23.86,25.75,26.08,25.56
190,23.37,22.4,25.43,22.19,23.0,25.24,22.31,24.25,23.0,24.83,25.22,23.88,25.77,26.05,25.59
191,23.37,22.4,25.43,22.21,23.02,25.22,22.35,24.23,23.02,24.83,25.22,23.86,25.75,26.03,25.57
192,23.03,22.07,25.11,21.87,22.67,24.9,21.98,23.9,22.65,24.49,24.88,23.49,25.43,25.7,25.25
193,21.09,20.23,23.03,20.02,20.76,22.86,20.11,21.9,20.73,22.49,22.82,21.51,23.34,23.58,23.18
194,21.04,20.13,22.94,19.94,20.71,22.77,20.1,21.85,20.73,22.39,22.73,21.39,23.25,23.5,23.08
195,23.04,22.03,25.06,21.81,22.69,24.88,22.06,23.92,22.74,24.47,24.86,23.42,25.38,25.7,25.22
196,18.85,18.05,20.59,17.86,18.51,20.44,17.95,19.58,18.51,20.06,20.36,19.18,20.84,21.13,20.72
197,16.58,15.31,20.99,15.15,16.15,20.78,15.74,18.78,16.26,21.2,22.11,16.93,21.2,21.42,21.08
198,16.82,15.58,20.95,15.4,16.38,20.75,15.97,18.86,16.49,21.1,21.95,17.15,21.16,21.39,21.05
199,15.84,14.15,22.55,13.97,15.35,22.26,15.08,19.3,15.59,23.34,24.76,16.24,22.72,22.93,22.6
200,16.81,15.58,20.97,15.37,16.4,20.77,16.01,18.88,16.53,21.15,22.0,17.16,21.18,21.41,21.07
201,15.84,14.15,22.53,13.96,15.35,22.26,15.09,19.28,15.59,23.34,24.76,16.22,22.72,22.91,22.6
202,16.8,15.58,20.97,15.38,16.4,20.75,15.99,18.87,16.51,21.13,21.97,17.14,21.18,21.41,21.05
203,18.95,18.07,20.61,17.83,18.61,20.46,18.07,19.66,18.65,20.13,20.41,19.21,20.89,21.14,20.75
204,21.23,20.26,23.05,20.03,20.87,22.88,20.28,22.0,20.94,22.51,22.82,21.52,23.34,23.64,23.18
205,21.23,20.26,23.05,20.01,20.87,22.88,20.26,22.02,20.91,22.51,22.84,21.54,23.34,23.64,23.2
206,21.46,20.51,23.33,20.25,21.12,23.14,20.55,22.27,21.19,22.78,23.12,21.8,23.6,23.92,23.46
207,23.08,22.1,25.07,21.82,22.69,24.88,22.03,23.92,22.71,24.52,24.88,23.49,25.38,25.68,25.22
208,23.06,22.1,25.09,21.85,22.64,24.9,21.94,23.9,22.62,24.52,24.88,23.51,25.41,25.7,25.22
209,23.08,22.11,25.09,21.87,22.69,24.9,22.0,23.9,22.66,24.54,24.9,23.58,25.41,25.7,25.25
210,22.09,21.15,23.99,20.88,21.72,23.81,21.06,22.87,21.69,23.48,23.83,22.54,24.27,24.58,24.14
211,22.56,21.6,24.46,21.36,22.21,24.3,21.54,23.35,22.21,23.97,24.33,23.05,24.75,25.06,24.6
212,23.12,22.14,25.06,21.86,22.73,24.9,22.05,23.92,22.71,24.59,24.95,23.62,25.36,25.68,25.23
213,22.82,21.87,24.81,21.6,22.44,24.63,21.76,23.59,22.41,24.29,24.65,23.37,25.1,25.4,24.95
214,22.52,21.58,24.49,21.32,22.17,24.31,21.5,23.3,22.14,23.97,24.33,23.06,24.77,25.06,24.62
215,22.24,21.27,24.18,20.99,21.85,24.0,21.16,23.01,21.82,23.65,24.0,22.77,24.46,24.77,24.31
216,21.17,20.25,23.05,19.95,20.81,22.86,20.16,21.92,20.77,22.53,22.86,21.67,23.32,23.62,23.18
217,18.91,18.09,20.61,17.81,18.59,20.45,18.03,19.59,18.58,19.86,20.43,19.36,20.87,21.12,20.73
218,21.95,20.97,23.92,20.62,21.58,23.73,20.91,22.75,21.56,23.11,23.71,22.45,24.2,24.53,24.05
219,15.8,15.06,17.2,14.8,15.55,17.08,15.08,16.37,15.55,16.56,17.06,16.12,17.43,17.67,17.31
220,15.99,13.81,24.82,13.57,15.41,24.48,15.21,20.56,15.73,26.18,28.11,16.46,24.98,25.21,24.87
221,16.16,13.0,24.08,11.97,14.6,23.95,15.48,20.37,16.02,27.51,37.01,15.13,24.23,24.48,24.13
222,17.32,14.53,24.25,13.62,15.97,24.11,16.59,20.96,17.14,26.95,34.86,16.55,24.42,24.7,24.31
223,17.61,14.96,24.05,14.09,16.36,23.9,16.86,20.98,17.45,26.48,33.69,16.91,24.24,24.51,24.11
224,23.04,21.93,25.06,21.59,22.7,24.88,22.02,23.88,22.7,24.54,24.86,23.45,25.4,25.74,25.22
225,25.55,24.29,27.74,23.91,25.19,27.53,24.46,26.45,25.25,27.13,27.51,25.97,28.11,28.49,27.91
226,26.27,25.0,28.52,24.64,25.91,28.29,25.13,27.2,25.93,27.87,28.29,26.71,28.91,29.27,28.7
227,26.19,24.92,28.4,24.56,25.85,28.2,25.13,27.12,25.93,27.76,28.17,26.63,28.82,29.15,28.59
228,26.24,24.97,28.46,24.66,25.88,28.26,25.13,27.17,25.93,27.79,28.23,26.68,28.9,29.24,28.67
229,21.91,20.91,23.92,20.65,21.52,23.73,20.81,22.73,21.48,23.32,23.64,22.34,24.29,24.55,24.1
230,23.34,22.26,25.46,21.96,22.91,25.26,22.09,24.2,22.85,24.82,25.16,23.8,25.85,26.09,25.62
231,23.68,22.54,25.73,22.21,23.24,25.52,22.46,24.52,23.23,25.13,25.5,24.08,26.11,26.29,25.9
232,25.81,24.54,28.02,24.18,25.38,27.79,24.54,26.67,25.33,27.33,27.76,26.21,28.42,28.75,28.2
233,26.94,25.64,29.22,25.3,26.52,28.98,25.59,27.82,26.41,28.56,29.04,27.42,29.65,29.94,29.41
234,25.73,24.54,27.97,24.19,25.28,27.74,24.36,26.55,25.15,27.31,27.76,26.21,28.37,28.6,28.14
235,21.7,19.83,26.17,19.23,20.81,25.98,20.53,23.8,21.21,27.04,30.98,21.64,26.49,26.68,26.3
236,25.15,23.93,27.33,23.56,24.7,27.11,23.78,25.94,24.59,26.66,27.11,25.62,27.72,27.95,27.5
237,21.29,20.32,23.25,20.03,20.91,23.06,20.11,22.01,20.77,22.66,23.0,21.76,23.61,23.79,23.4
238,21.34,20.32,23.25,20.01,20.93,23.06,20.13,22.05,20.83,22.64,22.97,21.76,23.61,23.77,23.4
239,23.63,22.54,25.73,22.21,23.22,25.52,22.33,24.4,23.05,25.06,25.43,24.1,26.13,26.27,25.9
240,23.75,22.6,25.76,22.3,23.35,25.55,22.51,24.47,23.23,25.08,25.48,24.19,26.15,26.25,25.92
241,25.71,24.49,27.99,24.14,25.28,27.73,24.33,26.54,25.14,27.18,27.58,26.21,28.44,28.54,28.16
242,25.81,24.63,28.17,24.3,25.35,27.92,24.35,26.65,25.13,27.33,27.69,26.39,28.66,28.78,28.38
243,20.53,19.6,22.35,19.38,20.12,22.15,19.29,21.14,19.96,21.72,21.99,20.97,22.72,22.82,22.49
244,21.9,20.96,23.88,20.73,21.55,23.67,20.68,22.54,21.33,23.71,23.5,22.39,24.28,24.4,24.04
245,22.46,21.46,24.46,21.24,22.19,24.24,21.33,23.15,22.02,24.29,24.08,22.95,24.83,24.94,24.61
246,22.42,21.42,24.44,21.18,22.13,24.24,21.24,23.13,21.97,24.27,24.06,22.91,24.83,24.88,24.61
247,22.46,21.46,24.46,21.26,22.22,24.24,21.35,23.15,22.06,23.84,24.08,22.97,24.85,24.9,24.61
248,22.5,21.48,24.46,21.28,22.24,24.23,21.36,23.19,22.12,23.83,24.12,22.99,24.85,24.9,24.61
249,22.57,21.55,24.51,21.35,22.31,24.28,21.41,23.24,22.17,23.86,24.15,23.04,24.88,24.93,24.66
250,27.35,26.06,29.64,25.85,27.06,29.37,25.97,28.16,26.89,28.86,29.21,27.92,30.13,30.21,29.83
251,25.01,23.76,26.95,23.56,24.72,26.73,23.77,25.7,24.63,26.26,26.6,25.45,27.39,27.44,27.14
252,23.84,22.69,25.74,22.53,23.59,25.5,22.69,24.5,23.51,25.06,25.39,24.31,26.19,26.18,25.9
253,25.24,24.05,27.3,23.87,24.99,27.05,24.04,25.96,24.91,26.55,26.88,25.76,27.75,27.74,27.47
254,26.3,25.01,28.37,24.83,26.04,28.11,25.08,27.03,25.99,27.59,27.93,26.79,28.84,28.78,28.55
255,22.59,21.52,24.45,21.37,22.32,24.23,21.45,23.24,22.23,23.79,24.05,23.06,24.88,24.83,24.61
256,24.34,23.19,26.35,23.05,24.03,26.11,23.04,25.01,23.9,25.63,25.94,24.84,26.78,26.75,26.52
257,25.46,24.29,27.62,24.11,25.22,27.37,24.18,26.19,25.08,26.87,27.19,26.02,28.1,28.12,27.8
258,22.04,20.92,23.9,20.72,21.8,23.66,20.95,22.69,21.74,23.19,23.47,22.47,24.32,24.25,24.05
259,32.51,24.09,27.58,23.86,25.31,27.33,-37.11,51.19,221.05,26.76,27.06,25.93,28.09,28.11,27.78
260,28.49,25.96,29.67,25.72,27.49,29.4,15.66,33.92,58.36,28.78,29.13,27.98,30.18,30.26,29.89
261,30.1,26.88,30.7,26.6,28.61,30.41,13.47,35.88,72.15,29.75,30.11,29.0,31.19,31.28,30.92
262,31.09,27.74,31.69,27.49,29.44,31.4,13.62,36.92,75.16,30.71,31.08,29.96,32.2,32.29,31.91
263,32.3,28.73,32.81,28.43,30.43,32.51,13.28,38.29,80.73,31.8,32.22,31.05,33.38,33.44,33.05
264,29.3,26.88,30.72,26.66,28.22,30.44,16.74,34.66,57.01,29.75,30.14,29.0,31.28,31.25,30.94
265,32.03,28.67,32.73,28.43,30.24,32.41,13.78,37.92,77.8,31.74,32.08,30.92,33.3,33.21,32.94
266,33.64,29.59,33.63,29.31,31.55,33.33,12.29,39.82,90.08,32.63,33.05,31.92,34.21,34.12,33.88
267,31.25,28.61,32.7,28.38,30.3,32.37,18.89,36.68,59.18,31.58,31.9,30.86,33.3,33.14,32.93
268,35.7,31.4,35.85,31.14,33.71,35.49,14.46,42.01,92.35,33.64,34.92,33.97,36.5,36.34,36.11
269,37.45,33.01,38.09,32.74,35.31,37.63,14.75,44.59,97.63,33.74,36.49,35.68,38.74,38.64,38.37
270,41.99,36.97,43.7,36.74,39.61,42.96,15.56,51.36,111.64,32.77,40.03,39.99,44.45,44.41,43.99
271,40.67,35.93,42.51,35.74,38.31,41.78,15.29,49.51,107.09,32.25,38.82,38.83,43.24,43.31,42.83
272,40.67,35.93,42.51,35.74,38.31,41.78,15.29,49.51,107.09,32.25,38.82,38.83,43.24,43.31,42.83
273,41.92,37.07,43.79,36.88,39.48,43.04,15.54,51.21,110.71,33.15,39.97,40.02,44.54,44.69,44.12
274,41.55,36.78,43.5,36.55,39.13,42.76,15.45,50.75,109.67,33.04,39.7,39.7,44.25,44.4,43.79
275,36.95,34.82,40.98,34.68,36.87,40.3,35.64,38.74,36.98,31.87,37.62,37.55,41.72,41.9,41.29
276,38.92,34.82,41.02,34.64,36.83,40.34,17.44,46.05,94.74,31.89,37.65,37.55,41.76,42.01,41.32
277,28.61,27.04,31.42,26.87,28.58,30.98,27.54,30.11,28.52,27.54,29.68,29.16,38.02,31.81,31.65
278,30.34,28.6,33.3,28.45,30.28,32.81,29.18,31.82,30.27,28.39,31.26,30.87,38.19,33.9,33.55
279,32.49,30.39,35.66,30.2,32.28,35.09,29.01,35.07,38.33,29.31,33.14,32.84,39.6,36.75,35.92
280,35.38,32.85,37.65,32.65,35.0,37.25,29.55,38.26,46.9,36.23,36.5,35.54,38.34,38.33,37.93
281,40.37,36.95,43.56,36.72,39.48,42.84,27.78,46.7,68.56,34.09,40.05,40.01,44.27,44.31,43.89
282,38.37,35.18,40.7,34.96,37.62,40.17,25.95,44.27,66.81,36.54,38.88,38.06,41.37,41.44,41.0
283,38.04,35.53,41.87,35.31,37.93,41.19,33.41,41.28,46.95,33.65,38.79,38.44,42.55,42.67,42.18
284,46.61,39.61,46.04,39.36,42.77,45.39,-1.39,64.22,170.82,39.91,43.64,42.94,46.75,46.79,46.38
285,43.51,39.02,45.07,38.94,41.92,44.46,24.06,50.19,94.72,39.02,42.73,42.17,45.76,45.76,45.4
286,44.66,39.92,45.41,39.84,42.77,44.92,23.09,51.13,101.92,43.72,44.34,43.19,46.07,46.16,45.71
287,43.06,38.81,45.02,38.73,41.22,44.38,23.91,48.86,92.45,38.94,42.61,41.94,45.71,45.75,45.31
288,43.59,39.93,45.41,39.85,42.45,44.96,33.04,45.55,72.22,43.72,44.35,43.15,46.11,46.12,45.75
289,48.34,43.33,49.21,43.29,46.52,48.71,26.8,54.91,104.88,47.41,48.13,46.88,49.87,49.87,49.52
290,45.83,41.21,46.96,41.12,43.94,46.49,24.45,52.28,101.18,45.17,45.81,44.58,47.68,47.64,47.3
291,47.65,42.94,49.07,42.77,45.56,48.54,25.6,54.3,103.57,47.16,47.78,46.45,49.82,49.78,49.38
292,35.99,34.02,38.91,33.91,35.95,38.48,34.55,37.08,35.75,37.36,37.85,36.76,39.55,39.54,39.19
293,40.86,38.62,44.3,38.5,40.78,43.81,39.22,42.14,40.59,42.42,42.98,41.74,45.02,45.25,44.61
294,42.13,39.27,44.96,39.19,41.47,44.51,36.14,43.77,55.53,43.13,43.66,42.44,45.74,45.81,45.32
295,52.21,46.5,53.1,46.36,49.63,52.57,25.55,59.4,123.83,51.03,51.7,50.26,53.86,54.06,53.48
296,46.98,42.19,50.18,42.06,45.07,49.27,25.26,54.7,103.57,36.62,45.44,45.64,50.9,51.03,50.55
297,49.25,43.99,50.22,43.8,46.99,49.72,25.03,56.15,113.21,48.22,48.9,47.63,50.95,51.09,50.59
298,46.66,41.73,49.43,41.6,44.84,48.55,24.64,54.53,104.77,36.44,44.95,45.19,50.1,50.36,49.8
299,49.73,44.45,50.6,44.35,47.39,50.05,25.13,56.56,114.21,48.58,49.36,48.03,51.34,51.61,50.97
300,47.15,43.33,49.34,43.29,45.93,48.84,36.3,49.21,75.73,47.41,48.13,46.73,50.05,50.36,49.69
301,49.17,44.11,50.22,44.07,46.85,49.72,24.98,55.95,112.03,48.21,48.99,47.58,50.95,51.27,50.59
302,47.89,43.21,49.33,43.17,45.8,48.84,25.64,54.5,103.95,47.37,48.13,46.61,50.04,50.41,49.69
303,46.68,42.2,50.2,42.16,44.65,49.3,24.49,54.39,102.75,36.75,45.51,45.52,50.92,51.28,50.57
304,47.39,42.16,48.09,42.07,44.95,47.6,21.79,54.3,115.41,46.17,46.91,45.51,48.65,49.13,48.39
305,44.43,41.88,47.68,41.79,44.48,47.2,42.79,45.64,44.31,45.77,46.51,45.17,48.33,48.67,48.03
306,44.39,42.01,47.82,41.92,44.48,47.34,42.7,45.52,44.04,45.87,46.56,45.22,48.51,48.82,48.16
307,42.93,40.54,46.24,40.5,42.89,45.73,41.17,44.02,42.47,44.35,45.03,43.68,46.91,138.95,46.53
308,39.09,36.95,46.0,36.91,39.2,40.55,37.72,38.94,38.82,42.61,41.93,39.51,46.89,138.92,46.52
309,42.65,40.44,46.12,40.4,42.65,45.62,40.94,43.78,42.16,44.2,44.91,43.53,46.79,47.0,46.41
310,42.06,39.88,46.15,39.83,42.02,44.81,40.37,42.96,41.56,43.97,44.44,42.87,46.89,47.03,46.52
311,38.15,36.18,45.8,36.14,38.3,39.43,36.92,37.82,38.01,42.12,41.22,38.58,46.71,46.76,46.31
312,40.41,38.2,49.76,38.16,40.45,41.36,38.99,39.65,40.17,45.32,43.91,40.68,50.77,60.5,50.41
313,33.71,31.75,50.06,31.71,33.81,31.55,32.73,30.33,33.78,42.64,38.44,33.11,51.36,60.48,51.06
314,40.55,38.15,50.01,38.11,40.55,41.16,39.17,39.61,40.43,45.43,43.94,40.72,50.93,60.58,50.64
315,41.79,39.31,51.11,39.27,41.75,42.49,40.29,40.9,41.63,46.59,45.23,42.07,52.03,60.55,51.78
316,39.74,37.42,48.78,37.27,39.67,40.52,38.24,38.93,39.47,44.43,43.1,40.01,49.65,60.53,49.38
317,36.87,34.89,47.77,34.75,36.73,37.27,35.29,35.53,36.41,42.77,40.68,37.13,48.79,81.26,48.44
318,33.33,31.39,49.31,31.19,33.17,31.52,32.0,30.2,33.09,42.17,38.1,32.88,50.67,81.21,50.31
319,32.19,30.34,48.96,30.12,32.13,30.15,31.06,28.85,32.08,41.51,37.15,31.65,50.35,81.19,49.96
320,31.77,29.74,50.18,29.49,31.71,28.84,30.73,27.76,31.78,41.96,36.99,30.93,51.65,65.49,51.28
321,33.92,31.84,49.26,31.58,33.85,32.27,32.73,30.93,33.82,42.42,38.59,33.45,50.67,65.51,50.31
322,40.16,37.74,50.06,37.5,40.08,40.74,38.71,39.12,40.0,45.41,43.72,40.28,51.17,142.47,50.81
323,40.34,37.98,50.08,37.7,40.26,41.16,38.85,39.45,40.14,45.52,43.95,40.53,51.18,142.51,50.81
324,42.59,40.1,54.1,39.85,42.51,43.07,41.05,41.28,42.38,48.77,46.69,42.73,55.26,163.99,54.95
325,41.7,39.23,52.31,38.98,41.7,42.22,40.28,40.54,41.58,47.36,45.55,41.88,53.45,81.44,53.07
326,49.13,46.17,65.62,45.88,48.94,48.6,47.13,46.55,48.76,56.08,54.65,49.0,67.2,80.22,66.81
327,49.13,46.17,65.62,45.88,48.89,48.6,47.07,46.55,48.69,56.08,54.74,48.96,67.25,80.17,66.81
328,41.13,38.37,50.54,38.17,40.47,41.41,35.99,40.51,52.22,43.92,44.42,40.93,51.58,60.47,51.25
329,46.69,42.89,58.81,42.75,45.37,45.33,36.09,45.72,76.15,52.88,50.28,45.49,60.05,60.49,59.76
330,46.69,42.89,58.81,42.75,45.37,45.33,36.09,45.72,76.15,52.88,50.28,45.49,60.05,60.49,59.76
331,46.69,42.89,58.81,42.75,45.37,45.33,36.09,45.72,76.15,52.88,50.28,45.49,60.05,60.49,59.76
332,46.69,42.89,58.81,42.75,45.37,45.33,36.09,45.72,76.15,52.88,50.28,45.49,60.05,60.49,59.76
333,42.28,40.0,150.69,39.96,42.07,12.93,40.33,10.75,41.65,105.32,69.67,33.97,158.69,159.13,157.75
334,33.44,31.67,83.22,31.58,33.38,21.4,31.97,19.72,33.02,62.27,46.62,30.12,87.01,87.07,86.49
335,17.38,16.43,86.05,16.36,17.36,-2.06,16.67,-2.97,17.24,40.71,34.28,11.83,91.11,91.24,90.49
336,18.56,17.56,85.23,17.5,18.54,-0.11,17.76,-1.11,18.36,40.7,35.04,13.25,90.17,90.29,89.56
337,17.4,16.4,82.07,16.33,17.4,-0.86,16.7,-1.73,17.28,38.36,33.31,12.18,89.55,86.93,86.27
338,20.93,19.34,82.24,19.24,20.56,3.45,17.24,3.19,30.54,56.31,35.85,15.64,90.18,86.93,86.26
339,23.45,22.12,82.62,22.0,23.45,7.52,22.48,6.34,23.24,57.71,38.29,18.86,90.34,87.16,86.47
340,26.42,24.9,82.48,24.71,26.34,11.79,25.18,10.46,26.03,58.85,40.67,22.19,86.93,86.75,86.14
341,34.53,31.43,83.11,31.23,33.38,21.33,24.37,21.91,63.82,61.95,46.28,29.89,87.11,86.92,86.37
342,33.7,31.49,83.22,31.26,33.61,21.06,30.61,20.83,38.13,62.02,46.35,29.87,129.97,147.06,86.5
343,33.21,31.27,82.84,31.04,33.18,20.95,31.76,19.64,32.82,61.71,46.11,29.59,90.09,146.76,86.07
344,33.21,31.27,82.84,31.04,33.18,20.95,31.76,19.64,32.82,61.71,46.11,29.59,90.09,146.76,86.07
345,33.21,31.27,82.84,31.04,33.18,20.95,31.76,19.64,32.82,61.71,46.11,29.59,90.09,146.76,86.07
346,34.54,31.42,83.25,31.12,33.37,21.06,24.34,21.91,63.49,62.02,46.27,29.75,87.21,147.16,86.5
347,33.43,31.44,83.29,31.18,33.39,21.06,31.96,19.75,33.04,62.08,46.36,29.78,87.21,147.19,86.54
348,33.22,31.34,83.16,31.08,33.19,21.04,31.73,19.63,32.77,61.96,46.23,29.68,87.14,147.12,86.4
349,33.13,31.19,83.18,30.87,33.09,20.79,31.64,19.43,32.71,61.92,46.12,29.46,87.16,144.69,86.43
350,33.31,31.33,83.21,31.04,33.31,21.05,31.85,19.67,32.96,62.02,46.27,29.67,87.18,144.7,86.45
351,36.17,33.54,83.55,33.23,35.7,24.28,30.93,23.75,48.21,63.14,48.22,32.27,87.36,144.84,86.67
352,30.31,28.32,84.23,28.0,30.16,16.24,27.94,15.36,33.81,61.3,43.95,26.03,88.28,148.24,87.74
353,40.57,36.86,84.89,36.41,39.31,28.84,27.71,30.82,76.57,65.35,51.36,36.12,88.35,148.13,87.87
354,23.55,21.9,138.3,21.67,23.33,-10.48,20.59,-10.4,30.28,90.09,51.39,13.14,146.64,179.75,145.68
355,45.62,41.22,97.56,40.75,43.91,31.41,24.51,37.5,103.0,74.65,58.07,39.93,101.69,160.67,101.05
356,30.03,28.06,93.63,27.77,29.66,12.92,25.83,5.39,39.09,66.71,46.01,24.62,98.36,157.6,97.74
357,30.32,28.57,97.06,28.22,30.35,12.9,29.02,5.07,30.01,68.58,46.96,25.02,101.54,160.69,100.91
358,17.13,16.15,523.9,15.97,17.27,-63.8,16.6,-81.47,17.18,72.8,17.97,18.98,188.9,205.37,194.31
359,63.33,55.35,682.78,54.78,59.53,-58.96,21.92,-3.54,190.65,122.12,61.47,59.47,258.97,257.07,265.97
360,100.14,88.28,741.62,87.38,94.12,-4.91,31.43,62.53,293.52,168.04,102.85,95.03,320.94,317.94,328.05
361,35.62,33.77,344.24,33.42,35.79,104.23,34.29,135.42,35.38,109.66,55.2,40.69,230.87,229.44,233.56
362,52.74,50.31,339.09,49.89,52.74,101.65,50.36,90.92,52.02,117.95,73.22,55.73,225.87,224.09,228.57
363,53.07,50.53,287.44,50.22,52.91,60.03,50.41,52.73,52.21,94.63,64.16,54.99,168.48,184.8,170.84
364,62.05,59.02,286.33,58.65,61.99,62.09,59.25,58.03,61.28,100.25,73.6,63.02,168.87,185.12,171.17
365,55.79,53.06,220.8,52.67,55.95,52.5,53.5,49.02,55.24,82.69,63.96,56.71,131.51,170.48,133.24
366,49.62,47.19,158.76,46.85,49.71,55.97,47.48,53.85,49.04,70.23,57.42,50.35,105.74,156.6,106.83
367,55.55,52.88,173.62,52.5,55.49,94.72,52.94,90.87,54.68,89.38,70.92,56.47,141.93,174.17,143.11
368,55.68,53.27,198.73,52.99,55.62,115.28,52.94,110.32,54.64,101.15,76.63,56.77,170.01,186.72,171.41
369,52.85,50.52,139.51,50.21,52.9,123.84,50.36,118.46,51.97,92.69,73.54,53.84,149.69,177.29,150.5
370,53.02,50.73,139.8,50.37,52.97,124.13,50.37,118.64,51.93,93.02,73.82,54.07,150.03,174.58,150.85
371,44.18,42.15,299.39,41.84,44.01,59.81,41.8,57.36,43.19,93.15,60.31,44.97,176.39,193.26,179.04
372,44.05,42.02,312.26,41.63,43.96,70.28,41.8,67.38,43.14,98.94,62.94,44.78,190.85,207.59,193.54
373,43.95,41.89,277.26,41.54,43.91,41.71,41.8,40.13,43.14,82.87,55.34,44.69,151.67,168.62,154.08
374,40.55,38.68,231.95,38.37,40.36,4.15,38.29,4.08,39.56,60.35,42.94,41.23,101.31,154.05,103.37
375,40.7,38.75,231.98,38.39,40.58,4.14,38.58,4.23,39.88,60.38,43.01,41.34,101.3,154.04,103.4
376,40.56,38.81,232.0,38.48,40.44,4.2,38.37,4.09,39.56,60.44,43.15,41.32,101.32,118.85,103.43
377,40.56,0.0,232.04,38.56,40.36,4.24,38.2,4.09,39.44,60.51,43.23,41.35,101.32,119.06,103.47
378,40.63,0.0,235.85,38.51,40.47,4.72,38.43,4.11,39.67,60.5,43.26,41.39,101.23,133.77,103.39
379,38.76,0.0,171.49,36.93,38.61,40.31,36.62,38.39,37.77,61.7,46.62,39.6,101.06,161.14,102.38
380,26.24,0.0,171.76,24.95,26.21,20.11,24.93,19.11,25.7,40.3,32.32,26.76,88.32,148.16,89.77
381,27.33,0.0,170.35,26.04,27.3,21.13,25.93,20.09,26.74,40.94,33.29,27.84,88.21,148.06,89.65
382,41.11,0.0,125.17,39.29,41.03,51.51,38.93,49.27,40.14,50.94,48.73,41.96,88.2,148.49,88.98
383,43.12,0.0,125.38,41.17,43.04,52.06,40.88,49.95,42.24,60.14,50.35,43.93,88.22,148.5,88.98
384,31.5,0.0,215.09,29.96,31.44,-3.0,29.93,-3.07,30.92,49.67,33.23,31.99,88.17,148.14,90.1
385,42.72,0.0,124.34,40.83,42.68,51.09,40.58,49.0,41.9,59.52,49.87,43.52,87.05,104.93,87.82
386,17.52,0.0,79.48,16.86,17.54,67.69,16.66,65.08,17.14,52.88,31.68,17.94,86.76,104.54,87.35
387,21.81,0.0,48.11,20.93,21.69,43.2,20.52,41.41,21.21,40.92,28.59,22.29,51.23,69.1,51.42
388,20.97,0.0,47.28,20.16,20.89,42.37,19.77,40.56,20.39,40.04,27.69,21.45,50.4,68.27,50.55
389,21.87,0.0,64.83,20.98,21.81,19.93,20.66,18.89,21.29,25.44,24.46,22.35,40.04,50.99,40.37
390,21.74,0.0,79.62,20.65,21.63,12.14,20.57,10.97,21.25,24.88,23.19,22.1,40.49,51.43,41.04
391,24.02,0.0,83.45,22.98,23.93,14.59,22.67,13.13,23.36,27.58,25.75,24.57,43.58,43.55,44.12
392,21.35,0.0,109.58,20.4,21.29,6.09,20.19,4.69,20.8,32.01,22.93,21.84,49.42,49.27,50.29
393,17.46,0.0,158.22,16.47,17.44,-8.65,16.65,-10.82,17.22,32.76,18.53,17.68,60.25,60.74,62.43
394,21.18,0.0,378.49,20.08,21.14,-46.32,20.17,-48.47,20.85,57.43,22.47,21.49,130.77,130.23,134.45
395,23.19,0.0,384.36,22.05,23.12,-44.88,22.03,-42.96,22.78,62.79,24.62,23.6,134.09,133.49,137.79
396,23.19,0.0,384.36,22.05,23.12,-44.88,22.03,-42.96,22.78,62.79,24.62,23.6,134.09,133.49,137.79
397,25.33,0.0,215.47,23.24,24.44,-10.76,17.97,-6.8,44.32,47.72,26.0,24.92,83.73,83.41,85.65
398,23.0,0.0,213.75,21.69,22.74,-12.43,20.45,-13.75,27.02,41.8,24.26,23.25,82.03,81.69,83.93
399,25.87,0.0,153.46,24.68,25.75,3.09,24.5,1.56,25.35,38.89,27.52,26.41,66.28,66.12,67.33
400,28.03,0.0,85.12,25.71,26.79,17.61,18.4,18.09,53.13,33.28,28.64,27.51,46.09,46.17,46.58
401,27.5,0.0,84.99,25.62,26.7,17.48,18.3,19.57,46.6,33.21,28.54,27.39,45.96,46.12,46.44
402,26.66,0.0,85.81,25.1,25.92,17.22,18.14,18.86,42.82,32.66,27.96,26.8,45.8,45.7,46.0
403,24.53,0.0,86.37,23.69,24.27,15.16,23.01,13.58,23.77,31.29,26.3,25.21,47.35,47.04,45.66
404,20.22,0.0,107.39,19.58,20.02,5.88,18.98,4.09,19.58,29.24,21.76,20.8,47.31,47.31,48.13
405,23.5,0.0,83.1,22.78,23.27,14.53,22.03,12.79,22.71,30.09,25.32,24.18,42.68,42.69,43.17
406,24.07,0.0,84.94,23.26,23.81,14.85,22.55,13.09,23.24,30.76,25.88,24.71,43.63,43.49,44.13
407,24.14,0.0,84.95,23.29,23.88,14.85,22.64,13.16,23.37,30.76,25.88,24.74,43.64,43.43,44.14
408,23.68,0.0,83.12,22.82,23.4,14.57,22.21,12.94,22.96,30.13,25.38,24.26,42.72,42.55,43.19
409,24.24,0.0,84.96,23.33,23.98,14.85,22.76,13.24,23.56,30.77,25.89,24.79,43.64,43.46,44.14
410,23.26,0.0,83.16,22.03,22.7,13.45,17.59,14.05,33.21,29.43,24.41,23.42,42.06,41.88,42.54
411,24.29,0.0,83.93,23.14,23.93,14.71,20.68,14.35,29.5,30.55,25.58,24.59,43.14,42.96,43.61
412,24.52,0.0,83.82,23.67,24.32,15.26,23.19,13.74,23.97,30.91,26.01,25.17,43.47,43.18,43.9
413,25.25,0.0,26.46,24.36,25.18,26.54,24.12,26.63,24.92,25.97,26.67,25.87,43.2,40.69,30.96
414,34.04,0.0,34.48,31.34,32.62,34.25,22.33,35.79,64.54,33.49,34.38,33.42,34.99,34.38,34.67
415,36.67,0.0,36.2,33.01,34.56,35.97,14.92,42.5,91.71,35.16,36.14,35.2,36.78,35.94,36.44
416,32.68,0.0,34.51,31.47,32.49,34.29,31.02,33.17,32.12,33.52,34.38,33.45,35.05,34.25,34.73
417,31.38,0.0,33.29,30.34,31.11,33.05,29.63,31.85,30.62,32.31,33.11,32.19,33.85,33.05,33.48
418,31.12,0.0,33.08,30.14,30.81,32.83,29.31,31.58,30.33,32.1,32.89,31.95,33.6,32.89,33.29
419,31.46,30.31,33.54,30.56,31.15,33.29,29.64,31.99,30.67,32.58,33.35,32.33,34.06,33.41,33.75
420,31.46,30.31,33.54,30.56,31.15,33.29,29.64,31.99,30.67,32.58,33.35,32.33,34.06,33.41,33.75
421,31.46,30.31,33.54,30.56,31.15,33.29,29.64,31.99,30.67,32.58,33.35,32.33,34.06,33.41,33.75
422,29.69,28.64,31.68,28.87,29.4,31.45,27.99,30.19,28.94,30.86,31.53,30.48,32.2,31.53,31.88
423,29.75,28.69,31.74,28.9,29.51,31.5,28.19,30.27,29.11,30.89,31.59,30.56,32.26,31.62,31.94
424,30.74,29.38,32.73,29.56,30.56,32.49,29.26,31.31,30.24,31.85,32.55,31.49,33.3,32.82,32.97
425,28.74,27.36,30.71,27.5,28.57,30.46,27.39,29.36,28.33,29.9,30.54,29.45,31.2,31.05,30.94
426,32.13,28.3,31.77,28.38,29.87,31.51,10.5,38.07,87.03,30.89,31.59,30.54,32.29,31.8,31.97
427,27.87,26.5,29.77,26.61,27.62,29.53,26.47,28.51,27.56,28.96,29.53,28.49,30.19,29.97,29.99
428,27.66,26.38,29.66,26.49,27.41,29.42,26.22,28.33,27.25,28.85,29.42,28.33,30.18,29.91,29.88
429,27.81,26.45,29.66,26.59,27.56,29.41,26.44,28.42,27.44,28.87,29.44,28.44,30.18,29.66,29.85
430,26.13,24.87,27.89,25.0,25.92,27.69,24.87,26.69,25.78,27.18,27.71,26.72,28.37,27.86,28.1
431,24.08,22.97,25.73,23.06,23.91,25.54,22.97,24.6,23.75,25.07,25.59,24.64,26.16,25.71,25.9
432,24.08,22.9,25.75,22.97,23.91,25.54,23.0,24.62,23.81,25.1,25.57,24.62,26.16,25.71,25.92
433,24.29,23.05,26.0,23.1,24.12,25.78,23.22,24.88,24.04,25.29,25.74,24.84,26.4,26.0,26.17
434,24.17,22.9,25.83,22.9,23.98,25.61,23.08,24.77,23.96,25.14,25.59,24.64,26.23,25.83,25.99
435,24.13,22.86,25.78,22.86,23.92,25.56,23.01,24.72,23.89,25.09,25.52,24.6,26.18,25.8,25.94
436,24.21,22.98,25.99,22.96,24.0,25.78,23.14,24.86,23.97,25.26,25.64,24.73,26.42,26.18,26.16
437,23.98,22.71,25.71,22.69,23.77,25.48,22.94,24.62,23.79,24.99,25.39,24.47,26.14,25.92,25.88
438,23.96,22.69,25.67,22.67,23.75,25.46,22.92,24.62,23.77,24.97,25.34,24.43,26.07,25.93,25.86
439,23.92,22.79,25.75,22.77,23.78,25.54,22.96,24.6,23.68,25.09,25.42,24.48,26.15,26.06,25.94
440,24.01,22.81,25.73,22.79,23.87,25.52,23.1,24.65,23.87,25.09,25.45,24.51,26.13,26.01,25.89
441,23.99,22.79,25.7,22.79,23.8,25.47,23.03,24.62,23.8,25.07,25.47,24.46,26.08,25.94,25.87
442,23.95,22.75,25.64,22.75,23.74,25.42,22.96,24.58,23.74,25.05,25.42,24.39,26.03,25.85,25.82
443,23.57,22.39,25.23,22.39,23.36,25.02,22.62,24.19,23.38,24.66,25.02,24.03,25.62,25.42,25.39
444,23.63,22.47,25.32,22.47,23.42,25.11,22.67,24.25,23.42,24.74,25.08,24.09,25.71,25.48,25.48
445,22.99,21.84,24.59,21.84,22.88,24.38,22.2,23.6,22.94,24.03,24.38,23.42,24.95,24.72,24.75
446,22.84,21.72,24.48,21.74,22.73,24.28,22.06,23.49,22.77,23.89,24.23,23.29,24.86,24.61,24.65
447,22.87,21.72,24.48,21.77,22.75,24.28,22.13,23.51,22.89,23.87,24.21,23.29,24.86,24.61,24.63
448,24.81,23.57,26.55,23.61,24.73,26.34,24.08,25.53,24.88,25.87,26.26,25.24,26.99,26.82,26.72
449,25.21,23.93,26.97,23.95,25.06,26.77,24.4,25.98,25.24,26.27,26.67,25.63,27.43,27.28,27.16
450,26.13,24.75,27.94,24.75,25.92,27.71,25.18,26.92,26.07,27.2,27.61,26.53,28.37,28.32,28.12
451,25.19,23.91,26.99,23.91,25.11,26.77,24.47,26.0,25.31,26.27,26.64,25.63,27.43,27.43,27.19
452,25.19,23.95,27.01,23.95,25.14,26.79,24.52,25.98,25.31,26.27,26.69,25.65,27.43,27.51,27.18
453,25.86,24.49,27.6,24.47,25.78,27.37,25.15,26.64,26.01,26.87,27.32,26.26,28.01,28.13,27.78
454,25.86,24.44,27.57,24.44,25.76,27.35,25.13,26.64,26.01,26.84,27.3,26.24,27.98,28.06,27.75
455,25.91,24.62,27.67,24.64,25.78,27.46,25.13,26.67,26.01,26.98,27.36,26.34,28.1,28.12,27.84
456,24.91,23.72,26.7,23.69,24.79,26.5,24.16,25.7,24.99,26.04,26.38,25.38,27.11,27.09,26.89
457,25.07,23.91,26.97,23.89,24.9,26.75,24.23,25.91,25.1,26.28,26.6,25.59,27.37,27.34,27.14
458,24.98,23.8,26.85,23.78,24.81,26.62,24.15,25.79,24.98,26.16,26.48,25.47,27.24,27.19,27.02
459,24.68,23.52,26.58,23.49,24.46,26.36,23.81,25.48,24.56,25.9,26.21,25.19,26.96,26.89,26.75
460,25.01,23.85,26.95,23.83,24.81,26.73,24.15,25.82,24.91,26.26,26.58,25.55,27.35,27.37,27.13
461,24.91,23.83,26.9,23.78,24.78,26.68,24.15,25.74,24.83,26.24,26.53,25.47,27.29,27.41,27.07
462,24.87,23.82,26.91,23.79,24.7,26.71,24.04,25.71,24.73,26.22,26.52,25.46,27.33,27.45,27.11
463,24.92,23.84,26.94,23.81,24.73,26.71,24.04,25.76,24.77,26.22,26.52,25.49,27.33,27.48,27.11
464,24.8,23.82,26.93,23.79,24.55,26.71,23.82,25.68,24.55,26.22,26.49,25.44,27.35,27.52,27.13
465,24.54,23.5,26.53,23.48,24.3,26.31,23.63,25.37,24.35,25.83,26.12,25.1,26.92,27.09,26.7
466,24.33,23.33,26.25,23.3,24.17,26.04,23.57,25.13,24.24,25.58,25.85,24.86,26.64,26.78,26.42
467,24.12,23.1,25.95,23.08,24.03,25.74,23.48,24.86,24.15,25.31,25.6,24.62,26.34,26.45,26.12
468,23.85,22.77,25.66,22.7,23.9,25.45,23.43,24.62,24.06,25.05,25.33,24.32,26.03,26.13,25.82
469,23.85,22.75,25.68,22.68,23.85,25.47,23.4,24.62,24.04,25.07,25.33,24.32,26.06,26.13,25.84
470,23.9,22.75,25.68,22.65,23.87,25.47,23.4,24.67,24.08,25.07,25.35,24.32,26.06,26.13,25.84
471,23.83,22.7,25.61,22.61,23.8,25.42,23.34,24.6,23.99,25.04,25.3,24.25,25.98,26.05,25.77
472,23.67,22.66,25.63,22.57,23.64,25.42,23.15,24.48,23.76,25.05,25.28,24.2,26.0,26.12,25.79
473,23.76,22.68,25.63,22.57,23.73,25.44,23.24,24.55,23.87,25.04,25.3,24.25,26.0,26.17,25.8
474,23.78,22.68,25.61,22.57,23.78,25.4,23.34,24.58,23.97,25.02,25.28,24.23,25.96,26.12,25.77
475,23.78,22.68,25.61,22.57,23.76,25.4,23.29,24.55,23.92,25.02,25.28,24.23,25.96,26.12,25.77
476,23.69,22.66,25.61,22.57,23.64,25.42,23.13,24.48,23.74,25.02,25.26,24.2,25.98,26.12,25.77
477,23.25,22.25,25.09,22.15,23.19,24.88,22.7,24.01,23.32,24.51,24.74,23.76,25.43,25.55,25.23
478,23.23,22.25,25.07,22.2,23.21,24.86,22.73,23.99,23.32,24.51,24.74,23.76,25.41,25.5,25.2
479,23.59,22.52,25.33,22.47,23.52,25.14,23.05,24.33,23.68,24.8,25.05,24.05,25.68,25.77,25.49
480,23.56,22.52,25.33,22.47,23.5,25.14,23.05,24.31,23.66,24.8,25.05,24.05,25.68,25.79,25.49
481,23.54,22.56,25.33,22.54,23.54,25.14,23.1,24.28,23.68,24.82,25.07,24.07,25.68,25.77,25.49
482,23.23,22.31,25.04,22.29,23.16,24.84,22.7,23.96,23.28,24.54,24.77,23.78,25.36,25.46,25.18
483,19.2,18.37,20.58,18.35,19.16,20.43,18.8,19.77,19.29,20.18,20.37,19.6,20.87,20.92,20.71
484,19.18,18.35,20.58,18.33,19.13,20.43,18.75,19.75,19.24,20.18,20.37,19.56,20.85,20.94,20.7
485,19.14,18.37,20.58,18.35,19.05,20.43,18.65,19.71,19.14,20.2,20.39,19.56,20.86,20.94,20.71
486,19.11,18.37,20.58,18.35,18.99,20.43,18.58,19.67,19.07,20.22,20.41,19.56,20.85,20.94,20.7
487,19.11,18.41,20.58,18.41,19.05,20.43,18.65,19.67,19.13,20.22,20.41,19.58,20.85,20.94,20.71
488,19.14,18.42,20.58,18.4,19.1,20.43,18.73,19.71,19.2,20.24,20.43,19.6,20.85,20.94,20.7
489,19.11,18.41,20.58,18.39,19.05,20.43,18.65,19.67,19.13,20.24,20.41,19.58,20.85,20.94,20.71
490,19.16,18.31,20.58,18.28,19.13,20.43,18.79,19.77,19.3,20.2,20.37,19.56,20.84,20.92,20.69
491,19.14,18.29,20.57,18.25,19.08,20.42,18.74,19.74,19.25,20.16,20.34,19.53,20.83,20.89,20.68
492,19.12,18.27,20.55,18.22,19.04,20.4,18.69,19.74,19.21,20.16,20.34,19.51,20.81,20.89,20.68
493,19.1,18.27,20.57,18.2,19.04,20.42,18.69,19.72,19.19,20.17,20.34,19.51,20.83,20.89,20.68
494,19.12,18.25,20.55,18.2,19.06,20.4,18.71,19.74,19.23,20.17,20.36,19.51,20.83,20.89,20.68
495,19.12,18.25,20.57,18.22,19.03,20.42,18.69,19.74,19.19,20.17,20.34,19.51,20.83,20.89,20.68
496,19.16,18.31,20.58,18.28,19.13,20.43,18.79,19.77,19.3,20.2,20.39,19.56,20.86,20.92,20.71
497,20.53,19.62,22.05,19.58,20.53,21.88,20.19,21.2,20.71,21.64,21.82,20.95,22.35,22.43,22.19
498,20.53,19.62,22.05,19.6,20.49,21.88,20.15,21.2,20.67,21.62,21.82,20.95,22.35,22.43,22.19
499,19.16,18.31,20.6,18.28,19.13,20.45,18.79,19.79,19.28,20.18,20.37,19.56,20.86,20.94,20.71
500,19.15,18.3,20.58,18.26,19.11,20.43,18.79,19.77,19.28,20.17,20.35,19.54,20.84,20.92,20.69
501,19.2,18.3,20.58,18.26,19.2,20.43,18.9,19.81,19.39,20.18,20.37,19.56,20.84,20.92,20.69
502,19.18,18.31,20.58,18.26,19.18,20.43,18.88,19.79,19.37,20.18,20.39,19.56,20.86,20.92,20.71
503,20.53,19.6,22.02,19.54,20.57,21.86,20.26,21.17,20.77,21.6,21.8,20.93,22.31,22.39,22.14
504,20.55,19.6,22.0,19.56,20.57,21.84,20.26,21.19,20.79,21.58,21.8,20.93,22.31,22.37,22.14
505,20.53,19.58,22.04,19.54,20.55,21.88,20.22,21.19,20.75,21.6,21.8,20.93,22.32,22.41,22.16
506,20.53,19.58,22.04,19.54,20.55,21.86,20.2,21.19,20.73,21.6,21.8,20.93,22.32,22.41,22.16
507,20.53,19.58,22.06,19.52,20.47,21.9,20.1,21.19,20.63,21.62,21.82,20.93,22.37,22.43,22.2
508,16.28,15.55,17.48,15.54,16.23,17.35,15.92,16.79,16.34,17.13,17.29,16.61,17.7,17.75,17.57
509,16.97,16.23,18.27,16.21,16.92,18.14,16.58,17.53,17.02,17.87,18.05,17.33,18.5,18.56,18.37
510,17.7,16.93,19.04,16.92,17.63,18.91,17.28,18.28,17.74,18.63,18.8,18.09,19.29,19.36,19.15
511,19.06,18.29,20.57,18.29,19.01,20.4,18.61,19.69,19.08,20.14,20.32,19.53,20.83,20.91,20.68
512,19.11,18.32,20.58,18.32,19.05,20.41,18.66,19.73,19.15,20.15,20.35,19.56,20.86,20.9,20.69
513,19.16,18.33,20.58,18.35,19.09,20.43,18.71,19.77,19.2,20.15,20.35,19.6,20.86,20.9,20.69
514,20.55,19.66,22.07,19.68,20.49,21.91,20.08,21.2,20.61,21.62,21.83,21.01,22.37,22.43,22.21
515,21.87,20.94,23.53,20.96,21.83,23.33,21.42,22.58,21.95,23.03,23.27,22.39,23.85,23.92,23.66
516,21.9,20.93,23.47,20.95,21.82,23.3,21.41,22.59,21.99,23.0,23.24,22.37,23.8,23.78,23.6
517,20.55,19.66,22.05,19.68,20.49,21.87,20.1,21.18,20.65,21.6,21.84,21.01,22.35,22.25,22.17
518,22.02,21.08,23.6,21.1,21.97,23.43,21.56,22.71,22.15,23.14,23.4,22.51,23.95,23.84,23.75
519,19.18,18.37,20.56,18.39,19.11,20.41,18.71,19.75,19.22,20.15,20.37,19.62,20.85,20.67,20.67
520,19.12,18.34,20.55,18.38,19.0,20.4,18.57,19.68,19.06,20.12,20.34,19.61,20.85,20.64,20.66
521,20.97,20.08,22.49,20.1,20.82,22.33,20.37,21.59,20.92,22.02,22.29,21.46,22.85,22.64,22.64
522,20.55,19.7,22.09,19.72,20.37,21.93,19.88,21.18,20.45,21.63,21.91,21.06,22.44,22.27,22.23
523,20.53,19.68,22.15,19.7,20.31,21.97,19.78,21.16,20.35,21.65,21.91,21.08,22.48,22.34,22.27
524,20.87,20.02,22.56,20.04,20.64,22.37,20.1,21.48,20.66,22.06,22.31,21.42,22.91,22.78,22.68
525,20.86,20.0,22.53,20.0,20.66,22.37,20.12,21.5,20.7,22.02,22.29,21.42,22.88,22.78,22.68
526,23.54,22.48,25.35,22.5,23.26,25.14,22.66,24.24,23.31,24.75,25.05,24.12,25.74,25.65,25.51
527,23.73,22.77,25.7,22.77,23.47,25.49,22.82,24.48,23.47,25.07,25.37,24.41,26.12,26.03,25.87
528,23.89,22.77,25.75,22.77,23.59,25.56,22.98,24.65,23.68,25.09,25.4,24.48,26.17,26.06,25.92
529,24.33,23.33,26.25,23.37,24.0,26.04,23.25,25.08,24.0,25.58,25.92,24.98,26.69,26.57,26.42
530,24.61,23.59,26.55,23.64,24.32,26.33,23.59,25.34,24.32,25.0,26.21,25.29,26.96,26.87,26.72
531,25.14,24.07,27.07,24.12,24.81,26.87,24.07,25.88,24.81,25.52,26.75,25.8,27.49,27.41,27.24
532,22.5,21.63,24.25,21.7,22.16,24.08,21.41,23.1,22.08,22.85,23.99,23.16,24.61,24.34,24.41
533,23.48,22.6,25.34,22.67,23.11,25.15,22.3,24.11,22.99,25.36,25.09,24.2,25.66,25.41,25.48
534,23.27,22.38,25.09,22.44,22.86,24.9,22.1,23.87,22.79,25.11,24.86,23.96,25.39,25.23,25.23
535,23.75,22.86,25.7,22.93,23.36,25.52,22.58,24.41,23.26,25.65,25.38,24.48,26.06,25.85,25.87
536,24.17,23.17,26.05,23.24,23.74,25.86,22.95,24.81,23.69,25.46,25.72,24.86,26.43,26.22,26.22
537,23.98,23.06,25.95,23.15,23.58,25.76,22.77,24.64,23.48,25.36,25.62,24.74,26.35,26.16,26.11
538,24.31,23.39,26.3,23.46,23.87,26.11,23.03,24.98,23.75,25.68,25.97,25.07,26.71,26.59,26.47
539,24.61,23.59,26.55,23.66,24.17,26.33,23.35,25.27,24.1,25.9,26.21,25.34,26.94,26.87,26.72
540,24.66,23.63,26.55,23.73,24.24,26.36,23.44,25.29,24.19,25.94,26.26,25.38,26.97,26.82,26.72
541,24.63,23.66,26.55,23.73,24.22,26.36,23.44,25.26,24.17,25.92,26.26,25.38,26.97,26.75,26.72
542,25.23,24.22,27.2,24.29,24.79,27.0,23.94,25.88,24.74,26.55,26.88,26.01,27.6,27.37,27.37
543,25.55,24.51,27.49,24.61,25.12,27.28,24.29,26.2,25.07,26.86,27.21,26.3,27.91,27.56,27.66
544,23.14,22.25,24.99,22.34,22.71,24.78,21.9,23.73,22.64,24.44,24.76,23.87,25.39,24.99,25.13
545,23.36,22.55,25.35,22.64,22.87,25.14,21.99,23.94,22.71,24.79,25.1,24.17,25.79,25.46,25.51
546,23.57,22.75,25.62,22.87,23.15,25.41,22.26,24.21,22.98,25.04,25.32,24.41,26.12,25.73,25.79
547,22.51,21.64,24.38,21.71,22.17,24.2,21.42,23.21,22.11,23.84,24.11,23.24,26.3,24.55,24.53
548,23.69,22.75,25.65,22.82,23.29,25.44,22.47,24.33,23.22,25.07,25.35,24.44,26.42,25.94,25.82
549,23.78,22.77,25.7,22.87,23.38,25.49,22.58,24.42,23.36,25.09,25.37,24.51,26.42,26.01,25.87
550,23.85,22.81,25.75,22.88,23.45,25.54,22.67,24.53,23.47,25.12,25.4,24.58,26.72,26.1,25.94
551,23.92,22.88,25.82,22.97,23.54,25.61,22.76,24.6,23.56,25.17,25.45,24.67,26.89,26.19,25.99
552,23.85,22.86,25.78,22.93,23.49,25.56,22.74,24.54,23.52,25.12,25.42,24.62,26.91,26.05,25.94
553,23.73,22.75,25.63,22.82,23.38,25.42,22.61,24.83,23.4,25.02,25.32,24.5,32.86,25.54,25.79
554,23.46,22.49,25.33,22.58,23.11,25.12,22.37,24.57,23.16,24.73,25.03,24.22,32.86,25.25,25.49
555,21.13,20.25,22.81,20.33,20.81,22.65,20.15,22.45,20.88,22.25,22.52,21.81,33.98,22.49,22.96
556,12.71,12.16,13.72,12.2,12.5,13.61,12.09,14.43,12.53,13.36,13.53,13.11,34.26,12.83,13.8
557,24.09,22.23,25.05,22.3,20.23,24.86,14.02,29.34,46.18,24.43,24.72,24.01,40.26,24.45,25.23
558,24.55,22.44,25.26,22.51,19.91,25.05,12.47,30.64,52.88,24.61,24.94,24.24,40.3,24.72,25.42
559,19.59,18.34,20.62,18.43,17.19,20.45,13.26,23.63,33.35,20.09,20.34,19.77,40.37,19.88,20.77
560,15.92,15.36,17.3,15.45,15.67,17.15,15.1,18.19,15.68,16.82,17.01,16.52,44.35,16.24,17.41
561,19.08,18.31,20.61,18.4,18.59,20.44,17.7,21.1,19.85,20.06,20.29,19.7,40.46,19.88,20.76
562,23.07,21.18,23.83,21.29,18.35,23.64,10.88,29.28,51.19,23.18,23.44,22.83,40.96,23.27,23.99
563,22.85,21.18,23.81,21.29,19.39,23.62,13.82,27.95,43.21,23.18,23.46,22.83,43.07,23.2,23.99
564,20.64,19.5,21.99,19.61,18.85,21.81,15.9,24.34,29.81,21.39,21.65,21.03,46.57,21.17,22.15
565,19.37,18.33,20.63,18.44,18.0,20.46,15.7,22.64,26.37,20.06,20.34,19.78,44.54,19.82,20.78
566,19.14,18.31,20.63,18.39,18.64,20.46,17.72,21.46,20.22,20.01,20.29,19.74,44.54,19.86,20.76
567,18.49,17.75,19.99,17.85,18.2,19.82,17.61,20.8,18.3,19.39,19.64,19.11,46.64,19.09,20.12
568,29.95,27.35,30.78,27.49,24.84,30.53,15.02,36.37,66.16,29.85,30.14,29.49,46.11,30.55,31.01
569,29.83,27.6,31.1,27.74,25.13,30.81,17.5,36.1,58.06,30.13,30.44,29.76,46.69,30.97,31.32
570,25.51,24.26,27.36,24.41,25.03,27.13,22.13,28.69,31.18,26.53,26.83,26.13,50.35,26.88,27.55
571,26.66,24.54,27.7,24.64,25.55,27.47,14.51,33.38,55.25,26.79,27.14,26.48,50.12,28.81,27.9
572,26.26,24.25,27.42,24.35,25.2,27.19,14.4,33.34,54.11,26.49,26.84,26.17,56.34,28.68,27.62
573,26.37,24.35,27.56,24.43,25.28,27.31,14.42,33.45,54.16,26.61,26.96,26.29,56.36,28.85,27.77
574,32.55,29.23,33.08,29.32,30.58,32.78,13.84,39.78,81.83,31.88,32.33,31.6,53.41,34.25,33.32
575,26.46,24.35,27.59,24.43,25.38,27.34,14.35,33.65,55.1,26.61,26.96,26.33,56.82,28.83,27.79
576,33.69,30.48,34.53,30.6,31.7,34.25,15.65,41.0,79.82,33.27,33.74,32.96,56.76,35.78,34.81
577,26.77,24.61,27.89,24.71,25.6,27.63,14.48,33.89,55.25,26.87,27.25,26.64,56.86,29.12,28.09
578,26.47,24.38,27.64,24.48,25.33,27.39,14.43,33.52,54.35,26.61,26.99,26.39,56.85,28.88,27.85
579,33.17,29.94,33.89,30.03,31.33,33.61,15.59,40.61,78.46,32.62,33.09,32.41,58.95,35.19,34.17
580,33.8,30.51,34.56,30.6,31.86,34.28,15.69,40.78,80.59,33.24,33.71,33.02,51.61,35.69,34.85
581,40.72,34.62,39.48,34.76,36.29,39.1,-7.31,58.52,165.81,35.96,37.95,37.5,51.87,40.66,39.82
582,38.86,34.68,39.22,34.83,36.25,38.9,14.9,46.84,102.96,37.65,38.18,37.5,52.11,40.35,39.5
583,42.3,37.78,43.38,37.94,39.45,42.92,15.47,51.48,113.29,37.66,41.06,40.85,51.42,44.52,43.77
584,41.0,38.24,43.28,38.4,39.66,42.92,28.06,47.08,69.6,41.55,42.1,41.31,51.39,44.43,43.59
585,46.71,41.97,47.5,42.19,43.52,47.07,17.84,55.95,121.53,45.6,46.2,45.38,51.28,48.6,47.84
586,38.45,34.64,39.23,34.82,35.96,38.88,16.63,45.49,95.31,37.63,38.13,37.42,51.47,44.07,39.56
587,39.64,35.74,40.48,35.92,37.1,40.11,17.74,46.58,96.46,38.82,39.34,38.6,51.43,44.52,40.81
588,44.93,40.36,45.72,40.53,42.03,45.3,20.07,51.88,111.13,43.85,44.39,43.6,51.29,46.87,46.05
589,46.76,41.93,47.5,42.1,44.0,47.07,20.41,55.31,115.63,45.51,46.07,45.38,51.64,48.56,47.84
590,43.67,39.34,44.61,39.51,41.21,44.2,21.97,50.79,100.87,42.66,43.23,42.62,56.65,45.84,44.93
591,54.54,48.67,55.19,48.87,50.88,54.69,19.26,66.35,144.2,52.78,53.48,52.73,55.95,68.81,55.64
592,47.89,42.93,48.64,43.15,44.79,48.2,19.76,56.68,119.84,46.56,47.22,46.51,49.79,79.13,48.99
593,43.89,40.24,45.63,40.45,41.57,45.21,27.26,48.22,86.24,43.72,44.3,43.51,50.82,79.08,45.96
594,48.07,42.8,48.44,43.02,44.56,47.95,19.76,55.0,125.23,46.41,47.11,46.32,50.74,82.52,48.75
595,48.79,43.72,49.48,43.99,45.38,49.03,21.49,55.69,121.44,47.41,48.17,47.32,51.15,89.18,49.84
596,54.71,44.93,50.71,45.16,46.92,50.24,-15.82,73.55,247.66,48.63,49.51,48.67,51.4,161.44,51.08
597,56.59,48.91,55.1,49.16,51.42,54.64,15.46,64.74,175.94,52.88,53.83,52.98,55.75,161.42,55.5
598,56.3,48.45,54.59,48.76,51.1,54.14,14.64,64.45,177.81,52.44,53.39,52.54,55.14,81.44,54.94
599,68.17,58.84,66.22,59.14,62.04,65.61,16.65,79.85,215.13,63.56,64.77,63.8,66.82,84.49,66.64
600,58.9,50.87,57.36,51.18,53.22,56.83,15.03,67.25,185.69,55.0,55.99,55.1,57.88,86.12,57.72
601,58.68,50.56,57.01,50.87,53.11,56.54,15.03,67.02,185.73,54.62,55.6,54.77,57.59,115.35,57.38
602,58.88,50.74,57.27,51.06,53.35,56.8,15.06,67.35,186.35,54.81,55.8,54.97,57.9,155.96,57.68
603,60.72,52.43,59.28,52.75,54.96,58.73,15.36,69.83,191.52,56.69,57.65,56.79,59.92,158.88,59.65
604,50.93,45.04,51.12,45.27,47.36,50.65,14.53,63.31,145.06,48.88,49.54,48.84,51.58,85.02,51.44
605,64.11,53.87,61.25,54.15,56.15,60.69,-6.85,83.29,256.98,58.64,59.36,58.42,61.97,143.32,61.64
606,65.16,56.19,63.83,56.36,59.26,63.19,16.14,76.07,207.88,61.17,61.86,60.99,64.58,144.8,64.24
607,65.16,56.19,63.83,56.36,59.26,63.19,16.14,76.07,207.88,61.17,61.86,60.99,64.58,144.8,64.24
608,69.35,59.69,67.88,59.81,63.32,67.26,16.92,81.89,221.76,64.98,65.72,64.8,68.55,179.4,68.31
609,65.14,56.36,64.2,56.54,59.15,63.63,16.08,75.99,206.69,61.47,62.11,61.18,64.96,244.91,64.67
610,83.23,72.07,82.02,72.22,76.22,81.28,19.23,100.64,263.71,78.53,79.42,78.23,82.91,312.1,82.61
611,91.05,78.64,89.52,78.89,83.59,88.71,20.6,111.23,288.13,85.7,86.75,85.54,90.41,315.81,90.09
612,91.4,79.06,89.9,79.31,83.78,89.08,20.77,111.52,288.29,85.98,87.12,85.82,90.87,315.82,90.55
613,91.75,79.54,90.68,79.78,83.96,89.79,20.77,111.87,288.32,86.58,87.73,86.34,91.66,231.87,91.26
614,91.65,79.44,90.57,79.69,83.86,89.68,20.69,111.76,288.09,88.59,87.62,86.23,91.55,322.49,91.15
615,68.89,59.58,67.99,59.76,62.58,67.31,16.76,80.93,217.7,67.01,65.65,64.61,68.78,322.25,68.42
616,59.86,51.63,58.98,51.74,54.19,58.39,15.21,68.85,190.45,58.29,56.9,55.99,59.61,231.85,59.34
617,50.32,44.44,50.81,44.54,46.69,50.35,13.59,62.96,146.35,44.71,48.94,48.2,51.47,229.27,51.18
618,53.07,45.19,51.67,45.28,47.62,51.16,9.71,61.63,181.76,45.48,49.71,49.1,52.37,229.3,52.04
619,64.31,55.25,63.05,55.36,58.67,62.49,16.06,75.29,206.58,56.36,60.78,60.03,63.85,229.45,63.51
620,74.81,63.96,72.94,64.09,68.65,72.22,17.96,89.47,240.23,69.37,70.3,69.64,73.73,203.02,73.41
621,91.75,79.13,90.41,79.3,83.87,89.51,20.85,111.93,288.52,85.99,87.06,86.07,91.46,235.49,90.97
622,67.5,58.2,66.61,58.32,61.44,65.95,16.58,79.36,214.65,63.36,64.15,63.24,67.39,235.25,67.02
623,67.5,58.2,66.61,58.32,61.44,65.95,16.58,79.36,214.65,63.36,64.15,63.24,67.39,235.25,67.02
624,61.89,53.82,61.75,53.93,55.98,61.14,15.44,71.64,195.43,58.75,59.36,58.36,62.58,246.21,62.19
625,92.21,80.26,92.02,80.42,84.23,91.11,20.78,112.59,288.26,87.55,88.62,87.21,93.26,320.48,92.68
626,64.59,55.87,64.05,55.98,58.58,63.42,16.01,75.38,204.68,61.0,61.75,60.65,64.86,239.15,64.51
627,91.53,79.72,91.48,79.88,83.75,90.58,20.62,111.85,286.89,87.04,88.11,86.55,92.64,241.97,92.14
628,88.09,75.92,86.91,76.0,80.63,86.12,17.75,108.41,285.2,82.74,83.92,82.51,87.92,173.37,87.53
629,59.64,53.85,61.35,53.9,57.23,60.79,37.96,65.82,118.95,58.46,59.29,58.46,61.96,136.8,61.74
630,56.9,48.68,55.5,48.73,51.28,54.95,12.18,65.96,190.37,52.89,53.54,52.79,56.15,138.64,55.85
631,60.01,51.7,59.0,51.81,53.99,58.41,12.69,70.07,198.61,56.17,56.81,55.96,59.74,157.2,59.42
632,64.15,55.25,63.11,55.37,57.93,62.48,13.45,75.79,212.03,59.97,60.6,59.8,63.9,157.29,63.56
633,88.12,76.14,86.97,76.3,80.46,86.19,17.66,108.32,287.03,82.73,83.52,82.57,88.07,164.03,87.67
634,68.13,58.78,67.13,58.84,61.62,66.53,14.14,81.21,224.24,63.92,64.47,63.68,67.92,157.33,67.61
635,88.8,77.01,87.96,77.16,80.82,87.08,17.68,108.95,287.05,89.61,84.71,83.51,88.83,156.55,88.51
636,89.14,77.4,88.49,77.47,80.99,87.61,17.76,109.29,287.22,90.12,85.13,83.93,89.36,158.72,89.04
637,89.23,77.63,88.84,77.71,81.0,87.96,17.76,109.39,287.16,90.54,85.55,84.19,89.71,158.7,89.39
638,83.8,72.97,83.43,73.04,75.9,82.68,16.78,101.91,269.65,79.89,80.57,79.14,84.25,165.21,84.02
639,89.66,78.27,89.64,78.34,81.25,88.83,17.76,109.84,287.03,85.77,86.42,84.8,90.61,177.13,90.2
640,90.18,78.92,90.46,78.99,81.6,89.66,17.77,110.3,287.06,86.64,87.22,85.42,91.44,155.41,91.11
641,65.94,58.07,66.69,58.13,59.75,66.09,21.01,74.88,194.77,63.88,64.36,62.8,67.47,150.37,67.17
642,72.71,63.25,72.7,63.25,65.21,71.92,14.75,86.62,231.17,69.58,70.16,68.47,73.49,158.28,73.16
643,90.27,78.59,90.43,78.5,81.51,89.46,17.85,110.36,284.12,86.45,87.1,85.24,91.4,158.84,90.99
644,163.99,139.65,167.93,139.37,141.79,157.19,30.48,187.64,528.63,157.69,156.73,151.61,170.03,230.13,169.39
645,120.3,104.87,133.13,104.76,102.19,115.48,23.07,138.53,364.98,122.54,119.29,112.62,135.35,229.57,134.7
646,87.1,76.23,103.54,76.23,78.59,81.23,17.98,101.39,268.3,93.17,88.31,80.99,105.52,229.0,105.15
647,86.53,80.35,103.64,80.43,82.42,87.46,61.51,90.29,143.03,95.25,91.95,85.91,105.31,170.81,104.98
648,87.82,79.91,103.02,79.91,81.64,87.03,47.83,92.9,191.37,94.65,91.42,85.29,104.68,229.14,104.26
649,72.47,67.09,85.86,67.16,68.82,73.15,48.35,76.66,129.23,79.04,76.64,71.65,87.29,159.38,86.94
650,72.33,66.7,85.72,66.76,68.9,72.45,48.72,76.4,129.58,107.67,76.29,71.26,87.03,228.92,86.75
651,81.25,77.65,88.85,77.65,79.98,88.05,77.57,83.5,80.48,114.17,86.14,83.97,89.65,158.8,89.41
652,20.63,19.59,612.62,19.59,20.35,68.73,19.81,32.3,20.57,162.01,39.34,29.72,328.09,327.3,333.65
653,43.64,40.36,714.33,40.36,42.23,-31.51,30.8,-43.4,72.03,110.22,50.28,46.86,297.98,297.03,305.11
654,51.99,46.78,681.48,46.73,49.05,-58.11,29.72,-62.32,109.95,99.31,51.85,52.27,261.17,278.18,268.2
655,44.54,40.53,869.41,40.48,42.15,100.78,28.41,39.09,86.97,176.07,62.59,58.66,460.54,459.44,468.27
656,52.31,70.34,906.16,47.41,49.27,126.78,29.72,104.9,109.88,241.71,86.85,60.75,507.74,506.39,516.24
657,46.12,64.92,949.43,42.08,43.6,172.36,28.6,102.1,91.97,250.82,64.22,69.34,540.87,539.69,548.47
658,115.29,102.85,572.82,103.06,105.18,96.33,40.45,92.75,307.45,182.14,123.47,113.95,309.76,312.8,320.03
659,115.29,102.85,572.82,103.06,105.18,96.33,40.45,92.75,307.45,182.14,123.47,113.95,309.76,312.8,320.03
660,287.37,263.77,4171.35,264.31,262.96,1480.6,218.11,634.21,402.9,1964.16,683.15,347.99,4197.49,4338.62,4351.75
661,125.7,120.7,3192.07,120.95,122.92,1301.12,118.43,589.41,124.14,1482.66,420.93,207.28,3124.58,3215.22,3215.43
662,246.36,238.51,3529.13,239.0,239.0,709.78,234.6,109.51,238.02,1524.95,584.53,263.33,4764.91,4639.68,4114.37
663,1404.34,1274.8,2946.65,1277.41,1281.55,1718.47,1100.08,1383.16,1623.24,1968.32,1548.98,1415.88,5130.14,4834.22,3565.14
664,224.22,216.66,3689.9,217.55,219.55,1437.7,216.67,614.01,219.11,1762.07,548.24,315.55,3589.02,3588.52,3583.1
665,109.99,106.18,1659.83,106.61,108.36,970.71,104.87,552.71,108.25,636.31,117.95,237.58,1282.9,1336.61,1340.55
666,96.4,93.24,1200.98,93.62,93.91,645.47,90.08,385.54,93.24,469.68,108.91,178.4,934.91,935.39,939.15
667,32.03,30.89,913.38,31.01,31.3,189.21,30.19,70.26,31.24,258.16,34.28,68.14,520.33,519.69,526.5
668,3.17,-174.98,1028.43,3.07,3.12,237.55,3.02,-66.9,3.12,-999.87,20.98,41.33,620.17,619.14,627.45
669,-24.33,-201.49,1247.93,-23.6,-23.77,436.46,-22.93,19.09,-23.7,-932.16,-20.72,48.22,832.54,831.68,838.91
670,900.81,691.55,1186.19,874.01,876.75,956.24,842.82,719.78,872.3,-253.59,969.49,937.42,1068.74,1071.02,1072.71
671,120.93,116.5,1085.8,117.09,117.69,443.48,113.15,260.55,117.22,358.79,129.06,178.94,750.34,750.08,755.59
672,179.31,172.06,817.53,172.77,174.35,147.77,168.0,134.19,174.18,276.3,207.86,185.48,458.24,457.58,465.56
673,119.15,115.02,703.35,115.49,115.97,94.56,111.48,84.03,115.25,209.32,144.79,123.99,378.67,1553.9,385.13
674,89.23,85.79,773.6,86.15,87.12,41.14,84.21,32.05,86.94,190.76,112.3,92.49,378.09,377.69,385.63
675,86.01,82.7,780.79,83.04,83.9,35.68,81.01,26.7,83.72,188.46,108.89,89.15,378.04,377.52,385.7
676,120.81,116.62,700.3,117.22,117.09,96.99,112.44,86.4,116.5,213.29,146.3,125.59,378.56,1571.71,384.99
677,4.32,4.15,243.43,4.18,4.19,9.46,4.03,9.29,4.18,47.58,16.22,4.48,123.11,2533.5,125.57
678,3.22,3.1,241.74,3.11,3.13,8.83,3.03,8.76,3.13,46.56,15.16,3.34,122.17,227.7,124.61
679,3.22,3.08,357.34,3.1,3.13,12.23,3.03,12.26,3.13,67.82,21.02,3.33,180.44,2590.61,184.07
680,20.11,19.3,286.98,19.4,19.58,47.46,18.9,47.38,19.58,76.67,38.89,20.84,171.13,539.0,173.86
681,3.22,3.1,268.76,3.12,3.13,29.35,3.02,30.18,3.13,59.1,21.05,3.34,152.83,274.22,155.52
682,3.19,3.06,242.07,3.08,3.12,9.12,3.02,9.09,3.13,46.69,15.2,3.3,122.69,219.34,124.97
683,3.2,3.07,212.82,3.08,3.12,7.96,3.03,7.89,3.13,41.2,13.65,3.31,107.66,161.52,109.66
684,3.19,3.06,212.34,3.08,3.12,8.18,3.03,8.12,3.13,41.19,13.67,3.3,107.63,161.39,109.63
685,3.19,3.06,218.52,3.08,3.12,-8.77,3.02,-9.58,3.12,35.77,10.07,3.3,95.93,168.61,98.02
686,3.19,3.07,218.43,3.08,3.11,-8.83,3.02,-9.66,3.11,35.73,10.06,3.3,95.83,113.49,97.92
687,3.2,3.08,189.43,3.1,3.12,7.17,3.03,7.07,3.11,36.88,12.46,3.32,95.78,113.48,97.56
688,3.22,3.11,189.49,3.13,3.13,7.14,3.02,7.02,3.11,36.89,12.48,3.35,95.77,156.12,97.55
689,3.23,3.12,189.48,3.14,3.14,7.15,3.03,7.02,3.11,36.9,12.49,3.36,95.77,156.1,97.55
690,1.7,1.64,189.97,1.65,1.65,6.07,1.59,6.5,1.63,35.91,11.15,1.77,95.6,113.23,97.42
691,3.26,3.17,242.71,3.19,3.16,8.34,3.03,8.76,3.11,46.59,15.23,3.41,122.23,166.72,124.55
692,3.28,3.19,145.43,3.2,3.16,5.6,3.03,5.71,3.12,28.75,10.3,3.43,73.26,133.58,74.64
693,3.29,3.19,213.01,3.2,3.16,-13.89,3.03,-14.76,3.13,32.84,8.79,3.43,88.51,135.16,90.58
694,4.39,4.26,138.54,4.28,4.22,1.83,4.04,1.58,4.17,26.6,9.98,4.59,66.24,126.62,67.55
695,5.5,5.35,127.77,5.37,5.29,6.38,5.05,6.21,5.21,27.01,11.43,5.76,64.65,82.51,65.83
696,5.51,5.34,130.21,5.37,5.29,4.89,5.05,4.65,5.24,26.85,11.19,5.76,64.51,82.36,65.72
697,7.83,7.43,130.62,7.46,7.4,7.61,5.44,8.11,11.92,28.95,13.5,8.03,66.27,126.75,67.47
698,13.02,12.59,110.36,12.65,12.56,9.94,12.03,9.01,12.49,28.76,17.29,13.61,56.59,121.56,57.55
699,13.23,12.81,108.45,12.88,12.79,10.03,12.24,9.07,12.66,28.59,17.4,13.85,55.66,121.56,56.61
700,13.07,12.63,112.88,12.7,12.64,10.04,12.11,9.11,12.52,29.26,17.46,13.66,57.87,75.98,58.84
701,13.87,13.4,105.7,13.46,13.46,10.29,12.88,9.29,13.36,28.49,17.81,14.49,54.37,72.44,55.26
702,16.59,15.75,138.39,15.81,15.86,-5.13,12.71,-5.87,22.57,28.93,17.51,17.06,54.79,54.8,56.03
703,22.92,21.33,106.34,21.42,21.44,14.59,11.28,17.64,46.72,33.76,25.1,23.08,54.9,55.0,55.7
704,17.35,16.47,107.16,16.55,16.59,11.89,12.82,12.27,24.85,30.58,20.65,17.8,54.82,54.83,55.69
705,14.7,14.18,106.77,14.25,14.25,10.61,13.63,9.64,14.13,28.97,18.51,15.33,54.39,54.38,55.3
706,13.87,13.4,109.1,13.47,13.43,10.22,12.82,9.31,13.26,28.86,17.91,14.48,55.45,55.39,56.4
707,14.65,14.18,106.73,14.25,14.15,10.58,13.47,9.57,13.94,28.97,18.5,15.29,54.36,54.29,55.27
708,14.65,14.18,106.73,14.25,14.15,10.58,13.47,9.57,13.94,28.97,18.5,15.29,54.36,54.29,55.27
709,14.65,14.18,106.73,14.25,14.15,10.58,13.47,9.57,13.94,28.97,18.5,15.29,54.36,54.29,55.27
710,27.64,13.64,106.23,13.68,1.08,10.31,-97.2,45.0,271.12,28.55,18.01,14.73,54.08,53.95,54.99
711,24.78,18.57,99.58,18.61,18.74,12.89,-30.31,33.86,135.3,30.71,22.27,20.06,51.31,51.18,52.05
712,31.94,21.96,54.95,22.03,18.63,41.61,-52.14,72.25,252.14,35.9,29.68,23.77,54.3,54.21,54.5
713,35.88,31.51,51.95,31.61,32.39,47.54,8.53,56.85,104.39,42.04,38.45,34.11,54.41,54.32,54.42
714,35.59,32.12,93.01,32.18,33.01,25.44,10.26,35.04,94.13,40.54,35.52,34.73,53.74,53.63,54.19
715,31.87,25.1,58.96,25.18,21.93,50.85,-30.26,76.98,185.52,41.54,34.38,27.14,63.16,63.04,63.32
716,18.61,16.52,49.75,17.07,17.3,41.71,6.38,47.23,46.14,32.17,25.41,18.34,53.88,53.74,54.07
717,27.19,23.97,89.96,24.58,22.99,21.0,7.14,27.66,72.24,34.17,28.17,26.41,51.36,51.21,51.89
718,19.81,17.7,95.06,18.27,18.45,22.96,7.51,27.33,47.32,32.98,23.88,19.57,57.95,57.73,58.6
719,19.77,18.08,92.86,18.15,18.43,21.32,7.51,26.1,47.32,32.46,23.39,19.51,55.48,55.26,56.11
720,15.22,14.01,90.9,14.05,14.29,18.7,6.73,22.12,34.19,29.23,19.47,15.1,53.81,53.57,54.48
721,9.57,9.2,91.68,9.24,9.34,15.57,9.03,17.56,9.39,28.86,17.66,5.9,55.41,55.17,56.16
722,9.62,9.25,143.58,9.26,9.39,-14.48,9.08,-16.1,9.44,23.37,10.26,9.96,50.78,50.48,52.09
723,7.47,7.19,86.56,7.21,7.3,11.48,7.07,13.23,7.34,25.62,14.57,4.19,49.91,49.71,50.64
724,14.99,14.07,97.31,14.1,14.33,21.13,9.99,24.94,25.26,34.76,23.08,11.12,61.12,61.07,61.86
725,34.95,32.39,36.83,32.46,33.03,36.56,18.99,41.82,69.58,35.53,35.79,34.89,37.32,37.56,37.09
726,32.6,30.27,34.51,30.3,30.55,34.2,18.63,38.6,62.01,33.23,33.41,32.61,35.0,35.1,34.72
727,31.81,30.57,34.88,30.64,30.79,34.59,28.53,33.51,34.16,33.62,33.74,32.87,35.44,35.47,35.13
728,36.94,34.7,39.52,34.77,35.09,39.19,23.62,42.75,63.4,38.16,38.3,37.3,40.12,40.12,39.76
729,44.75,41.21,46.85,41.29,41.93,46.47,20.68,54.99,96.82,45.24,45.49,44.31,47.52,47.48,47.19
730,45.11,41.25,46.93,41.29,42.09,46.51,17.64,56.9,106.23,45.28,45.49,44.35,47.57,47.57,47.23
731,32.71,30.59,34.94,30.66,30.94,34.62,19.67,38.43,59.3,33.68,33.77,32.89,35.47,35.38,35.19
732,30.4,29.5,33.77,29.56,29.4,33.47,28.24,31.59,29.24,32.56,32.56,31.68,34.35,34.19,34.01
733,30.19,29.29,33.56,29.32,29.17,33.26,28.02,31.36,28.99,32.33,32.33,31.42,34.1,34.01,33.8
734,31.52,29.42,33.75,29.45,29.69,33.42,18.39,37.22,57.98,32.81,32.48,31.63,34.26,34.26,33.99
735,35.49,32.21,36.89,32.21,30.4,36.52,13.49,44.12,82.84,35.82,35.59,34.63,37.39,37.52,37.12
736,38.56,36.32,41.7,36.32,36.69,41.29,26.42,44.14,61.85,40.38,40.28,39.01,139.52,73.75,42.0
737,33.06,31.91,36.74,31.91,31.88,36.38,29.53,34.96,34.94,34.09,35.33,34.24,48.57,51.66,37.04
738,34.13,32.25,38.92,32.25,32.45,38.43,25.6,38.85,47.82,34.95,35.5,34.9,39.53,50.18,39.19
739,33.62,31.94,36.71,31.98,32.08,36.31,25.51,37.35,46.88,34.05,35.3,34.21,37.33,37.66,36.97
740,36.82,34.69,39.83,34.69,34.91,39.4,25.26,41.99,57.99,38.19,38.37,37.16,42.49,40.92,40.12
741,36.61,34.16,39.13,34.2,34.59,38.74,23.28,42.5,62.64,37.58,37.83,36.63,41.85,47.63,39.41
742,38.66,36.2,41.77,36.24,36.57,41.31,25.17,44.78,64.53,38.48,39.9,38.81,43.93,50.58,42.07
743,36.47,35.38,41.72,35.38,35.05,41.07,33.63,38.51,34.82,33.82,38.38,37.85,43.93,50.54,42.04
744,31.72,29.39,56.8,29.39,30.21,53.5,29.25,44.63,30.3,-24.75,34.63,33.27,57.57,57.93,57.31
745,32.93,31.9,38.58,31.93,31.55,38.02,30.26,35.22,31.26,32.23,36.18,34.28,41.42,39.59,38.86
746,32.61,31.58,38.24,31.62,31.27,37.66,30.03,34.91,31.02,32.14,35.92,33.95,41.2,39.24,38.52
747,33.1,32.04,37.56,32.04,31.75,37.02,30.55,34.86,31.63,31.79,35.04,34.25,40.69,38.57,37.84
748,36.72,35.37,41.72,35.37,35.41,41.1,34.28,38.81,35.45,33.61,38.43,37.85,43.95,43.03,42.04
749,41.27,39.72,47.18,39.68,39.84,46.41,38.61,43.87,39.97,35.94,42.87,42.5,48.26,52.47,47.58
750,44.44,42.94,51.13,42.89,42.89,50.26,41.48,47.32,42.81,37.73,46.22,45.9,51.84,52.52,51.52
751,42.2,40.9,48.54,40.9,40.64,47.74,39.21,44.84,40.48,36.45,44.05,43.63,49.29,52.41,48.92
752,42.02,40.76,48.41,40.76,40.47,47.61,39.0,44.68,40.26,36.42,43.92,43.48,49.17,50.46,48.79
753,36.52,35.43,41.77,35.43,35.14,41.21,33.86,38.65,34.96,33.37,38.45,37.8,42.37,43.0,42.04
754,35.74,34.64,40.76,34.64,34.46,40.22,33.28,37.81,34.35,32.94,37.61,36.95,42.55,49.44,41.02
755,33.85,32.67,38.3,32.67,32.6,37.77,31.52,35.71,32.57,31.94,35.6,34.92,40.52,39.38,38.59
756,34.08,32.93,38.63,32.93,32.83,38.09,31.75,35.97,32.79,32.06,35.84,35.2,40.83,39.72,38.92
757,34.11,33.02,38.67,33.02,32.85,38.13,31.77,36.0,32.78,32.1,35.9,35.23,40.69,39.74,38.96
758,34.3,33.21,38.9,33.21,33.04,38.36,31.95,36.18,32.97,32.21,36.09,35.43,40.83,39.95,39.2
759,34.17,33.12,38.8,33.08,32.91,38.25,31.82,36.08,32.84,32.15,36.02,35.33,40.81,39.81,39.09
760,30.21,29.39,34.22,29.39,28.94,33.8,27.79,31.74,28.7,30.12,32.29,31.36,36.99,35.17,34.48
761,19.95,17.47,33.29,17.47,18.74,32.6,18.36,26.73,19.03,31.17,35.11,21.21,35.93,33.97,33.38
762,19.08,16.38,34.03,16.34,17.92,33.25,17.66,26.77,18.3,31.01,35.22,20.32,34.31,34.52,34.12
763,29.22,28.47,33.12,28.44,27.97,32.71,26.89,30.7,27.73,29.56,31.38,30.31,35.82,34.04,33.37
764,29.23,28.44,33.02,28.41,27.97,32.61,26.86,30.63,27.74,29.6,31.37,30.28,35.76,33.91,33.27
765,29.26,28.44,32.99,28.41,28.06,32.57,27.03,30.69,27.91,29.59,31.37,30.28,35.71,33.88,33.23
766,29.22,28.46,33.12,28.43,28.02,32.69,26.93,30.71,27.81,29.48,31.36,30.3,33.65,34.0,33.36
767,29.16,28.4,33.01,28.37,27.94,32.62,26.85,30.64,27.75,29.46,31.34,30.24,33.57,33.87,33.25
768,27.92,27.16,31.46,27.16,26.8,31.11,25.76,29.28,26.6,28.85,30.1,28.92,32.0,32.25,31.69
769,25.46,24.32,31.48,24.29,24.3,31.06,23.44,28.17,24.2,29.47,31.41,26.53,31.97,32.2,31.67
770,25.25,23.89,32.27,23.84,24.06,31.82,23.27,28.52,24.04,30.1,32.55,26.32,32.71,32.95,32.46
771,25.14,23.8,32.28,23.75,24.03,31.82,23.25,28.5,24.01,30.0,32.57,26.24,32.71,32.93,32.46
772,25.23,24.04,31.51,23.99,24.09,31.06,23.27,28.11,24.03,29.63,31.62,26.3,31.94,32.19,31.69
773,25.31,24.56,28.94,24.48,24.2,28.62,23.23,26.74,24.05,28.07,28.42,26.27,29.39,29.76,29.14
774,25.31,24.14,31.01,24.06,24.11,30.61,23.25,27.87,24.03,29.33,30.99,26.32,31.45,31.75,31.2
775,25.69,25.0,28.73,24.92,24.56,28.44,23.55,26.81,24.37,27.73,27.9,26.62,29.19,29.55,28.93
776,25.69,25.02,28.75,24.94,24.61,28.47,23.63,26.8,24.4,27.75,27.93,26.64,29.22,29.58,28.96
777,25.68,24.94,28.63,24.81,24.55,28.35,23.6,26.76,24.42,27.63,27.84,26.58,29.09,29.45,28.84
778,25.36,24.65,28.32,24.52,24.24,28.05,23.27,26.46,24.1,27.34,27.51,26.27,28.78,29.14,28.53
779,25.28,24.62,28.29,24.49,24.22,28.01,23.25,26.37,23.99,27.33,27.48,26.24,28.75,29.1,28.5
780,25.27,24.59,28.25,24.43,24.18,27.97,23.25,26.33,24.01,27.29,27.47,26.2,28.71,29.04,28.46
781,25.25,24.54,28.2,24.39,24.19,27.92,23.25,26.33,24.04,27.24,27.39,26.15,28.63,28.96,28.38
782,25.27,24.59,28.25,24.46,24.18,27.97,23.25,26.33,24.01,27.29,27.47,26.2,28.71,29.01,28.46
783,25.19,24.49,28.11,24.36,24.13,27.84,23.23,26.25,24.01,27.18,27.33,26.1,28.54,28.87,28.32
784,25.19,24.46,28.14,24.34,24.16,27.86,23.25,26.27,24.01,27.21,27.36,26.1,28.57,28.9,28.32
785,25.22,24.4,28.58,24.25,24.14,28.29,23.25,26.54,24.04,27.8,28.05,26.14,29.03,29.36,28.78
786,21.88,20.48,28.3,20.35,20.84,27.94,20.21,24.93,20.9,28.44,29.5,22.77,28.64,28.91,28.44
787,25.28,24.5,28.45,24.35,24.19,28.16,23.23,26.47,24.04,27.59,27.85,26.17,28.9,29.2,28.65
788,25.26,24.47,28.45,24.32,24.19,28.16,23.25,26.47,24.06,27.59,27.83,26.17,28.88,29.2,28.62
789,25.26,24.47,28.42,24.35,24.16,28.14,23.23,26.47,24.04,27.57,27.83,26.17,28.88,29.18,28.62
790,25.22,24.46,28.3,24.31,24.15,28.01,23.23,26.36,24.01,27.45,27.66,26.13,28.75,29.03,28.5
791,21.83,20.44,28.34,20.32,20.82,28.0,20.21,24.92,20.88,28.48,29.58,22.76,28.7,28.93,28.49
792,21.86,20.48,28.28,20.36,20.84,27.94,20.21,24.9,20.88,28.39,29.48,22.79,28.64,28.87,28.42
793,21.96,20.65,27.91,20.52,20.89,27.59,20.22,24.73,20.94,27.92,28.9,22.85,28.28,28.51,28.06
794,21.83,20.45,28.5,20.33,20.81,28.15,20.19,25.01,20.88,28.69,29.83,22.79,28.85,29.11,28.64
795,21.86,20.5,28.3,20.4,20.87,27.96,20.21,24.91,20.9,28.44,29.54,22.81,28.66,28.89,28.44
796,21.88,20.43,28.54,20.3,20.84,28.19,20.19,25.03,20.91,28.74,29.91,22.8,28.87,29.04,28.68
797,25.24,24.06,30.35,23.91,24.1,30.03,23.22,27.47,24.04,30.02,30.77,26.21,30.79,30.96,30.54
798,21.81,19.91,31.14,19.78,20.72,30.72,20.17,26.43,20.9,32.01,33.78,22.79,31.48,31.66,31.27
799,25.12,23.93,30.31,23.79,24.06,29.97,23.25,27.42,24.02,30.03,30.8,26.08,30.72,30.97,30.47
800,28.27,27.42,31.48,27.25,27.11,31.17,26.06,29.4,26.94,30.5,30.78,29.25,31.96,32.22,31.71
801,28.36,27.42,31.49,27.28,27.2,31.18,26.17,29.49,27.08,30.5,30.82,29.32,31.97,32.23,31.69
802,29.07,28.12,32.29,27.97,27.92,31.97,26.87,30.24,27.82,31.28,31.57,30.06,32.78,33.08,32.49
803,29.05,28.12,32.29,27.97,27.89,32.0,26.81,30.18,27.71,31.31,31.57,30.06,32.78,33.08,32.52
804,29.05,28.15,32.29,27.97,27.92,31.97,26.84,30.18,27.74,31.28,31.57,30.06,32.78,33.05,32.49
805,29.05,28.15,32.26,27.97,27.92,31.97,26.84,30.18,27.71,31.28,31.57,30.06,32.78,32.99,32.49
806,29.1,28.17,32.29,28.03,27.97,31.97,26.9,30.2,27.8,31.33,31.6,30.09,32.78,32.99,32.49
807,28.99,28.15,32.29,28.03,27.89,32.0,26.78,30.15,27.65,31.33,31.54,30.06,32.78,32.93,32.49
808,17.28,14.94,31.75,12.7,14.98,31.53,16.33,24.85,16.98,44.77,60.09,18.02,31.86,31.89,31.7
809,22.05,20.74,28.67,19.92,20.74,28.44,20.7,25.27,21.42,32.42,37.82,22.84,29.01,29.03,28.79
810,26.37,24.8,32.33,24.13,25.25,32.09,24.53,29.18,25.41,32.84,37.16,27.2,32.77,32.85,32.51
811,28.86,27.69,32.41,27.49,27.75,32.13,26.81,30.25,27.76,31.68,32.94,29.74,32.87,33.01,32.61
812,26.82,25.45,32.34,24.94,25.77,32.03,25.02,29.35,25.86,30.87,35.42,27.7,32.8,32.93,32.53
813,29.43,28.41,32.38,28.35,28.38,32.09,27.44,30.48,28.35,31.3,31.79,30.36,32.9,33.02,32.61
814,29.12,28.1,32.37,28.04,28.01,32.03,27.02,30.36,28.02,29.75,31.28,30.07,32.9,33.07,32.61
815,30.4,29.34,33.95,29.28,29.25,33.57,28.21,31.78,29.23,30.27,32.53,31.4,34.47,34.68,34.2
816,30.91,29.39,34.01,29.29,29.45,33.63,24.23,34.12,40.72,30.48,32.6,31.51,34.54,34.72,34.23
817,35.46,30.56,34.91,30.44,27.02,34.59,-0.87,46.2,119.41,33.71,34.21,32.77,35.44,35.57,35.13
818,32.75,30.69,35.08,30.62,30.85,34.76,20.39,38.07,55.91,33.88,34.32,32.9,35.65,35.78,35.33
819,31.49,29.72,33.99,29.65,29.59,33.69,20.16,36.26,51.46,32.83,33.23,31.82,34.54,34.57,34.24
820,31.57,29.11,33.27,29.05,27.9,32.97,13.58,38.66,67.54,32.1,32.49,31.2,33.81,33.72,33.51
821,31.27,29.11,33.3,29.05,28.62,33.0,16.04,37.54,61.01,32.13,32.49,31.17,33.87,33.72,33.54
822,32.18,29.65,33.96,29.62,29.22,33.62,16.2,38.69,64.4,32.68,33.07,31.85,34.48,34.42,34.17
823,33.21,30.43,34.81,30.4,28.96,34.47,13.83,40.67,72.25,33.53,33.94,32.65,35.38,35.25,35.06
824,33.38,32.16,36.68,32.16,32.29,36.35,31.16,34.61,32.31,35.36,35.79,34.47,37.28,37.25,36.95
825,32.83,30.75,35.08,30.72,30.91,34.76,20.43,38.08,56.17,33.82,34.26,32.96,35.68,35.65,35.33
826,44.8,41.0,46.95,41.0,37.73,46.49,18.22,54.54,97.45,45.18,45.73,44.0,47.75,47.75,47.29
827,31.77,30.67,35.05,30.67,30.7,34.74,29.57,32.94,30.6,33.76,34.17,32.87,35.68,35.71,35.3
828,30.78,29.66,33.95,29.66,29.57,33.62,27.48,32.26,31.78,32.68,33.07,31.79,34.54,34.53,34.2
829,44.9,41.74,47.67,41.7,38.09,47.24,26.57,51.19,78.09,46.0,46.64,44.79,48.49,48.44,48.01
830,43.95,41.41,47.33,41.33,41.58,46.86,29.73,49.95,69.1,45.76,46.36,44.39,48.06,48.1,47.63
831,44.17,41.19,47.04,41.11,40.53,46.57,26.44,51.23,77.71,45.43,45.98,44.2,47.8,47.63,47.37
832,33.9,32.22,36.65,32.19,32.25,36.32,24.73,37.75,49.02,35.43,35.82,34.47,39.11,36.98,36.91
833,34.4,32.5,36.9,32.47,32.31,36.53,20.61,39.99,59.71,35.6,36.04,34.7,39.29,37.27,37.17
834,31.46,30.67,34.81,30.67,30.36,34.5,29.06,32.52,30.12,33.59,33.93,32.71,37.58,35.25,35.06
835,30.56,29.83,33.86,29.86,29.53,33.53,28.24,31.58,29.22,32.67,33.0,31.81,36.85,34.32,34.1
836,30.68,29.86,33.89,29.86,29.61,33.59,28.36,31.7,29.37,32.67,33.04,31.84,36.85,48.22,34.14
837,30.69,29.77,33.89,29.8,29.68,33.59,28.49,31.76,29.49,32.67,33.0,31.81,36.85,48.28,34.16
838,30.27,29.36,33.39,29.36,29.33,33.06,28.22,31.32,29.18,32.16,32.49,31.35,36.59,47.77,33.66
839,30.71,29.86,33.86,29.89,29.77,33.56,28.6,31.75,29.61,32.61,32.97,31.84,36.97,48.31,34.14
840,30.97,29.88,33.93,29.91,29.88,33.62,27.52,32.51,33.03,32.64,33.04,31.93,37.0,48.38,34.2
841,39.02,36.76,41.74,36.76,37.03,41.36,25.63,44.66,64.23,40.19,40.65,39.36,43.43,56.35,42.04
842,34.53,33.46,38.03,33.46,33.43,37.65,32.12,35.67,33.28,36.62,37.03,35.79,40.37,85.04,38.3
843,35.01,34.1,38.71,34.1,33.93,38.36,32.49,36.2,33.63,37.31,37.73,36.4,40.92,85.77,39.02
844,49.86,44.97,50.97,44.97,41.69,50.51,16.71,60.47,122.68,49.12,49.77,48.15,51.8,51.84,51.34
845,48.56,0.0,51.07,45.07,43.34,50.57,26.41,57.07,92.89,49.09,49.78,48.21,51.81,52.04,51.4
846,56.05,0.0,57.1,50.63,47.04,56.58,17.67,67.45,143.37,54.93,55.7,54.05,57.6,58.34,57.51
847,49.07,0.0,52.77,45.02,41.31,51.92,16.56,62.18,117.74,38.81,47.7,48.0,53.41,53.82,53.17
848,47.21,0.0,51.02,44.24,42.48,50.31,26.19,55.92,89.25,42.61,47.63,47.18,51.73,52.03,51.35
849,45.95,0.0,50.84,43.98,43.76,50.13,31.65,52.63,71.79,42.3,47.28,46.85,51.58,51.74,51.21
850,45.49,0.0,50.82,43.25,42.55,49.96,29.17,53.14,76.09,37.67,45.83,46.12,51.52,51.81,51.19
851,45.55,0.0,50.87,43.25,42.58,50.01,29.14,53.23,76.38,37.64,45.83,46.07,51.53,51.91,51.25
852,50.45,0.0,50.97,43.4,39.46,50.12,-13.67,73.07,200.49,37.86,46.06,46.23,51.8,52.06,51.35
853,50.35,0.0,51.15,45.27,41.98,50.69,15.18,61.19,130.52,49.06,49.76,48.37,51.75,52.21,51.52
854,45.78,0.0,51.17,43.6,43.55,50.31,31.49,52.77,71.75,37.97,46.27,46.49,51.91,52.22,51.5
855,46.16,0.0,51.17,43.61,42.37,50.35,27.67,54.41,81.69,37.83,46.2,46.55,51.91,52.13,51.55
856,45.73,0.0,47.68,42.1,38.0,47.21,15.91,56.01,107.58,45.75,46.18,44.89,48.46,48.67,48.02
857,45.68,42.08,47.77,42.17,38.32,47.3,17.52,55.86,103.57,45.87,46.34,45.01,48.45,48.71,48.07
858,42.32,40.37,47.71,40.44,40.16,46.9,28.01,49.2,68.08,34.91,42.94,43.09,48.44,48.65,48.02
859,43.59,41.18,47.86,41.26,39.95,47.23,25.48,51.18,77.49,39.45,44.42,44.0,48.6,48.98,48.21
860,44.54,42.09,47.77,42.17,41.3,47.34,27.33,51.36,77.01,45.84,46.35,44.97,48.51,48.9,48.12
861,46.51,43.77,49.77,43.85,41.95,49.28,25.93,54.31,85.53,47.67,48.2,46.76,50.44,50.9,50.08
862,47.35,44.31,50.26,44.44,42.67,49.8,26.18,55.48,89.07,48.26,48.85,47.44,50.89,51.4,50.62
863,68.13,62.28,73.88,62.54,58.69,72.61,19.72,88.21,170.89,51.36,65.74,66.69,73.94,75.53,74.37
864,104.19,94.39,114.45,94.67,87.85,112.05,25.78,134.87,277.56,65.17,97.46,101.05,113.6,116.78,115.22
865,99.45,90.34,109.51,90.61,84.5,107.23,25.01,128.51,263.49,63.01,93.39,96.71,108.86,111.93,110.34
866,98.51,90.46,109.69,90.73,86.59,107.4,34.8,123.98,237.74,62.93,93.49,96.85,109.04,111.93,110.43
867,68.74,63.33,75.97,63.53,59.49,74.52,29.76,82.57,153.32,47.91,66.01,67.81,75.98,77.52,76.47
868,43.11,40.64,47.79,40.76,40.02,47.07,26.33,50.72,75.45,35.05,43.1,43.51,48.46,52.99,48.15
869,42.17,40.22,47.55,40.34,40.1,46.8,27.95,49.03,68.02,34.8,42.66,43.06,48.29,56.12,47.9
870,40.9,40.12,47.51,40.24,39.59,46.75,37.53,43.21,38.74,34.74,42.55,42.91,48.31,56.03,47.86
871,42.0,40.24,47.65,40.37,40.08,46.85,29.37,48.24,63.78,34.69,42.66,43.09,48.34,56.04,48.0
872,42.38,40.33,47.76,40.45,40.33,46.95,28.19,49.29,68.34,34.74,42.79,43.22,48.44,60.88,48.11
873,41.31,40.32,47.61,40.49,39.95,46.81,37.92,43.52,39.19,34.71,42.71,43.13,48.35,60.91,47.96
874,41.25,40.35,47.61,40.55,39.93,46.81,37.87,43.41,39.07,34.9,42.79,43.15,48.31,60.91,47.96
875,41.44,40.57,47.75,40.74,40.11,46.95,38.0,43.56,39.2,35.06,43.07,43.31,48.44,60.96,48.1
876,41.36,40.49,47.75,40.7,40.12,46.95,38.05,43.52,39.21,35.02,43.03,43.27,48.45,60.92,48.06
877,41.46,40.51,47.75,40.72,40.22,46.95,38.23,43.64,39.39,34.87,42.94,43.29,48.45,69.9,48.11
878,41.54,40.5,47.76,40.63,40.34,46.96,38.35,43.74,39.55,34.97,42.92,43.32,48.41,69.86,48.07
879,41.58,40.46,47.76,40.59,40.38,46.96,37.7,44.31,41.84,34.97,42.92,43.32,48.41,123.64,48.07
880,41.59,40.34,47.61,40.47,40.14,46.81,36.12,44.6,44.71,34.86,42.79,43.15,48.35,102.69,47.96
881,42.02,0.0,47.61,40.43,40.11,46.77,30.15,47.64,60.85,34.82,42.75,43.11,48.31,60.92,47.96
882,41.79,0.0,47.61,40.29,39.88,46.77,30.3,47.25,59.28,34.8,42.6,43.0,48.34,91.87,47.96
883,41.01,0.0,47.57,40.27,39.77,46.68,37.6,43.21,38.75,34.64,42.55,42.94,48.3,60.92,47.92
884,40.95,0.0,47.47,40.21,39.67,46.63,37.5,43.13,38.65,34.75,42.6,42.87,48.2,60.91,47.82
885,41.02,0.0,47.51,40.24,39.75,46.67,37.58,43.2,38.73,34.77,42.64,42.87,48.24,60.92,47.86
886,41.38,0.0,47.68,40.39,40.18,46.83,38.08,43.54,39.27,34.68,42.76,43.11,48.37,60.93,48.03
887,43.23,0.0,49.72,42.07,42.03,48.81,38.92,46.36,44.39,34.73,44.38,44.95,50.33,78.51,50.09
888,44.7,0.0,50.1,42.37,42.59,49.19,30.19,51.52,70.43,34.91,44.69,45.41,50.66,84.67,50.47
889,41.71,0.0,47.79,40.51,40.47,46.94,37.71,44.34,41.63,33.94,42.81,43.37,48.52,79.96,48.15
890,41.49,0.0,47.82,40.58,40.29,46.96,38.05,41.16,39.17,32.33,42.87,43.31,48.58,79.92,48.21
891,41.33,0.0,47.72,40.46,40.17,46.86,37.9,41.03,39.01,32.27,42.79,43.14,48.49,79.92,48.07
892,41.49,0.0,47.72,40.49,40.33,46.87,38.14,41.16,39.3,32.27,42.71,43.18,48.49,63.69,48.07
893,41.77,0.0,47.75,40.52,40.65,46.89,38.62,40.84,39.78,31.64,42.81,43.3,48.48,63.74,48.1
894,41.68,0.0,47.72,40.56,40.52,46.83,38.45,40.74,39.57,31.8,42.83,43.33,48.49,95.87,48.07
895,41.72,0.0,47.86,40.68,40.56,46.97,38.4,40.79,39.56,31.81,42.91,43.42,48.58,78.48,48.21
896,43.17,0.0,49.66,42.19,41.97,48.73,39.74,45.36,40.9,35.6,44.33,44.98,50.34,97.26,50.07
897,41.62,0.0,47.82,40.67,40.42,46.92,38.26,43.69,39.43,34.62,42.75,43.36,48.55,97.23,48.21
898,41.49,0.0,47.81,40.62,40.33,46.93,38.18,43.62,39.29,34.74,42.71,43.26,55.38,97.27,48.17
899,41.69,0.0,47.82,40.65,40.52,46.93,38.45,43.82,39.61,34.78,42.79,43.34,55.41,78.52,48.21
900,41.54,0.0,47.71,40.5,40.38,46.78,38.28,43.68,39.43,34.54,42.62,43.19,48.48,95.86,48.06
901,41.17,0.0,47.45,40.22,40.02,46.53,37.93,43.33,38.99,34.42,42.37,42.89,48.26,95.86,47.85
902,30.62,0.0,46.86,29.89,29.83,31.45,28.3,29.15,29.13,30.02,34.03,30.95,48.13,61.04,47.8
903,-380.56,-368.5,575.62,-371.15,-375.29,-718.7,-359.46,-645.88,-370.74,-191.42,-299.46,-427.78,724.04,722.45,750.25
904,-14.33,-13.86,679.59,-13.96,-14.16,-68.54,-13.59,-69.64,-13.97,84.33,4.51,-14.77,264.42,263.22,271.38
905,-10.27,-9.78,597.61,-9.85,-10.14,-144.25,-9.8,-140.55,-10.1,25.28,-7.06,-14.16,264.41,262.68,272.19
906,-10.15,-9.79,729.55,-9.83,-10.04,-24.26,-9.63,-30.04,-9.91,35.56,5.01,-10.48,317.94,316.56,325.07
907,-10.28,-9.91,255.77,-9.95,-10.18,141.37,-9.78,140.46,-10.06,30.21,26.37,-10.62,241.1,240.54,243.44
908,9.16,0.0,210.4,8.84,9.04,110.64,8.68,108.85,8.94,33.44,33.94,9.43,187.86,204.53,189.56
909,5.29,0.0,211.81,5.11,5.24,165.85,5.04,164.41,5.19,36.43,41.38,5.45,236.65,235.95,238.32
910,-19.73,-18.99,233.65,-19.12,-19.67,176.96,-19.03,177.3,-19.59,38.31,27.74,-20.29,264.45,263.88,266.65
911,-10.31,-9.92,220.45,-9.98,-10.3,168.91,-9.97,168.53,-10.24,35.14,31.64,-10.6,248.37,247.8,250.32
912,5.23,5.01,214.0,5.02,5.21,167.53,5.04,166.12,5.17,36.92,41.75,5.37,239.11,238.39,240.8
913,5.3,5.09,149.85,5.1,5.24,117.67,5.04,116.93,5.19,34.53,32.16,5.45,167.37,184.19,168.55
914,5.31,-2.07,88.02,5.13,5.25,69.55,5.04,62.84,5.18,40.86,25.3,5.48,98.46,115.45,99.15
915,-10.25,-17.08,146.88,-9.88,-10.19,111.59,-9.83,106.34,-10.08,60.08,26.79,-10.57,166.67,183.63,168.1
916,-14.11,-20.71,203.91,-13.5,-14.06,154.94,-13.58,150.42,-13.94,84.78,37.29,-14.5,231.37,230.78,233.35
917,5.22,4.97,87.9,4.96,5.2,69.44,5.04,69.97,5.18,44.1,25.18,5.34,98.32,150.51,99.02
918,2.69,2.56,85.22,2.56,2.68,65.73,2.6,67.37,2.67,41.45,22.62,2.75,98.46,112.48,96.26
919,-1.03,-0.98,95.81,-0.98,-1.03,72.89,-1.0,75.0,-1.03,44.42,22.19,-1.05,107.95,139.92,108.77
920,5.17,-8.99,79.91,4.88,5.17,62.28,5.02,49.77,5.16,26.38,23.31,5.27,89.28,108.44,89.89
921,2.41,-11.6,84.92,2.27,2.42,65.43,2.36,53.2,2.42,27.25,22.31,2.45,96.93,112.22,95.95
922,5.12,-9.04,79.68,4.83,5.14,62.09,5.01,49.59,5.13,26.24,23.21,5.22,89.04,105.39,89.64
923,4.16,-2.46,79.57,3.91,4.18,61.77,4.09,56.84,4.19,33.16,22.4,4.23,89.03,88.81,89.65
924,5.11,-1.55,79.59,4.83,5.14,62.02,5.02,57.03,5.14,33.68,23.16,5.2,88.94,92.14,89.54
925,5.07,-1.59,78.43,4.79,5.11,61.12,5.0,56.12,5.13,33.11,22.85,5.17,87.64,90.97,88.23
926,5.07,4.8,77.04,4.8,5.11,60.06,4.99,61.42,5.12,38.84,22.51,5.17,86.08,85.91,86.66
927,5.14,4.86,59.08,4.86,5.15,46.37,5.01,47.32,5.15,30.45,18.25,5.24,65.85,80.44,66.29
928,9.69,9.18,59.57,9.14,9.72,47.87,9.46,48.55,9.71,33.09,21.98,9.88,65.84,80.53,66.22
929,6.84,6.5,71.16,6.47,6.87,56.01,6.69,57.11,6.86,37.04,22.51,6.98,79.22,79.11,79.74
930,15.36,14.62,45.21,14.55,15.41,38.5,14.95,38.24,15.33,29.4,23.09,15.71,55.4,96.99,49.1
931,5.19,4.94,70.74,4.92,5.19,55.74,5.04,56.34,5.16,35.91,21.08,5.31,80.1,96.33,79.38
932,12.8,12.21,51.54,12.18,12.77,42.78,12.37,42.69,12.67,31.03,22.59,13.12,61.53,71.62,56.62
933,14.64,13.96,46.81,13.9,14.56,39.58,14.1,39.33,14.48,29.81,22.96,15.01,50.77,64.43,51.01
934,5.25,5.01,54.97,4.99,5.22,43.61,5.04,43.99,5.17,28.58,17.39,5.39,61.07,60.99,61.52
935,12.78,7.68,51.35,-9.27,12.68,42.64,12.24,42.51,12.56,30.98,22.6,10.88,56.08,56.12,56.39
936,5.28,1.97,50.57,-9.54,5.23,40.23,5.04,40.54,5.18,26.55,16.38,3.91,56.13,56.04,56.52
937,5.3,1.99,50.59,-9.54,5.24,40.25,5.05,40.55,5.18,26.58,16.41,3.93,56.14,56.06,56.54
938,13.83,8.5,48.51,-9.23,13.66,40.72,13.12,40.43,13.49,30.27,22.84,11.92,52.76,55.87,53.03
939,14.59,9.09,44.6,-9.21,14.39,37.9,13.8,37.51,14.21,28.86,22.52,12.63,48.28,55.86,48.49
940,8.48,4.4,47.28,-9.44,8.38,38.47,8.07,38.54,8.3,26.75,18.18,6.89,52.05,60.98,52.37
941,8.5,8.12,43.78,8.07,8.39,35.78,8.07,35.81,8.3,25.11,17.35,8.74,48.11,57.13,48.4
942,10.68,5.95,46.37,-9.72,10.51,37.05,10.09,38.38,10.4,27.56,19.72,8.84,50.98,55.85,51.26
943,10.63,5.98,50.67,-9.38,10.48,40.18,10.08,41.76,10.39,29.55,20.71,8.82,55.8,55.86,56.15
944,8.52,8.12,50.46,8.07,8.4,39.45,8.07,41.22,8.31,28.34,19.0,8.75,55.85,55.85,56.22
945,14.65,13.96,44.32,13.88,14.41,36.65,13.8,37.46,14.23,28.77,22.47,15.05,48.1,48.22,48.35
946,8.53,4.41,91.26,-9.38,8.39,69.43,8.07,73.35,8.32,47.53,28.76,6.88,101.89,101.77,102.64
947,6.06,2.52,88.58,-9.49,5.98,66.76,5.77,70.82,5.95,44.94,26.13,4.58,99.2,99.01,99.95
948,5.28,5.01,74.84,4.98,5.22,56.45,5.04,59.87,5.2,38.06,22.22,5.4,83.79,83.63,84.42
949,10.52,10.01,56.96,9.95,10.36,44.78,9.95,46.72,10.28,32.47,22.16,10.78,62.94,62.9,63.34
950,0.35,0.33,82.46,0.32,0.34,60.69,0.33,64.98,0.34,39.01,20.1,0.36,93.04,92.77,93.8
951,5.3,1.96,63.3,-9.49,5.23,47.98,5.04,50.79,5.21,32.63,19.46,3.88,70.77,70.62,71.28
952,8.48,4.39,50.84,-9.38,8.38,39.72,8.06,41.52,8.32,28.49,19.07,6.84,56.29,56.21,56.64
953,9.66,5.27,46.14,-9.37,9.52,36.6,9.16,38.02,9.46,26.93,18.91,7.93,50.83,50.77,51.13
954,8.46,8.03,45.91,7.96,8.36,36.19,8.05,37.7,8.3,26.2,17.88,8.65,50.81,94.94,51.12
955,8.48,8.05,45.91,7.98,8.37,36.2,8.06,37.71,8.31,26.21,17.88,8.68,50.81,94.95,51.11
956,10.63,10.1,42.88,10.02,10.46,34.56,10.07,35.68,10.4,25.94,18.89,10.87,47.1,60.28,47.34
957,11.27,10.72,40.67,10.63,11.09,33.11,10.68,34.07,11.04,25.24,18.87,11.53,44.54,57.68,44.75
958,10.63,10.1,44.14,10.01,10.46,35.48,10.07,36.68,10.41,26.54,19.19,10.86,48.53,61.66,48.78
959,11.43,6.61,43.49,-9.32,11.27,35.36,10.92,36.24,11.29,27.37,20.99,9.57,47.64,60.78,47.86
960,14.72,9.03,40.19,-9.21,14.46,33.68,13.96,34.33,14.45,26.85,21.51,12.49,43.52,43.48,43.68
961,14.98,9.24,40.45,-9.25,14.75,33.96,14.26,34.59,14.75,27.12,21.79,12.74,44.17,43.76,43.96
962,14.71,8.94,40.16,-9.68,14.49,33.67,14.02,34.32,14.48,26.84,21.5,12.44,43.92,43.44,43.65
963,15.79,9.02,41.32,-13.12,15.55,34.81,15.04,35.43,15.55,27.95,22.64,13.08,44.89,44.61,44.82
964,22.38,14.02,27.5,-12.92,22.1,26.44,21.42,25.74,22.12,24.95,24.53,19.15,28.25,27.81,28.12
965,18.06,10.77,39.04,-13.03,17.86,33.76,17.33,34.08,17.9,28.06,23.83,15.18,41.84,41.45,41.91
966,18.04,11.49,38.95,-9.64,17.81,33.43,17.26,34.02,17.85,28.07,23.83,15.59,41.75,41.45,41.83
967,17.56,11.29,39.09,-9.07,17.34,33.39,16.79,34.01,17.36,27.92,23.54,15.25,41.97,41.66,42.04
968,22.11,14.68,26.8,-8.88,21.8,25.81,21.15,25.18,21.91,24.53,24.18,19.41,27.47,27.11,27.37
969,23.2,14.88,27.56,-8.91,22.08,26.44,12.23,30.66,47.69,25.0,24.56,19.68,28.3,27.94,28.2
970,22.32,14.68,27.19,-9.47,21.95,26.12,21.27,25.54,22.08,24.78,24.41,19.52,27.91,27.5,27.78
971,18.34,11.82,33.17,-9.04,18.02,29.31,17.46,29.5,18.09,25.5,22.72,15.95,35.18,34.8,35.16
972,19.07,12.36,31.13,-8.93,18.73,28.05,18.17,28.02,18.83,24.91,22.77,16.65,32.79,32.4,32.75
973,17.39,11.09,39.03,-8.98,17.08,33.27,16.55,33.96,17.17,27.74,23.32,15.09,41.96,41.58,41.99
974,17.39,11.11,39.8,-8.98,17.1,33.83,16.58,34.58,17.19,28.1,23.51,15.09,42.83,42.47,42.89
975,20.38,13.37,38.59,-8.87,20.02,33.82,19.41,34.15,20.14,29.11,25.66,17.86,41.09,40.65,41.07
976,16.55,10.48,42.13,-9.03,16.27,35.26,15.77,36.24,16.34,28.73,23.46,14.36,68.65,45.22,45.66
977,14.11,8.69,39.56,-9.14,13.86,32.72,13.4,33.74,13.88,26.28,20.96,12.11,43.39,42.67,43.09
978,17.41,11.14,36.48,-9.01,17.08,31.21,16.54,31.93,17.17,26.53,22.79,15.2,40.03,38.72,39.06
979,14.68,13.99,40.18,13.87,14.42,33.03,13.95,34.31,14.41,26.86,21.55,15.11,43.89,43.28,43.67
980,19.11,18.19,33.21,18.03,18.75,29.42,18.15,29.6,18.77,25.93,23.42,19.65,36.79,34.79,35.11
981,19.12,18.19,33.25,18.07,18.75,29.45,18.15,29.65,18.77,25.95,23.44,19.65,36.83,34.84,35.15
982,18.43,17.49,33.13,17.4,18.1,29.13,17.54,29.47,18.18,25.5,22.82,18.92,36.78,34.8,35.11
983,18.07,17.16,33.11,17.07,17.74,29.02,17.18,29.39,17.81,25.32,22.55,18.54,36.81,34.81,35.14
984,18.74,17.81,33.19,17.7,18.41,29.29,17.84,29.57,18.49,25.72,23.08,19.2,36.82,34.82,35.13
985,18.41,17.49,33.14,17.4,18.09,29.13,17.55,29.45,18.16,25.5,22.8,18.84,36.82,34.81,35.12
986,16.13,15.33,40.22,15.28,15.86,33.47,15.37,34.63,15.9,27.62,22.66,16.5,43.7,43.13,43.53
987,18.4,17.5,33.13,17.47,18.12,29.12,17.56,29.44,18.15,25.49,22.8,18.84,36.81,34.82,35.12
988,21.54,20.47,29.8,20.44,21.24,27.7,20.61,27.4,21.31,25.54,24.39,22.05,33.39,30.66,30.86
989,21.94,20.81,30.6,20.81,21.73,28.37,21.15,28.16,21.88,26.07,24.81,22.41,34.1,31.5,31.75
990,22.01,20.87,32.74,20.83,21.75,29.9,21.17,29.86,21.94,27.11,25.4,22.5,36.08,33.87,34.15
991,18.83,17.91,39.95,17.89,18.64,34.06,18.15,34.93,18.77,28.81,24.6,19.27,43.14,42.42,42.8
992,18.83,17.91,39.97,17.91,18.66,34.06,18.17,34.94,18.77,28.84,24.61,19.25,43.16,42.42,42.82
993,18.44,17.56,40.07,17.56,18.3,34.03,17.83,34.97,18.42,28.68,24.34,18.87,43.29,42.57,42.99
994,18.94,18.02,39.41,18.0,18.7,33.71,18.15,34.51,18.8,28.65,24.6,19.37,42.2,41.74,42.15
995,18.91,18.0,36.46,17.98,18.68,31.62,18.15,32.18,18.79,27.26,23.88,19.35,39.89,38.42,38.81
996,18.91,18.0,36.46,17.98,18.68,31.62,18.15,32.18,18.79,27.26,23.88,19.35,39.89,38.42,38.81
997,18.91,18.0,36.46,17.98,18.68,31.62,18.15,32.18,18.79,27.26,23.88,19.35,39.89,38.42,38.81
998,27.11,25.81,29.13,25.81,26.69,28.92,41.86,27.88,26.82,28.17,28.62,27.72,29.63,29.16,29.34
999,26.98,25.74,29.1,25.8,26.51,28.86,41.65,27.78,26.62,28.1,28.55,27.67,29.61,29.16,29.31
