,copula_z,copula_x,copula_y
0,1.3074381842187173,1.3657901675870279e-08,1.2302295998021008e-08
1,0.6552016117083649,0.28761076230923616,0.0006270149562491421
2,6.35946731836839,0.14419210538364163,0.6762367208119646
3,-0.2510094141523971,0.0018674025745750206,3.290231070124399e-08
4,0.6590567951342483,0.9516283651852834,1.4795456359120065e-06
5,1.4989364572674753,0.00046503859165105115,3.170161289892396e-08
6,0.3086793301538543,9.217126643336316e-08,0.0014470903271180417
7,-1.8604130895879276,0.9483365458014243,0.0019041363955980071
8,-0.029804235160752663,0.9999967196193098,0.0004181272123005416
9,1.9443201058387207,0.9999854692293272,0.20036420233278832
10,-0.6593009920982885,0.9329319441909262,2.3089454454097125e-05
11,0.06219010025805275,0.3416846018546205,0.00045652824006361454
12,-0.2449695987265579,0.9998933678663852,0.00023472766454603477
13,-0.9268137978424358,4.663787242765497e-12,1.7975164898757475e-18
14,4.165467496164224,0.9999998906842166,0.4584694514444692
15,5.583843493335979,1.2509237424366658e-07,0.6107406254743629
16,0.8169794035196245,0.9998798185824969,0.0452797020366372
17,0.32435345503092705,0.9999983922424844,2.1354108370323146e-17
18,1.5494831601762016,0.9999970154205344,0.10023466828178386
19,0.27507490911544324,5.567608185289223e-07,6.417274901807011e-05
20,9.38277088495279,0.0005233276769483419,0.9914518769591742
21,6.17534263103062,2.9552755849293678e-06,0.7481923097615898
22,10.23724152638849,0.9999961059159301,0.8876105263858053
23,-1.5435629606407892,0.9999999999998681,4.6394666353293464e-09
24,4.572872853693097,0.9999993960363113,0.34424558045386683
25,0.24957736519396603,6.506966635174622e-07,1.903552823936965e-06
26,3.7600843726241537,0.06351240401529187,0.44212154118029284
27,7.359823520015024,1.517606619996639e-06,0.7624763120775944
28,2.037314586149219,0.07347908497542412,1.1442589356942874e-08
29,1.2004982087594755,3.9058396689046294e-05,5.938777248993905e-05
30,0.09861716496634035,4.9125610700490295e-06,0.000246943041701635
31,0.18936642415671032,0.4179823384870432,0.00016895223618414263
32,1.5984536920450532,0.9999993786823725,0.008838312131973218
33,-0.05912940829484205,0.8617633513867742,0.0006340187552735228
34,8.205861335588855,0.00857152614358445,0.9989812865616683
35,-0.09979905055111016,0.999702134551353,0.0093068976455805
36,2.889329054647447,0.075505393837818,0.35005187289356676
37,0.6724435534642674,0.9999999742043149,0.014033191572727895
38,2.3454832253982416,0.9680919499108026,1.0785849446348594e-05
39,0.5235364655640644,1.0,0.06058875283695774
40,0.4287871416938122,0.9444614480621681,1.6942814074932666e-05
41,-0.11872232755462656,0.8266397718372158,0.00016341391233855285
42,-0.9027417946289505,1.6740161054104724e-12,3.6203582710007103e-09
43,0.13189235728491813,0.04418614545776063,0.020669703211904228
44,-0.3483188777997663,0.9994541146240122,2.848731209226689e-05
45,-0.8305185339792247,0.06783175276130579,1.6551278193477394e-05
46,-0.2971715435116613,0.0408021978635492,1.1121793626782269e-13
47,0.6336386587434655,0.00021617872852274308,0.01854965305180197
48,-0.23543620659566214,0.2780489942424104,0.0002122542426380314
49,4.391128537852971,0.8334022358717704,0.5503910370820819
50,0.41131383559247225,0.5328106731251936,8.431730701523771e-07
51,3.9448503893220432,0.9999859929010301,0.4863542308805841
52,-0.12286897568177388,0.999999821297497,0.020063529010533123
53,0.03776501912341105,0.9985002439427503,2.267688434492582e-05
54,-1.7504160509909983,0.9999999366120346,5.301777720874937e-06
55,1.010954435823429,0.24978963663857728,0.02948151928819492
56,3.980150576132224,0.9995773987346879,0.4750256557779176
57,0.3414523135734903,0.9974462542312007,0.005603718776134808
58,-1.20295786373813,0.999999999203108,4.217622252806176e-08
59,1.535292318932864,5.438134036931006e-10,0.0014905221058542043
60,0.16890525392586384,0.5966063669176362,0.004320088399881143
61,1.0245638521449172,0.9858240034035077,0.19457416319382295
62,0.6493758007337023,1.3604876207007642e-11,4.4288337670142827e-07
63,-0.7937255684479699,0.34582006466318993,0.0021110127959095997
64,5.193331769465792,0.984371859639468,0.5352464574539783
65,-0.214022259999889,0.1216046220359314,0.0012816763095865144
66,3.6007486701837434,0.9199203526016901,0.2237899249282532
67,1.3921720984040464,0.5487549393947092,1.171009645131123e-06
68,1.6660327991224433,0.9999989375894522,9.670257662164107e-16
69,2.174689785251858,0.9906915352462637,2.9487592902226737e-08
70,0.17109438692400153,0.03867878334630956,4.2151578549860323e-07
71,9.624422921207252,0.9997773261934925,0.9722228515853751
72,0.9221888329086629,0.9999650807010484,0.05486536049977438
73,-1.049721828124377,0.023970219961161787,0.00869859982355251
74,0.45163759936978415,0.09875431705415402,6.561640108335311e-05
75,-0.9743036165524036,3.197867144099018e-05,1.4974372032665162e-07
76,-0.0355246846400773,0.000198944040432705,0.04549853005822011
77,5.411627994486986,2.042238107112066e-06,0.34444882189483006
78,-1.2626549566855974,4.612037276060857e-21,0.0490049008878274
79,9.54030846421899,0.9595894025351104,0.9786892262905541
80,-0.971121896116035,0.00023925482542063917,0.0026925380188392704
81,-0.24844592920505282,0.06434779929996051,0.014390405348863393
82,0.6169443942394397,0.9895533635839124,3.428329268211368e-05
83,-0.9369762410195069,0.9999766860868539,0.03146552087398978
84,4.7261363752473375,0.994211917540428,0.5730780964479196
85,-0.5940593525528761,0.9810193559858528,1.0617157526156434e-05
86,8.806372378492481,2.4967820806662723e-15,0.8619750082631344
87,-0.1610340603988257,0.9999999999939058,0.0004594630425797109
88,1.319805072912468,0.9998466352845531,1.0265227263296727e-06
89,3.0973556186312567,0.2912989582666733,0.33654058894265243
90,1.8561649996707896,3.5044133619651405e-11,0.20416507043509602
91,1.4582905073192212,0.30517552114518187,0.011653508041111168
92,-0.1497832592682149,0.8108238660989329,6.790715135314372e-05
93,1.5418165745457535,0.8712283569942247,0.24645013742216923
94,-0.10449283129235326,0.8622664534748844,2.4652028619058164e-06
95,2.179237052549314,0.9829514724593816,0.0017257829227152824
96,5.127456295540586,0.005772746643617335,0.4548703511586551
97,1.0899450206698937,3.292825477596195e-11,5.420892751267398e-07
98,0.6900840305906442,0.9999999338514017,5.598238062023941e-11
99,0.9164740465826683,0.2316392592820568,0.0001484940592561171
100,1.9390324402876755,0.04922864445612642,3.108464676760893e-25
101,-0.21815145284628693,0.03810080975473742,0.00014754965584834196
102,-0.7734420197633679,0.18059437710250098,3.210314167483056e-05
103,3.7632314643027244e-05,0.0003558836680787271,8.506615843998413e-05
104,4.384227760929386,0.9999999999997502,0.5956799232748428
105,7.999777829926287,0.7253568371079416,0.792309078964983
106,-0.5204243852239929,0.9999999979886177,0.0003051826831670529
107,3.627371797355978,0.999999203364564,0.39404526404841156
108,7.970546383706472,0.029772818235207315,0.8912509933314995
109,-0.10325226075642546,0.0237746123659337,0.044515838245388815
110,0.12589230801217838,0.9929036582117104,4.5663522548425374e-05
111,1.4557121955085264,0.08707431481776882,0.0017905137847715807
112,3.9517936651452863,0.04341673041449224,0.2951075420006905
113,-0.7507335367679431,0.7854498986108652,0.00035876687547446506
114,1.5531105218161632,0.9999999771385257,0.12737966546335786
115,1.7574085810364513,0.037738199265959435,0.07126828972749366
116,4.055712512000213,0.3506112945987772,0.34011987636807944
117,8.819357321123766,0.9930178547165416,0.9426188056086978
118,3.4441936516876344,0.44742158389306674,0.33934514423811035
119,0.727357484072335,0.9999999949894192,8.760659256670925e-09
120,0.6348103876007237,0.9306879064116899,0.01799498974609272
121,1.2652184164141609,0.15740012433216205,7.906992395164819e-11
122,-0.8221215680894868,0.9491330622904277,0.00010388590976614976
123,-1.2679307019002575,1.7634055147461045e-05,0.0054650667487294155
124,10.260342754789153,0.21369396273734953,0.8730973269887616
125,-0.913471827793639,0.9999986515945124,1.65296214890347e-05
126,0.6767590098921981,0.7963811887166103,4.286386232556517e-06
127,9.521914247333852,0.9846934656504545,0.9344063523514469
128,-1.8418130595885263,2.540035055224516e-26,0.0002288585096234968
129,-0.41172091498162455,0.0006634968683455941,6.476510021404796e-22
130,2.5856735042504693,1.1243988433720095e-10,2.3895888311744982e-09
131,0.8217615010951452,0.7656292259202271,0.00010074233533137765
132,0.3628428222920128,0.006202106000899202,1.5773908410604387e-15
133,-0.6783119018423474,0.9998828713457987,8.573963870187937e-08
134,-1.9359417385553583,0.049443991049208,0.001278619293273782
135,2.0982694790239758,0.9999977848694054,0.0763612872664928
136,1.9319071218916355,0.10749326240851899,0.20371946276509917
137,3.104463978521018,0.9999999999999474,0.19173271561664657
138,9.039269667051535,0.9999999999989037,0.8569040460651699
139,2.973503363111868,0.005565517051018305,0.27361957684845695
140,0.7346183435279883,0.5321364031995461,0.020177629543238994
141,4.312031536414661,0.0011596994795425915,0.5092311537606444
142,0.8355872619668481,0.7293315502185131,1.21068687186187e-08
143,0.609156015152369,3.047777100452609e-09,1.1954165284357577e-05
144,-0.6840942847738533,0.5878432065596123,0.055384555003784135
145,-1.3922854890330474,0.9999743014282952,7.799309179492625e-10
146,7.858137035522231,0.8323334870359419,0.7019200021108186
147,0.20814723605670846,0.4934425759503429,0.01787034170996882
148,-1.1063526632155993,3.113858930080387e-14,4.153713215131094e-06
149,2.25772583757227,0.9999998754235679,0.0010009447998434564
150,2.356926043281501,1.9645487060435323e-06,0.21081491269560565
151,0.8438380051768037,0.00023023910505733154,0.02946051999625317
152,-0.9453558511986566,5.782954496459983e-06,8.860256901324861e-09
153,0.4196876508426688,0.9999999694255501,1.832773579699475e-06
154,3.800927125203333,0.9999821882607209,0.593110077946375
155,-1.1980223639152494,0.009411688820167432,0.00010294397389639881
156,8.700845305109818,0.996615390056473,0.9475974127459318
157,9.568785821356723,0.07036597235718152,0.9894786496333268
158,-1.2526317399307045,0.9991638566068064,0.023892089457353466
159,-1.9406733227915698,0.014596779416163561,1.639353259922079e-09
160,0.7475910642727039,0.9807694358953776,1.8628476965419128e-05
161,-0.07598825733453068,0.9995866154773891,0.0012617599135166164
162,0.8315459400302702,1.9847302699333545e-08,0.009424132943288387
163,6.827365820268447,0.9999999993837494,0.6172565038368703
164,1.554586807303273,3.2153482067597747e-06,8.507310844694985e-13
165,0.9653634267862826,0.9904076684128106,1.2899228253485372e-13
166,4.2198696675162655,1.58160775599273e-05,0.47657473304158104
167,-0.28042053489847585,0.9999032578243672,0.03284621126530803
168,6.441263158293217,0.9999998346312817,0.6507283243618182
169,0.31545794603931976,0.9973336468501818,0.0013783130214121834
170,0.05093985415345537,0.03408801775383372,2.7431267191290747e-12
171,6.742266157269386,0.15455081208466245,0.6724882840824049
172,0.6960501357918152,0.9986820976690108,0.016243300858517485
173,1.11345573081201,0.0018741450864764337,0.000341843326724714
174,-0.13355212385169676,0.20154246736587014,1.1544106039492861e-07
175,1.1435259155747388,0.5492452704463947,0.11653118458197353
176,1.151833520397804,0.9986998138290837,0.0016853190377357735
177,-0.6019657556468323,0.12553496096089528,3.0311226014542122e-09
178,0.2977389722698286,0.9999999729519675,0.0011529948856120115
179,0.032501269933739155,0.19404615782853732,0.0008324830719138638
180,1.9587983706235161,1.9589105838651785e-06,0.04176712027247985
181,3.5201937951132325,0.004701546321164791,0.2989465699571555
182,1.3950265558632666,0.9773107104132519,0.1492945129752261
183,-0.38607157130353803,0.5617343919157575,3.729737734026041e-13
184,8.349054745779432,0.48287462248716595,0.97559459385376
185,0.22044264500214256,6.718704543919621e-08,1.913460058643593e-08
186,3.0319057399584235,0.04060998288802208,0.18275791916249848
187,0.6961942470383964,4.984732915401341e-10,1.3186734696514896e-05
188,9.73151504393932,0.9999999997213813,0.9834997797693141
189,-0.12539161154507364,0.23029889260831007,7.359392121719274e-12
190,0.9859530215960957,0.8790706655616943,1.867667721532576e-05
191,-1.2839388219631869,0.9999802618825673,1.7319472302889994e-20
192,2.0298609957709957,0.8219577748503836,4.797760127977159e-07
193,0.38544744573542206,0.5770138251256931,0.014397910414151588
194,0.8395140453611739,0.9999999754331276,0.002392050564489886
195,0.8319627201535159,1.7134642741306782e-09,3.2036347258193144e-10
196,3.250005081013489,0.04009877540353598,0.3571735790498512
197,-0.41911329950737464,0.042369442814033945,0.005967408003414594
198,-1.7289105069236528,0.9182670654899127,7.1145644893768014e-12
199,4.6422252915771685,0.024639547284808824,0.2429150202972243
200,1.3426007149612311,0.9225831221349033,0.0010020348930685663
201,-0.03220737299495662,0.9999999999744531,5.221797674238725e-22
202,3.1885619635452405,0.9988037840464087,0.34900621730723164
203,6.0730110583492625,0.014710313038657292,0.7143651139738435
204,9.849193263863544,0.8160591992264935,0.9753309013265482
205,0.879238019626298,0.5548460690399732,0.12434292273612528
206,0.9711993781168773,1.0,2.7082872022605265e-11
207,0.4442569710852222,0.3564122883301766,9.862110370513253e-09
208,-0.3744484050620738,0.00014471697389091735,0.000535730765621046
209,5.249413844159728,0.014934523923846891,0.4784634797171404
210,-0.48566578135970256,1.3055196162286426e-11,0.021707803147288124
211,-0.05405418923041065,0.896307452793213,0.002067151773299318
212,7.438042021144274,0.9991367187753952,0.5537047777551878
213,0.7983600882099486,0.9925825361881504,0.18456513804479355
214,0.9076060920227792,0.9999838413532013,0.03705089585281792
215,-0.9175998132403597,7.271202706154795e-05,0.00402406922694382
216,4.490348767120105,0.9999999726832,0.5219956917754057
217,-0.40042370070474953,0.9991277213486419,3.4266826277460932e-09
218,-0.4841239760718015,0.9985901578147577,0.00044460340640063505
219,1.1827559981111162,0.41918407438320193,0.007165336716518203
220,-1.789771175213191,0.0004904811951829559,7.601798436541415e-07
221,0.7683278419844607,0.003330345485810893,6.706888837367854e-06
222,0.9018361133782424,3.5826926912152236e-05,4.4594261128560953e-07
223,-1.791910355832102,2.8303666276474593e-12,3.463999888704336e-10
224,0.8885653943177045,0.06265121340234797,9.26703422793053e-09
225,3.4763411967834914,4.444922659345126e-08,0.562329141298649
226,0.43238914287089414,0.7993536036235802,3.9499256336062177e-16
227,-0.2018460207168745,0.011782753784386443,2.976051857869823e-23
228,0.8000770779464652,9.496517907896417e-12,9.288643472999246e-13
229,2.060189693729713,0.8051479668760515,1.742243443778642e-08
230,0.41901105291703855,0.9991580858647349,0.00382354592325506
231,0.4854851553898056,0.6519998126462796,7.565023769233596e-10
232,-0.9709131164519799,0.9999999999913771,7.62730293009118e-09
233,9.760647259573016,0.9500970014043582,0.9754372100178087
234,-0.7967074818915185,4.03238226450075e-06,2.594205652556996e-05
235,-1.4871233443753293,9.470017750597794e-10,2.8985858070853202e-12
236,1.5672484880844055,0.8609328843677406,0.31023930188824705
237,3.3385452913415627,0.0449448565216754,0.1218896646194684
238,8.932576308091685,0.9999941626839612,0.9967203411657055
239,2.251244400600521,0.9578905837047517,0.25729923039677915
240,-0.012390395277975485,1.8338310554724862e-13,1.742246189399402e-07
241,1.2719841792275426,0.30065576266303373,1.1898630702214014e-08
242,-0.48587779719114743,4.8896519111978245e-09,2.4560299341347877e-12
243,-1.2313797465434153,0.18638476780205224,0.00010658536279279449
244,1.5331734415798777,0.9999999999753375,0.12572112253952644
245,-1.440635153316828,7.77797314496171e-10,0.004253924953625819
246,4.257371116125087,0.9991512836187797,0.41313172733685677
247,2.465683269094415,3.277515932307875e-08,0.016770256993764217
248,0.06650558192014544,0.3194916305160855,0.07329132121127813
249,0.7782958259336357,0.9975348369432421,1.9622275964446895e-06
250,-1.0700497225655203,0.5441240953427613,5.808660707255241e-12
251,9.561660080856498,0.9997898888102362,0.9680660473714441
252,4.567638858512864,0.9998687097233784,0.438102000618884
253,1.5482296852784492,0.9999936229997294,3.627169882225763e-11
254,1.1894719117371528,0.8937507665292082,0.0002914384822213465
255,5.813415346258954,0.00019859189870924753,0.5733447319415923
256,-1.250458969434103,0.0055289888788721455,4.327753701120809e-05
257,9.34606022252643,0.001845826416266381,0.8577161577498108
258,0.8856548308098016,0.9912174309450072,0.21687742521098724
259,4.256052977768558,0.1912431697594714,0.31651172055277693
260,-0.2052090989871864,0.7269698798865206,5.3155110407194993e-11
261,2.2846789574375532,0.00016706149220123496,1.5664786378681374e-05
262,-1.054247242089514,0.529347793841946,3.534443525761002e-16
263,0.7756190773566766,0.006285355951261375,5.038925558879378e-09
264,3.555432328151454,0.3686093144175948,0.28138355702695195
265,4.047922542032365,0.7201088280057004,0.5050139298475815
266,-1.2740957456787851,0.007132775801765743,8.481529938460393e-13
267,6.316142410438816,1.0958474237784538e-05,0.5967808510155229
268,1.7679557889051687,3.4484061003755355e-05,2.17947230080005e-11
269,-0.4150816961901409,4.570780064271923e-05,1.8375497977145999e-06
270,2.5967105047319397,8.11250703074461e-08,0.35375422994984695
271,1.1421577832307908,2.5166796614218545e-05,3.0670195040681616e-06
272,1.0366754278453172,0.9997809295451798,6.325244885238766e-06
273,2.4246458948412686,0.9669972884173174,4.16005646174447e-11
274,0.7241468088937302,0.9685987316703077,0.10915403643806289
275,5.93346760851622,0.9998411816777995,0.462625901600968
276,-1.1549874796586443,0.9999999999999204,7.742841793591806e-08
277,-0.5824811343587858,0.9992780621872763,1.5811632916684453e-06
278,7.427264425929871,0.9966247224463937,0.6770453964528654
279,-1.7639132037679333,0.41601110083103476,1.3619763638861455e-06
280,0.022733817293006567,0.1353921319839995,4.8397627632373664e-12
281,-1.622777845872024,0.7228187824873258,5.213517069241305e-05
282,-0.72454266816579,0.9710653808644811,1.8402353512585586e-05
283,0.5486800103851155,0.999999015675114,0.09152510085109575
284,-0.0437335032179401,0.9951107457082521,3.4841590091105927e-06
285,2.334748392617583,1.2196615646125932e-11,0.1939717044418783
286,0.40108814806562704,0.028051764925796377,4.963183177616466e-06
287,-0.4271816976827454,0.0013425137225619714,2.3441684538986195e-06
288,-0.012262229969323801,0.0068557809900479235,0.18631536631482745
289,-1.3581537746854462,2.3479632290341626e-07,0.007371451824322958
290,4.057578547989437,0.9999999939932315,0.446096157800074
291,3.3852154052486556,0.24296947367719215,0.26249745206907904
292,8.052932361010285,0.9994101306618937,0.7999876132766515
293,1.5337983826313522,0.99652566524534,0.12802070914569638
294,-0.008095902321957607,6.251605948923165e-10,0.0003273779979355483
295,1.478641843849656,0.9957983660767055,0.2837597870130106
296,1.3555008470534156,2.6892707447393587e-05,0.00044523968238328724
297,0.5140817848549728,0.0001133147754841541,1.7632885410334567e-06
298,-0.18136665344305128,0.9996732853203238,0.0004252982856375521
299,0.17315618955484435,0.9999997135567547,0.010753289379471074
300,-0.10125249048173857,0.636505414086068,0.02999051088674012
301,3.01116215327438,0.9999688791737469,0.42833232341998484
302,1.145501172111448,0.25454816886363335,0.021168113001333803
303,-1.0573585431243842,0.9999889208183111,8.33606875161399e-05
304,8.902554078259213,0.9999037399591745,0.9171882990389633
305,0.2598994111906917,7.683633387166184e-07,0.00125262766401092
306,-0.5123893023228444,0.9998561367077731,0.00011761084249007512
307,1.0357520053996816,0.6987793036965497,2.3174015481540734e-07
308,0.07126271263316647,0.9606042486290246,3.8543522946382344e-05
309,-0.5973682757454302,0.9862285112444924,0.005683139806644477
310,7.622480315946217,0.0369509848077412,0.823941928998305
311,1.4201480016634043,0.057469490603150646,5.620452051175631e-07
312,7.0620470640431385,0.9999998360840537,0.7989672061289379
313,-0.6681195400328792,3.863178215509655e-07,0.0010680076514225773
314,0.7884797995623926,0.999698865352085,0.004061211084295848
315,10.199647306367384,0.9921101100951137,0.8947325107477807
316,2.8647773842713486,1.5837191125041719e-06,0.04902463536556279
317,-1.3918416111043554,0.9967391740389934,7.628644229479878e-12
318,-1.7494346955347027,0.9088883508561576,1.2163429627684178e-15
319,1.8935416421647413,4.365724910395768e-06,0.14667228945451508
320,-0.011380284806541744,0.00012179567871530566,0.0005758841920794601
321,-1.1167620318927995,3.339710828436519e-05,0.0004555010181027894
322,0.4212704641522356,0.9999986111908331,0.07149538640056473
323,7.236919796027916,0.0017684119229628111,0.8070951760118824
324,-1.2736834492985916,1.0,0.010393431482898912
325,-0.8087684586041769,1.115528791393363e-11,0.05196937886826943
326,9.607556212385209,1.4207902554470063e-05,0.8153279355208276
327,1.8355723509967552,5.1828399995100604e-08,2.1664171856546194e-06
328,5.3440489957479835,2.9753104821640023e-06,0.5592152559985335
329,1.036402710806108,0.9852183973764198,7.204226182077744e-08
330,1.9433730850091482,0.9994811397290764,0.0018027172359633878
331,1.5256594465344488,0.9912658559297934,1.0318002687737211e-05
332,3.1261762245193374,0.9992406494311281,0.24716520927836308
333,1.8749991084154598,0.0002152929061021696,0.12494916541654208
334,3.3267553457481465,0.9999901495425126,0.12552704448380828
335,0.25725420582972097,0.06181328790244406,0.012386191121633512
336,-2.034336843012713,0.5960410089907949,0.00035722027545043514
337,2.5369106828510755,2.516912435560471e-13,1.8059840531165924e-05
338,0.08132952797638371,0.999999998321994,0.24834933105152404
339,0.7528829714745261,0.976176220631177,0.018514612614489737
340,0.04008222456960993,0.9999999332242538,0.015176399304391422
341,8.920167676735753,8.969498416744934e-05,0.8373435480707716
342,5.441116166804919,0.37229893288130733,0.5105980088061784
343,1.8371897450310661,0.9999762912865446,0.23460362113769728
344,-2.084632067682776,0.9384014942055848,1.9087363815206046e-17
345,-0.6229680284355569,0.9988781124839312,0.004368654286852983
346,0.003923367068718018,0.18812668657700238,4.7468846373679395e-08
347,1.6012425542402808,0.6898481460907715,2.136201324962461e-06
348,-0.30627241840118336,0.9876352403891102,0.0031849794498592307
349,-2.1366213548393342,0.9997042243468255,0.00037907038794131776
350,-0.3649176402694773,0.9126620910687865,0.0007089844450368997
351,7.806936190422577,0.5291939443289726,0.8801508047326109
352,0.029527758182036568,1.5422965097846706e-08,0.19701761222612338
353,0.432842751978916,2.1132224040130587e-09,0.00023010472684457825
354,-0.23239337503758906,0.002747704952569528,1.780122304570807e-05
355,-0.08619367245320715,0.7239380996306819,9.739542728928338e-06
356,0.9105432860122816,2.882682164351192e-07,2.1508175720862518e-07
357,-0.27223424867565565,1.0,0.004024269109072192
358,-0.1772628211223326,0.9999814421952835,0.0922225573412379
359,1.408083494593364,1.3295110156922516e-06,9.72691259264587e-05
360,7.911265781292895,0.0023726126227353234,0.8084630624155256
361,-0.7627162890154167,0.9999998653681625,5.7414339639004115e-06
362,-1.9496714670488937,2.0006537079858393e-13,0.0002589967226299532
363,2.323869336186226,0.01881220345896771,0.14385321297127387
364,-0.7762934044623091,0.00593631612778705,1.348776146296493e-07
365,0.8039907640070847,0.0017256154738292816,0.000491535515412958
366,-0.0027990524836874475,0.999291169939378,0.0017943240808284604
367,-0.8193862950509003,0.7988063080109404,6.95496932402022e-07
368,1.047280193647085,0.9964938178174568,0.012641164818754597
369,0.6786562812827175,2.624147861154942e-16,2.142082201332986e-09
370,1.1955011881076854,0.8293265278145826,0.0001210032910424422
371,0.06150253908986922,0.6333224095887673,4.036686953004091e-06
372,10.248439655203969,0.9999977167054475,0.999520990935158
373,0.6369349275024189,0.9999999989010324,0.0025639940381769677
374,1.949754405546897,0.03783572985775588,0.07832787847083472
375,2.658557867434225,0.9999999935110933,1.1218650372965339e-06
376,1.1994511829928316,0.0914105995524872,0.06137182367657711
377,0.26918349239190725,0.9998785298481856,0.0037615884350754355
378,10.343784647989045,0.9933321424701436,0.998358313115955
379,1.8215335712140868,0.9992978587971557,0.054419492789496995
380,7.77483949123911,0.9849572784665376,0.6963695738736486
381,-1.0250374781137532,0.9999993736896347,5.386749397846496e-07
382,-1.702671087425831,0.999999999999019,5.158682795283637e-16
383,10.5253173318356,0.44854965391230667,0.9987557571609108
384,-0.2629011374501709,0.9999400629360299,0.027677163304461846
385,3.7050806187335663,5.576319009527659e-06,0.2926802809850138
386,0.2643216420229515,9.855506203559005e-09,0.056114156840350454
387,-0.7962673311578208,1.8264351524270198e-11,0.0009758522547320329
388,1.20142025276564,0.002157657447206079,8.90008923355585e-05
389,6.15165108159631,0.18712370152077318,0.5920784081207613
390,0.4373645139681974,9.149041881293197e-08,1.1250548409067622e-07
391,-0.2507798669564115,0.15349887638928172,0.0003304374348164511
392,4.085658663163578,0.000125957199624335,0.3017282944044602
393,0.3790699850571474,0.04540083835051968,2.197138879476088e-09
394,-1.0987759830437067,0.6210990514884159,0.021264961452389708
395,1.4118339361895698,0.9539678250869498,3.5153906026127374e-05
396,2.882452102346889,0.27722060287664907,0.21546725100459327
397,-0.16470069015179803,0.6020516063882897,2.0781675585511846e-05
398,0.26469547127358184,1.8115128302850152e-13,0.00971161478410093
399,0.08491799193177152,0.0001867892593624304,0.037888358579769986
400,-0.2802321215880787,0.9900346146107928,0.015555626731241034
401,1.6217219148830653,1.36834384667871e-06,0.010091472228558112
402,9.141295864861359,0.9997124746206771,0.9958748497411569
403,6.4880928906378905,0.9807595597132771,0.8006576504292042
404,0.6017739688929804,0.9998798744401012,1.4044580140590555e-13
405,1.5122253640175585,0.8709055770556358,1.8825032363720587e-26
406,6.120095351530333,1.0855325681313788e-08,0.5289588501177158
407,-1.8211017159325347,0.9999999835937209,5.877822876382824e-05
408,-0.18962560098294562,0.8222102423486215,3.7349532288604453e-11
409,1.2173922819152045,2.7964522753810917e-14,0.014946815248621797
410,2.261674179102617,0.0009970738632950366,8.260611187970457e-05
411,0.5578627049070495,0.9999999999849248,2.0536259659779946e-05
412,0.7800950284410455,0.3874850974544248,0.020119018643696758
413,-0.527743614725272,0.0004235263320664381,2.695771118023675e-10
414,-0.9971326623804666,0.9999999995416056,0.00016483676240992422
415,0.7776715801515831,0.7211635972844878,1.2731412248726672e-05
416,0.016785479442872585,0.9765040868968055,3.6117098339031175e-14
417,-0.7883716068353629,0.003495197151830427,1.166408131100277e-09
418,1.5326592799993572,0.9994149311847579,0.006185268775101387
419,3.570218806028855,0.8430700685889827,0.31714399144671407
420,-2.384301555253301,8.42278213517332e-07,0.00012567720120782965
421,1.0853281438146547,0.7981775896989304,3.723764222964539e-07
422,-0.822829154159389,8.422848453320582e-05,0.010837613319864778
423,3.384704904026971,0.9945466119732158,0.47050864964394196
424,-1.075938033221233,0.8483780178115807,3.6335649950409942e-12
425,-0.17371528548279486,0.03625899520471322,0.0002595699216257345
426,7.438327821738399,0.9467201952827066,0.6880496275666895
427,0.043102566874930165,0.9999953860292833,0.0005701179982081088
428,-0.528452518603367,1.1712412972502148e-07,5.952888576653073e-08
429,-0.8264544940580993,0.005080130844997098,0.034765551251456236
430,-1.6073797467517625,0.9999999191737466,2.2215447565474865e-09
431,1.394181866978226,0.0008923192351996414,0.00016034847174344012
432,0.08732868977972748,0.00017036320800926875,2.7547846350592743e-12
433,0.7453727938926767,0.9999999999601488,3.066048578848067e-08
434,0.03173262449081771,0.9988001908320765,0.004848432768954649
435,-0.408840662968939,0.9999959386121149,9.211651621131674e-05
436,0.41034920901184974,1.1773397657519598e-12,0.0012685217693570315
437,6.2032387486531455,3.2161142568341246e-06,0.5409675025345023
438,0.4050186946293046,0.9999999999870964,0.0031543048213003
439,2.2067673215975736,0.9999990001513871,0.2480719209919626
440,0.48419469673684057,0.1278137186341206,0.01168005390151388
441,-0.8835477068954846,0.9280259758765091,7.224966330129642e-08
442,2.7869397385734884,0.08117433852806784,0.16422771831956662
443,1.399200687420059,0.9997014654471444,0.007955387947198642
444,-1.8928396834953147,1.3171649962749258e-08,2.9371474266418647e-06
445,2.566063247197456,0.012190185664886784,0.3366275117279547
446,-0.8633423441221673,0.9999999985872534,2.1076241873313637e-08
447,2.0150845580169374,0.999999974494673,0.30036403319519167
448,2.39714007648503,2.9001067960684565e-10,2.5945193127994143e-11
449,-1.1853100353384587,0.9970963027757048,1.1735337426655782e-05
450,-0.28261205151697727,0.9995580990485115,2.6664359338106292e-15
451,3.8615354513553974,0.0010618420907824258,0.3700291942465837
452,-1.2665438984127677,0.9996216828569766,2.474717377765473e-07
453,-1.5314190221515749,0.00048629097710040006,0.0015029844411749201
454,1.1096340896070245,0.0029025949188481357,3.2730294661036535e-11
455,-0.06101329339622219,0.9753746968570743,0.14334454491356646
456,-0.3934443127532058,1.9955096356023364e-07,1.1094966359207924e-08
457,0.13524889855318456,8.286872864344328e-07,2.590126529262046e-05
458,2.501189117903619,0.009189458058223169,0.25986545645811854
459,0.49872014511356677,9.38869339205736e-06,0.20343460466032512
460,-1.2186882249986366,0.9999845022503647,0.012812494476655287
461,-0.874357095945851,0.005146481051934818,0.006471598975393024
462,8.425294412243424,0.9543703968278895,0.9576805970606469
463,1.880147662626778,1.5536103073187206e-21,3.7831967531803655e-06
464,2.055911433382624,0.01887414995294646,0.03921889289026538
465,-1.23102024031309,0.9999995226805817,2.2161561531060725e-05
466,2.83134380960744,0.9186819003137106,4.404092455262874e-05
467,2.3115154254626633,0.9973262708813014,0.21880981630838445
468,0.8752872298707133,0.7472140643763192,1.9787760987741086e-05
469,4.358877311068389,0.9530031194300671,0.2961231278717073
470,0.3344834346267844,0.9734691964803075,0.006011943430090643
471,9.43605257947742,0.854545333995712,0.9190779429865789
472,-0.8450999694001541,0.8990384098543659,5.369579774488457e-08
473,0.9751352589592938,0.9999997456969991,0.00014330060705455003
474,0.440107155661577,0.9999260315820511,0.02000497847274177
475,-0.31537446534139446,0.0001104505556673979,0.0009532651297516745
476,-1.0563413438701386,0.9295824774884051,6.0140955930728e-06
477,6.122154205875039,0.004444388771301954,0.5553166839454063
478,0.5666373598250527,0.008589169193167222,1.5598851063722615e-07
479,0.05097104909783669,0.9999928958207677,2.055578502869734e-09
480,0.9972647034979657,0.9999986235104987,0.00018428726943464367
481,0.8156583851764299,0.004528621020004311,1.3091791150716128e-10
482,-1.342394592765834,0.7745170878445333,7.589582458648354e-05
483,4.290910325656776,1.0961746341910303e-07,0.42636226849346115
484,-2.45772494708976,0.93374542482922,0.0004509310030356471
485,7.025299338309135,2.3007570489757037e-06,0.659870464733104
486,-0.20923973752235533,0.8967820317556671,6.843717803089738e-10
487,-1.233590066327661,0.00014904512194992278,1.2018886742772664e-05
488,0.39218928735525255,0.9999837531233093,0.019390583162125944
489,0.8111027703203253,0.9960357110981695,0.00015221439176601364
490,1.7858136556340856,0.1894245263206883,0.14939883211402447
491,8.792065323683998,0.17123251370207973,0.9685150327705994
492,-1.227532156180843,0.007631099062111901,1.4671900810258205e-12
493,-0.07871693381406883,1.0550435579034381e-10,0.0016153421230945303
494,0.7296203770669599,0.9994801096654448,0.014465088744080342
495,-0.2568184425467495,0.9999873505207252,1.722245974389137e-06
496,-0.8281558500295774,5.835076636816012e-07,2.6021425992467698e-05
497,4.706697029356919,0.8069016812737345,0.6067213189679045
498,-1.1867103889098902,0.7733710022700052,0.0126351771138166
499,-0.2787190044417367,0.00018981558964255348,0.0033042528750943352
500,0.38227676302166025,0.9999753407441585,0.12274071146387111
501,4.542264833656009,0.00042526470199006895,0.3283578266391993
502,-0.39653349437126617,0.000738517645148178,2.0392657891676004e-11
503,-1.0716196135700027,0.04919966872210466,3.469888521822716e-08
504,-1.539840681687764,5.784918823932005e-07,1.1012790777330007e-10
505,-0.29618444026851315,0.855841672589177,1.1743130134085964e-05
506,1.5484913843036137,0.9810542155242135,8.11422361845625e-06
507,-1.5221165701690884,0.9999999063804508,0.00020317347502348253
508,2.2664562933666144,2.4882342926934147e-06,0.09860792947830574
509,-0.7273872930064841,0.8193086489947387,0.000952735091447267
510,1.8953385789436488,0.9999999967332214,0.02953776313388096
511,7.147082912330228,4.975406329594492e-05,0.933793183051954
512,1.3836586636894206,0.6420884766073719,6.16096175364716e-05
513,3.564645803525978,0.9998812673810644,0.1270248470013486
514,-1.0618578889536574,1.5874377732783443e-07,0.007557865142066054
515,-0.32884247375706704,0.6503994516127322,0.0036417840537182108
516,2.6970327024121183,0.1953277295549962,0.009724470779923609
517,-0.96598318736087,0.9756571176485226,0.0008206162329779786
518,3.7375180369057173,0.9442431028437323,0.11095721918293909
519,0.5859851272995247,0.9915282315962264,0.0008346090240898266
520,2.328646159499836,0.9999999999159277,4.930377210901614e-08
521,3.1439289949796874,2.704439134427129e-13,0.0007687581855957652
522,-0.14565306088291305,0.9210137144115308,7.396710956187744e-08
523,0.8942049913964807,0.0024641361107414004,0.00402138933258904
524,7.586822881226779,0.9992692211379699,0.8076709433985325
525,-1.0675469222008143,1.16475060167036e-05,0.0006283708922426191
526,0.380284459367247,2.4187839762513915e-08,0.15208484314830556
527,-1.4678904807035944,0.9994733719111476,0.007068308642295407
528,3.773792364625506,1.7624238491296378e-06,0.47708847661791626
529,1.2369662410352418,0.943958587802035,0.08605384533617749
530,8.240012071215322,0.9999635583358009,0.9885421397056994
531,0.451527308537643,0.8099224230748655,1.3405542898560103e-08
532,6.976230830652537,0.9999843495123306,0.5555100281315593
533,-0.27330608811984963,7.102621492863757e-05,0.00013630733644838034
534,-0.44722509771858215,0.7575786042983663,1.781431657537356e-09
535,0.3772500269917986,0.0012235043138949368,1.579947615904574e-08
536,1.310638596557496,0.6054386524209903,0.005646249983370779
537,3.8463711562885483,0.015682503641011907,0.29797837481106193
538,1.9742122660689008,0.0002739042593214952,0.2435599777397537
539,-0.04941611223589822,0.9999999053973064,8.46539573107731e-06
540,-0.6419660769756732,1.2316309835124175e-05,0.013195687352649062
541,-1.1260208853888263,0.0003856822219836405,6.423631796396348e-05
542,1.9867696903904555,1.7594999392471972e-07,0.004874380086139002
543,0.9422423700270317,0.000608472534865056,5.956573511428116e-06
544,4.220707176432997,0.9999999793935918,0.506470992569962
545,0.13428392541662373,0.9478399064630869,0.028112847176477503
546,0.16064381308815123,0.9999999999999966,0.002096051890233623
547,0.3310401133249874,0.9999999999979833,2.2574442504456893e-10
548,0.5029002381778563,0.7648259430419427,0.0005655388100576302
549,-0.8222177010257763,0.955798521989036,3.094719345259955e-09
550,0.8560664890374833,0.003829159762485542,0.004816327506878713
551,0.7052385930881342,1.0,3.285101612244282e-06
552,0.8012855538113977,0.11568341182012314,0.00016352768953944175
553,5.384864288956856,0.00012162079133783447,0.6886501170680239
554,-2.0507695655616125,0.993214330629015,2.211970000609025e-07
555,-0.5366166406757044,0.9994782657455948,0.019381430382090982
556,10.600115547482252,0.015600710278025872,0.9694602304366076
557,0.570148768402221,9.113986554815051e-05,0.01669584218920881
558,-0.707321587195169,1.0886412800521829e-05,0.0002638225124662145
559,3.1006110488410448,2.0670883922692863e-05,0.17504070993596185
560,1.91584258026396,0.9890782196314847,0.31159380823391103
561,-0.3967536846929856,5.47826490542146e-05,4.370700954259718e-13
562,-0.05052972400212093,3.3446133817659454e-07,7.915721650160485e-12
563,1.1800035525088504,5.090793668083291e-08,4.6877812150522755e-11
564,-0.6010776699584497,0.9742579299800488,4.0999444103950507e-13
565,1.1498374964794487,0.9999999998003269,1.903629676989036e-08
566,-0.24935531073334372,0.9886085513036726,4.656989482009484e-08
567,-1.7628530624603538,0.3031847343230579,2.361932363830158e-05
568,-0.9825200108544963,5.732634416693369e-12,0.0018644129014441066
569,0.19323622821291617,0.9546564227803244,9.084042156420477e-08
570,-0.9156433684796166,0.690283167410015,1.5881651509447787e-15
571,0.9148212660587264,0.00014281693474200533,0.0812698651715581
572,0.2178918967572193,0.9999919429093675,2.231928662944469e-13
573,0.2265267789932545,0.9907502688104552,4.901720730681587e-05
574,8.199628619559729,0.9984620536085955,0.8877151375845616
575,3.2190285304397808,0.999999970941828,0.13713472987399933
576,0.7131963154960228,0.39040553293935576,0.03241118617370466
577,0.7704231227275493,0.9998116385875269,0.0001368915788388914
578,9.195886791815019,0.9999977362458932,0.7699622547615983
579,0.5332730132677777,0.2617699711763178,8.186878390416395e-13
580,0.3782661159662951,0.09143355058100729,0.007208261804168135
581,3.9840020678794135,0.2695871478002182,0.46207940075917925
582,0.11726644460228419,0.9999999999993916,0.1700073639477509
583,10.946009894011652,0.06726813074562074,0.7860336909894633
584,0.8579543269453588,0.7314323207606799,5.551389448906116e-06
585,1.4473945212118218,1.1592834652064185e-10,0.043769842500993646
586,-1.0594499487423334,0.09435668145812158,0.11932121358755832
587,-0.5441163403483483,0.14906208930283127,6.7551643814232645e-06
588,4.100405740807009,0.9999936194972404,0.738375647399336
589,0.022313060463124555,0.9476641054941812,0.003746020372458719
590,0.2368713159075924,0.9827090261605409,0.000339558237498804
591,0.8833514474220301,0.5476074984158245,4.389160755632043e-05
592,9.008062437675758,0.9989872154466971,0.998556324597748
593,-1.1252954395757344,0.0054675104944340875,0.001395532662048025
594,-1.0370359925117418,0.6484211616346068,0.0007115648491166552
595,-0.8651180862394819,0.005876274008812635,1.403520443858502e-06
596,0.19563291106891018,4.018824748185073e-05,1.0778241324902287e-08
597,-0.2997416415763159,0.2700948137896998,1.8515454757448336e-16
598,0.14998789556702216,0.9603969405354588,4.047811660822531e-08
599,2.0083240985646538,1.8181649431599227e-07,0.07356377536517372
600,0.4993606479834169,0.9305677670921223,0.02315459455504813
601,0.9382749508671463,0.9998224295973789,0.036142606848278816
602,-0.8817205574718363,0.08670451178312104,1.1139525196395953e-06
603,2.0977149864327522,0.9999999998537329,1.7723943967161725e-09
604,0.24153451423397634,0.001666473493186053,1.333903477925705e-07
605,1.9547084531447791,3.010417967231783e-06,0.08571879078306942
606,1.393094326877689,0.999604672368784,0.21933928582883402
607,-0.6482159260804968,0.9615425968105814,4.16420751617711e-12
608,1.136884423443681,0.9999999763800009,0.007489078848345447
609,0.5223435112624158,0.9575444825548529,0.004611628293418421
610,0.3188861844780698,0.9936287127617803,0.05548399198703569
611,-0.09338198189951395,0.009145798199313541,2.3882724775864144e-16
612,-1.4185769688049248,0.03315148525556259,4.599811118513984e-09
613,-1.255947252894296,0.14228033150008026,4.6346876147249576e-08
614,1.3780521748981718,0.0027014761127692774,0.1865588971998669
615,0.6401759931563401,0.0480399850814662,4.8823218883180945e-05
616,-0.3471411301243994,0.9997616138996395,1.786576251643255e-12
617,8.628256750885782,0.9999993286446744,0.9513069104084252
618,0.5988246346826873,0.9574127415593965,3.474957444151434e-06
619,-1.190857918476032,0.002897555759375867,8.239104281165473e-07
620,1.1896994100590474,0.00235821712892953,0.0005320213258514045
621,3.848035981555989,0.5236182603524921,0.4959351066889611
622,7.402607955849975,5.182134443297766e-09,0.7770221087771639
623,0.7196217548328732,0.9999999999998969,2.46647131645325e-07
624,-0.51614235785402,0.08557290243727449,0.002187250851285619
625,-1.076680004002221,0.24226023796150878,1.2000413855906895e-08
626,0.22152387560448114,0.999999980451922,1.558708854789481e-16
627,-1.7523136143470528,0.9994880132538712,0.012161075088702412
628,2.6839076122659327,0.9999999999999009,0.2126949990620867
629,1.416148325444253,0.4094522118623901,0.014688826047368974
630,0.41208785990157554,0.9999999999999993,6.997146106218547e-05
631,0.0010172069531377281,0.00044632626139053995,0.010648566878138461
632,-0.07769454034994965,5.675098584207536e-10,0.002476775531386463
633,6.171465770177554,0.9998094272070941,0.645525853350417
634,9.632893728719798,6.509494968585128e-06,0.8421147678539028
635,0.36310004747085184,0.9183015077644213,0.0004207788497267398
636,8.34360413204352,0.04163904900217392,0.9998921492156951
637,-0.6279385926967959,0.004851184681142358,0.006447131488303584
638,-0.47085088457481955,0.9999999999999,1.756963672498106e-10
639,-0.5640501682592305,6.724989939415322e-09,5.569929387007656e-05
640,3.3730755258866285,0.9999999999889758,0.3638931504023297
641,-0.1423993969415796,0.9973982763918372,0.003917961224794257
642,-0.7194569267505908,0.08587460007504472,1.8022365236463697e-05
643,0.2157781223062901,7.432276507482842e-13,3.3400338866787043e-15
644,3.351927212669264,0.04725143493778554,0.3089979142425326
645,0.0801144548141534,0.9999999999999094,0.001061820065507306
646,5.501738254607859,0.9983375081891763,0.4523645803089345
647,0.5811212860263955,2.4584566781647078e-18,0.0015147927369438135
648,-0.04672682312759648,0.9999968761516681,6.520883563530944e-07
649,-0.51399780037192,0.7583962434646605,1.425699438362948e-11
650,5.555062111836331,0.9999999969319364,0.6701766381180974
651,-1.0369867962695414,0.39216714618739995,1.8897963442800287e-07
652,0.7568564931987456,2.1205294503358394e-05,2.1890982647067677e-06
653,1.2213738075939278,0.975633662704497,0.25759334676274803
654,0.6306495465568354,0.9267946589348179,0.00015938093581862158
655,0.034696343342072125,0.030088012291401282,1.682779279758994e-05
656,1.4317813764764422,0.9956177957605304,1.858844475269538e-07
657,7.91568639678687,0.043923862095429644,0.9017804418222873
658,-0.5233237982178399,0.022982199699640334,2.0892217053883353e-05
659,2.385910450536114,0.9839298466158615,0.16133774571875498
660,-0.4305093080597757,0.4805152841538385,0.015540969565876953
661,1.859454971965157,0.999808319059132,0.10064772691592293
662,10.191867850095601,0.9999999997382093,0.9916573206125515
663,-0.4541778865302797,0.9998376692750321,9.00303034597277e-05
664,1.0460386210365697,4.886751377750257e-10,9.743856539360905e-06
665,10.658320381003888,0.9994157105125431,0.9999758185433454
666,0.7135206718622631,0.5854097284558709,1.9652642124581907e-22
667,-0.2909809208625956,1.0,1.817315903121725e-05
668,1.334215429093003,0.8786817911915922,0.2126658673438339
669,7.554426614441041,2.06840036395784e-05,0.5674463602232064
670,4.615322427248047,0.9999754975917203,0.3074360465276143
671,2.815236905836956,0.8377181597000046,4.0531540879930094e-07
672,-1.817410619749966,0.9981163170835007,1.3970648355480071e-08
673,4.28950549930007,0.8507337427503912,0.40868994308355355
674,6.2218897839264296,0.9489803631570106,0.8136365549392861
675,0.41889484110537306,0.007207139019889204,1.6508376236712642e-06
676,-1.5692901067602045,2.305437805262596e-12,1.0399556524891416e-33
677,-1.6753190602922647,6.233632026144964e-14,1.6303002015970347e-07
678,-1.3295202493899976,1.647795654079095e-16,0.0066227260232100274
679,1.6146602936994088,0.7295449548431342,4.499023557877387e-07
680,0.029808664056562906,0.8937471581226972,0.010748361238114635
681,-0.171907229059818,0.18818535194860614,3.0296189337276125e-05
682,0.354775494208294,0.14214460661508604,4.393564610976436e-29
683,0.258979477695263,0.7160150771378142,2.2358773361373472e-06
684,2.2188792064981833,0.4973232318990131,8.028020634813894e-05
685,0.8336641549378304,1.161473154312992e-08,0.000333235353216767
686,0.9097174284397398,5.224164388541939e-13,0.13278552058754584
687,0.5907264971282855,0.9999999999974981,2.7698542317819775e-11
688,-0.19743695036564915,0.5129507892573987,0.01292754342106114
689,0.9408090516200174,5.919088818162044e-09,4.4332649282290423e-05
690,0.22947385487731445,0.8931776925429923,0.046718096121614164
691,6.67751427127149,0.00012286802328385392,0.7647434723980568
692,-0.3640703941010409,0.5078610745842671,0.0160854235393436
693,1.1097343688517034,0.9999998042178133,1.3380883697256719e-18
694,0.5546311524068342,0.9438139109993274,6.89199151955221e-05
695,-0.5646715700454545,0.01193273713419078,2.8371642938105977e-05
696,-0.27368936280165845,0.007999468428291637,4.0854027563140785e-10
697,0.5372457388832936,0.9999998658118646,7.429728174595909e-09
698,0.5590306390192594,0.9999999974432522,0.0008899127986734527
699,0.10419450289557557,0.9962958986992855,0.004354084147075127
700,9.317019878451747,8.729127590734295e-23,0.9907908635516028
701,-0.4708102076089742,0.027866665182595646,0.02714111649215399
702,0.5142991762782861,0.001106406402379563,0.025872782771666922
703,-0.2880385401422481,0.9999912653790551,0.03255167602855873
704,-1.1040836915254026,0.01250148864240486,4.030054177966536e-09
705,4.460884459492527,0.9999999999999999,0.26523454257067103
706,7.575015534067784,5.567856397283748e-12,0.7545791685316722
707,4.3906529021476945,0.9994865793290595,0.2896970655524544
708,-0.8161765413494381,0.9688084853620293,0.0064754210398127645
709,-0.36509154631141855,0.9131374736115995,0.0007064678407903574
710,0.7051977676356149,7.770785390363942e-10,0.008013178520221572
711,0.05899061961746501,0.9565675719491649,8.110203149588957e-06
712,-0.891829150731908,0.8520279407838919,6.156768197478364e-06
713,8.847456969192077,0.07371545840294633,0.9376336813424908
714,-1.6238159435612243,0.9997650802072615,3.8758086322626774e-07
715,-0.3496219900897954,3.0367149661426397e-15,0.03566286750449276
716,0.23540936002119436,1.0470916758774752e-17,0.006940130996155378
717,-0.5848644780778924,1.0585565176538241e-08,3.422749884772406e-08
718,9.785693048535304,0.9999857097367816,0.954086644997648
719,8.017011531027165,0.09671453279822477,0.9396212915778959
720,0.435739006321615,1.0624900324063253e-05,0.0010382076069171615
721,-0.9643190491890723,0.9999639975543028,3.6567461638324896e-09
722,-0.8778859921507416,0.999999756972203,3.7203023077890764e-08
723,-0.4467175494554514,0.8776498616145799,0.0007771001905553704
724,0.8344020209016082,0.30776646445583433,0.01451291404148556
725,0.9666764940009948,1.0989207922711977e-06,1.6650647795989172e-16
726,-0.05416832177237918,0.4385771977692445,0.10134554545884547
727,0.22480332866325403,0.007080991151122941,1.9674303922444664e-05
728,0.32078076702985653,0.7757591325949724,2.40913169390868e-07
729,9.941460155224407,0.004054060780884591,0.9126870224573446
730,-0.16598803248351363,0.9902002588437846,0.0002660776816348427
731,-0.6954926865662282,0.24334584926078542,1.1075984485819207e-11
732,-0.20898555303713331,0.00024505466937420946,5.475626689932953e-08
733,0.5898759757719491,3.3592233008769353e-13,8.888234367651235e-18
734,-0.7572906945171074,0.9999999993254447,0.00030520953192740596
735,7.159981916112507,1.8398088763705337e-06,0.8335418036203449
736,1.1703301519459715,1.0,0.00016389854685269084
737,8.72344190285734,0.999999264876346,0.930433603796808
738,0.2695209914584504,0.9735378757300546,1.0976717748776707e-08
739,-0.620623032850952,1.0,4.587872358702078e-12
740,-1.0622008208133775,0.9988493827174262,0.00022645500627810125
741,-1.4085250110292178,0.9957119408552518,9.641795535222628e-06
742,2.046493841801963,0.9999925624477742,0.30912426230883394
743,0.3672862550493697,0.001931595027965858,0.0018360091064496967
744,6.032874575919881,4.471213287384746e-05,0.7770996406336064
745,-0.9390390635313306,0.021038708881072652,0.02480600173082577
746,2.7901399647598457,0.0009299350378692404,0.23680089099917984
747,-0.7736570198261008,1.6972991814152744e-09,5.059948641714051e-09
748,1.6313007800022008,0.019591953232623704,6.736033812457068e-10
749,0.2672456983241215,0.844371563385354,1.563566708490392e-05
750,-0.19824392627694434,0.999991744042266,8.504732045903557e-06
751,0.090736328130164,9.883583776695744e-09,1.2845352629438442e-08
752,6.448138701056581,0.999995993884053,0.6266829258880973
753,-0.5693064868079885,0.9999997618705863,9.63088694627783e-11
754,7.820337315273079,0.06845057901422145,0.6848883822106288
755,1.851497550362919,0.03845245196067323,0.005718026663709976
756,1.1529202517488706,0.8572491872309812,0.1350334719482898
757,7.438141601123874,0.0012334251886942287,0.8590329514687075
758,8.724726327394503,0.999983812498685,0.862970563818025
759,1.2103174124106069,0.9999990496035173,1.937177875159915e-08
760,2.000545691494226,1.0,0.06607959732284695
761,-0.36921234978693773,0.9999977601026602,0.0008361133137437423
762,0.5585151381256995,0.9936349124550778,0.0002540639594135512
763,1.3355011589593475,0.8226420717134736,1.6856837663418154e-12
764,9.931226811799403,0.9999710257816138,0.9831359448473289
765,7.13751359785482,0.9980910209253826,0.913450495648304
766,0.05589893723444192,0.00039276987841549833,3.226670300422326e-06
767,2.475903197593848,0.002019406409940679,0.24323805236619703
768,0.35769044576641273,0.532065146302236,3.6116496802883966e-13
769,-1.0119734931897773,0.9999948337557679,0.008796130508974006
770,0.12447835953804347,0.9999999999999943,0.01506933287745035
771,-1.665357583247267,0.09853722987427417,0.006807412215432706
772,-0.025009682278933392,0.30021659642363213,1.884123791613005e-14
773,0.20223483250869745,0.00012155945005869775,7.01589076634171e-08
774,-2.2011630130051727,0.9999937770701829,5.245774694272101e-13
775,2.2277234428258406,2.4963483138911915e-22,0.0040848489311972064
776,4.263291024100861,1.514210210594758e-07,0.6444624612068274
777,5.614631238431272,5.2048909180626314e-08,0.572868757844016
778,0.36959064806596365,3.562253042141431e-14,1.1066668932925627e-14
779,-0.37704581272578896,0.9980860407331611,0.15384870752760468
780,-2.655458575950228,2.2840470288266683e-13,2.280598619144658e-06
781,-0.5404553867854461,1.0,0.029444140984498723
782,0.3215270273740612,0.999776485837705,3.618695593719932e-07
783,-0.9202957484206981,0.00034846717389433934,0.00018667375481015721
784,1.0918643861081616,1.581125906621562e-05,5.2965497735381873e-05
785,0.4951134265491615,0.9999734331521317,0.0016631693381495049
786,9.650383387802435,0.7206659155351035,0.7558910924395235
787,9.28862274428332,0.9999999985643111,0.9984924034761767
788,0.9400406192300037,1.3524735224499798e-11,0.12577674586727358
789,9.65865076549954,0.32622634719492527,0.9990647410129124
790,-1.1502073931951469,0.9998782466295824,8.627091834855569e-05
791,8.753481748058752,0.957240280783578,0.8840806552544164
792,2.705182618037219,2.3797752920756892e-11,2.2501163591916842e-10
793,2.7166108583309194,0.00016407563927662352,0.3922228784672457
794,0.33401685850603713,0.1369390294590791,4.793172718631711e-06
795,1.1704849235430101,6.37268106044276e-14,4.061266306580137e-08
796,1.8789147307987082,0.9999912018010211,0.019742311654486845
797,1.5070734325476907,0.3262395333463298,2.5358101936946017e-06
798,-0.6851843717731007,6.575951362720352e-07,0.03625829831280852
799,8.347790990987551,0.99999783243348,0.9185277450443597
800,2.051037197062883,5.242667192796836e-06,0.019569436666651605
801,0.4952328309944082,1.2214810668063134e-18,0.00948048154405969
802,0.4308752182591343,6.041024327255906e-08,1.9146010038595053e-06
803,1.0603161110903092,2.486511450597336e-05,0.002090657871993097
804,-0.5874135568297636,0.9995397744526677,0.15856607816028492
805,7.128534805539571,0.9999997259092308,0.7907338406452005
806,-0.4161135873258358,0.9999999950490558,1.0737480959188714e-15
807,9.020123363556529,4.8541299577357453e-08,0.9054676306612097
808,-0.694471752423344,0.6240567075581147,6.068911612924149e-06
809,0.8015695197293485,0.999999767932991,0.0008321321729121468
810,-1.0208229396485098,2.927736656099054e-05,6.756239440111071e-07
811,3.898572808333217,0.06227600965764392,0.47131300055668285
812,-0.6674567123916674,3.5212998920277495e-07,1.0335626474132556e-16
813,2.0145249233121856,0.999999962302732,0.05215276684376752
814,-1.1493437355462435,0.10808325570854246,0.003974046574137693
815,-0.8877183768130644,0.9999999999991788,0.008366486649704494
816,1.0502568932013874,0.9999998880460529,6.518679819803577e-05
817,2.1192207867427157,0.9850104858495596,0.10651792796779035
818,-2.4561639737893137,0.026457482763256206,2.4377634448602565e-07
819,1.6365030603348103,0.9897150276526937,6.282210658419419e-06
820,-0.46850318186413725,0.9106699771208192,1.2882780296218648e-08
821,-0.44646981895783916,0.9999999999999871,0.0020762982760150774
822,9.005297827326935,0.999843640065373,0.9970033923767304
823,-0.09284827160383291,7.565392502579511e-07,0.019163588995155495
824,-1.3393616389529168,0.6848730639978433,6.813210712801932e-14
825,10.18976376974054,2.860296930515182e-10,0.9925365482803802
826,5.3062852555725595,0.9963862771214242,0.43458903610222843
827,1.7257921091634765,0.9999999999960183,0.005608618791064677
828,-0.0024005564014489833,0.8974007470989894,0.0372900604154157
829,-1.782295527816358,4.242600848771927e-10,6.473828392266155e-06
830,-1.331040972405088,0.9994393159457128,2.8863087556247865e-09
831,3.1109168191818197,0.9107374037294526,0.028675237794944936
832,0.1671422330741046,0.0014043802231218253,5.8743540812153605e-06
833,1.320066634783997,0.003897921287055812,0.00038732944915090473
834,6.807909511741767,0.9461585380760873,0.6822286229230755
835,1.0416986149319185,0.9497463310981866,0.01055638921988774
836,10.996765503923593,0.3919119255772175,0.9788156772927314
837,2.6078039202786916,0.9757478548436632,0.09394461552424899
838,2.2061782175959115,0.18887656652735496,2.6187525932555673e-06
839,0.7641179973874996,0.9999995597468339,3.597177040713606e-05
840,0.42731326245446327,0.9999999999999741,6.914703202024538e-18
841,-1.5796572903088704,0.04765370821404038,6.446430740407839e-05
842,0.7690568464161124,2.2833326949565327e-06,0.02615928684169497
843,1.4853542291916773,0.9978149390110801,0.21426544912345158
844,0.9733932000083868,0.10688224769751704,9.146277771727187e-09
845,1.0464456404292972,0.28608421704406883,4.695584051866192e-08
846,-0.4669293197805566,6.327270590047937e-07,0.0008358783170173115
847,-0.5487570989695002,0.9999999854753485,1.0013003298111538e-06
848,7.601633682549504,0.0919770077792869,0.6913411477300699
849,-1.7049414259145261,0.0054494235862831125,0.0018614428398970471
850,9.69191132609631,6.695635652072989e-08,0.9441638561699383
851,-0.8652648828979644,2.8726435462757744e-05,0.0003617955479375887
852,8.757235642619412,0.9999999999320498,0.9998263428934498
853,1.4032386777422532,0.9963534280795079,1.4289530983854474e-07
854,-1.1109206681789598,6.026249932448014e-05,0.0005083892120684438
855,-1.4496282584188258,1.1390812581245054e-16,0.0005410904784963769
856,5.0217641893355935,2.9385985516878056e-05,0.6682548991951379
857,4.925333885992458,7.608427758133776e-10,0.41623817904898897
858,-0.2836793610801989,0.9999999999985287,3.2246182731736123e-16
859,8.784618992663773,1.4343368669911217e-11,0.8156581880882092
860,1.1191993025819422,2.833638266749443e-06,0.05299745319814814
861,1.9599443590209908,0.00795612339887528,1.0206687754755165e-10
862,-1.1209026767371688,0.00014441581702281041,0.00017404577621809615
863,6.623925385778996,0.9947672478200146,0.5961019912499688
864,0.05235971110347677,0.4930370153747476,6.580179481544175e-11
865,7.823461011038141,0.4976713755965084,0.9984970931415822
866,-1.1141176305244347,6.3868661678189535e-27,4.203285127235831e-06
867,-0.44935097738777885,0.9977968927676739,0.0001996961338340213
868,0.8620852136275028,4.150435983248363e-12,8.228271408055809e-07
869,8.703612256518232,1.1090215133609922e-07,0.7762688628262456
870,2.2937318474528885,0.9997313525788615,0.2872930143964847
871,0.6885051394052355,4.521460624683379e-11,0.05819958262681357
872,-0.7513397784701586,0.9999946141438812,0.020884783559487943
873,0.2560598923020239,0.9811627570580047,0.004150685738316631
874,9.007122634074324,0.020891232505207417,0.9027569496085206
875,-0.14241095883559227,0.013007137661495855,0.0030911323788615414
876,1.7985386352709285,0.9999999999997938,0.13540900199480882
877,1.3209431258144988,0.9999946447576086,3.1784237543681386e-05
878,9.565562209593764,6.9703323551417626e-06,0.999322383003913
879,1.7507454959150308,0.08991011821874835,0.0014833590040381306
880,0.7514036176931936,5.717256630260315e-06,0.007575675931705443
881,1.5185686109694718,0.9999993822524006,0.0009520429731907983
882,-0.14856936057504685,0.43674391085390357,7.098359176903561e-05
883,1.2819482238093962,0.9944185859250504,8.14476950706652e-07
884,0.0049699789595222255,0.40966367194670533,0.012150593796057345
885,7.349600181910411,0.9987778152172869,0.7491060653565993
886,1.1058302966297762,5.186508739750389e-13,0.0072969867890448695
887,-1.565862194433902,0.8964697503823572,0.004755306041829732
888,3.026178906847761,0.764725657838942,0.19975370441919796
889,9.497352956926525,1.8951250757297859e-06,0.8157008895758536
890,0.7200775357500308,0.018638009862701796,0.0002947607881643799
891,9.945663005795522,0.6417845182415954,0.9683546687909953
892,0.0768786865227893,7.001546961070879e-06,0.0023354178054310667
893,1.4222038816027596,0.04139251718347407,0.0401171048548375
894,-0.4023843147407256,0.999974007826077,1.2543445288671905e-11
895,0.9725418706854297,0.9403427307295087,3.0427637990884184e-16
896,0.9669028382146669,0.9998683367190783,0.04685829052591539
897,-0.25382189759329987,0.9851774993683848,0.023019995173111877
898,2.9427022684491404,5.4013183103727924e-17,0.3211116042550598
899,8.767748162309157,0.999052048691024,0.8970095661400905
900,1.0283573425559447,0.06398309285214958,1.0955121741360461e-10
901,-0.04873178855840484,0.9999987434120616,0.0014994772020648689
902,1.2861524780242874,0.9213880406696943,7.715097650358712e-09
903,-1.7996621316961285,1.5433704819475945e-05,1.2943127385098487e-12
904,2.430981153558105,4.568792570934817e-07,0.21057185369963888
905,1.2453850125679617,0.1730440092774012,0.15385879166669308
906,0.48583800824789464,1.2816710760288547e-10,4.9004757194253e-05
907,1.0740084785131407,0.016828837189445885,0.13080561023602968
908,5.566135791956091,0.999994491778186,0.5717697474934107
909,2.34720433905112,0.7700240817680377,0.10395652425509622
910,9.229291159463179,0.9999986965416088,0.7838236385349292
911,-2.52429334110486,5.900578197940853e-08,2.5612902217826185e-07
912,-0.487662525773002,3.1276252295215195e-10,7.64305321802947e-06
913,0.44466938698641567,2.019005576285737e-07,0.007821916684941088
914,-0.793043985858671,0.9576491789160075,3.2751984652048704e-06
915,-0.14935212112135823,7.798937479085075e-08,1.0440871428171745e-07
916,-0.2843255373692155,0.00042217709992435116,1.4915465154255207e-07
917,0.3793856591644843,0.9909148337584887,0.009938646329224064
918,-0.2418745528796466,0.062027144821273104,0.004939480535240526
919,-1.0212554849623883,0.9999999999719466,0.11740524122177079
920,1.113869719352087,0.9999974994065578,0.021089252477744805
921,-0.18524378731160435,0.0034454808506994288,0.0005147437917167496
922,-1.2306541828130686,4.5752061535952876e-09,2.1186200362018903e-08
923,-1.027375124480027,0.9938982353650362,2.458966176447542e-09
924,1.2703912888807207,0.9999999877486077,0.20768624612450332
925,-0.4388875662905725,0.0009224356008471094,0.015465834644135661
926,0.4998422999347477,0.23583970311461822,3.860900403038812e-06
927,-1.0423651538793155,1.0,2.9004357181065854e-18
928,11.2347094036681,0.9999402449774406,0.9825527092101228
929,-0.3105975479184829,0.0012019510416067275,0.0017841412082753327
930,0.4410744062934808,0.0047848065162377305,0.014666393230064034
931,0.6184505312141216,0.0021569403184878728,3.095032530325166e-27
932,2.5206500946379284,0.22811823184667684,0.14831765954157622
933,0.21824089897656565,0.9980357517058444,8.91841407138733e-09
934,1.5948584675772572,8.327741926372595e-07,0.07351593959391653
935,-0.3629333712214885,5.6060367752285874e-05,5.222172706536562e-05
936,1.9824860125719161,0.6231280157869088,0.020246162851473407
937,9.022080355862068,0.9999999877939951,0.7568873580252308
938,1.294239703135616,6.811681584165541e-07,4.469016650524275e-06
939,1.1262681819784146,0.9980192346278838,0.13916683376562336
940,0.783657541583441,4.071165066656897e-05,0.08774982620866781
941,0.9906876844430685,0.999999640922679,0.0026595707004258757
942,3.1589049761435626,0.9985218822190556,0.23398215783909126
943,-1.4561172955745652,0.9916406370887582,0.0003312887073401604
944,0.17859165364289087,0.999905891772649,0.13016912602351735
945,0.04832417339173689,0.04611873815272159,0.03872148475221863
946,1.027031228669291,0.9991206111010972,0.03801279965984452
947,0.9708871712444428,5.128170183196498e-07,8.700895075007803e-08
948,0.43618190534671086,0.04738277631332784,0.13292184506505156
949,-0.6200687724760976,0.9936704846474731,4.01471637196763e-06
950,-0.9633876151003752,0.0034599618526077246,0.036758177819839
951,0.07460524638794243,0.6570435746009938,2.9430659565507857e-06
952,0.6641001211594763,0.00034409910180109837,0.00023515869705046071
953,-0.19656630530784774,0.12681891075220306,7.363937743243653e-07
954,5.973154017787068,0.927452757219645,0.5134547676412875
955,9.688980301352798,0.9999918722219698,0.9649246408867869
956,5.32474581918326,0.00040716258706473653,0.5173379558295282
957,-0.7547651379543735,4.632554737952801e-09,0.029522613943289776
958,-0.2566900133184514,0.9999999047860636,2.2286761548470987e-09
959,-0.40286217764347876,0.5035320878239802,0.05534523306472103
960,-1.7030459175024897,0.4465645994992169,9.121213229087322e-06
961,-0.3446697394766946,0.273866242403645,1.6969075722868516e-22
962,0.9018482054280589,0.996033230248291,0.0010659439811513426
963,0.6769066649498969,0.9319802104702473,0.000505509861817473
964,0.6826298933881703,9.457271323155546e-08,0.01980287652990605
965,-0.09053216899228198,0.9996320157091828,4.387896036262175e-10
966,7.0505920597302065,0.9999999658845123,0.7263465591173642
967,5.007938533821681,0.09969257403070025,0.42809168092119687
968,2.0835374289813435,0.9995947370703713,0.16553508652185228
969,3.4590371732750187,0.9999616855307565,0.17454307469168653
970,-1.1687152562651815,0.45608460795719413,0.003543831644848297
971,0.3494090393086177,9.304745346567761e-06,0.0021691873977446466
972,1.7110643913304864,0.004142201629375368,0.00012537215168904832
973,0.7061376776649407,0.3426913648439938,0.06177150987511998
974,0.6994114391748,0.7067027569415917,0.0068653827138520675
975,2.289649296056477,0.9994639915489112,0.133765933255856
976,7.890988037838731,0.9999375681841829,0.8810783632802383
977,0.17541487480329637,0.6847185277795624,0.051503265784383266
978,4.04324110654581,3.0749056176127878e-09,0.47064550767214175
979,1.1973224905651032,0.9946432851594736,7.053177337031772e-17
980,0.15676108345768816,0.9997747709719527,4.576816322086477e-13
981,-0.8287424561261141,1.388878140315582e-05,2.071074549686456e-07
982,-0.005661723649587083,0.9772645752160992,0.00010324839376226728
983,1.675679595723507,2.2417803040492778e-05,0.11211563438394033
984,-0.5287767671530136,0.010666559501105295,0.009451517797418473
985,-0.1361844411201277,0.999999922384298,0.00010067860277218789
986,9.149861099691755,0.6418610675368264,0.7984711723836488
987,11.261780930068186,0.8072124598817388,0.9842940487560999
988,0.22366767627173528,0.9999999991602483,0.06468072797039132
989,-0.39108228952631047,0.9999999998118932,5.629520432159634e-07
990,-0.005987617488126304,0.055256912132839515,0.008389347549956619
991,0.9008563867433493,0.9999999999985949,0.001041884164974498
992,0.19416156610852836,0.5641988019674903,8.242563439897641e-15
993,7.089696582381815,0.4602537554510049,0.6613837344048181
994,1.6825451185368165,0.005742436243464829,0.026912018901954705
995,5.264834095436134,0.041717895332359076,0.4378235920155718
996,3.057846778863037,2.3187233332253857e-15,0.16375177510403194
997,2.044044876208758,0.9999822791461909,1.9946655901990873e-11
998,3.970866749657601,0.9999998772400355,0.48338099117671357
999,7.105416914751735,0.999999999927789,0.7341922868439799
