,c5_ethereum,c5_cardano,c5_ripple,c5_bitcoin,c5_iota
0,2.5591476219642573,1.7774379500074247,13.543422403607337,0.5339883717406337,3.8415009566283516
1,1.3314314853214455,-1.4216975273031949,4.585355624143858,2.0620763164261007,2.112917751796658
2,-0.4345582512232795,-1.719672043188666,-12.875439099526375,0.03551577788857685,-2.908934352316919
3,-0.16300804209095077,-1.4536201809746672,4.472770020537155,0.5325853593913052,-0.07056368627627307
4,-2.8705745211527756,-1.1699151910142973,-7.526792889663739,-2.309921246003796,-3.524431433674181
5,3.16940230349428,4.135251457311142,9.859607156544826,2.913175287470949,0.7146421026072858
6,-0.32599837289581046,-2.7512746102338497,-0.3891618475925043,1.5596756201284734,-7.434274361090729
7,0.3124172289553826,0.7570812139163081,-6.051455683355698,0.46034810211313015,1.343475188332377
8,-3.2784461520441255,2.514002227809442,6.418510119880011,-0.6374615082895616,0.4813118892216153
9,-0.3815961668633463,-2.1192307515007087,6.307278222206378,-1.4535143922148563,0.41672384517505634
10,-1.4595854368317305,-1.278088636352777,-0.5889333444954445,-0.49680625578184845,-0.8980357343966716
11,1.132387069905235,0.10428301321485378,10.217425993613688,-0.6035967447023722,0.9319080898158063
12,0.24540881140728743,-1.52141405484781,6.134349796077686,0.10654354977850744,-0.050808963389499695
13,0.5451373881187465,1.8726031628154942,7.033632555347367,1.3840341475060995,2.770398777595801
14,0.027249070127254527,-0.049378516514934745,-8.093823359159842,-0.7095218120848585,1.3367857698867738
15,0.7899002140311495,0.2358975776578518,1.038565488352333,1.453978304627526,2.6715869374017984
16,2.6647104981075245,-0.2029782957340558,5.598292870334262,-2.4481553500118025,0.4877285903949087
17,-6.347152160227779,-9.619991000015261,-24.07174612636686,-5.199997470748713,-11.404228669818849
18,-1.4357307941863837,0.26032219172157056,-7.584555095409996,1.6412748537550215,-3.0795984072481133
19,2.569184877501357,3.5160108532036247,-0.9771220980765065,1.6029925954553619,2.2391006606299015
20,-0.354919737263117,1.213358117039661,3.251891112512567,-0.3203930181734904,3.1643498620919672
21,2.0867580319099943,-0.0826822109695513,-0.7133568615288368,2.7023199491322885,0.05090120586055491
22,0.7490790083802494,2.5654732391972175,-0.35908632865425716,1.3129648272843042,3.7189495689963223
23,0.884552372140206,0.483729121129727,4.86991331017316,0.28365776880673366,1.0880033510634348
24,-0.4081577178067164,0.3626433442493635,1.6488849516647406,-1.6676428013688565,-0.5269593890307078
25,-0.9121541764461654,-0.8133835001849548,-6.359188418892245,0.03551073312155495,-0.6726143148628125
26,-0.8175612604354683,0.39028681078661975,-0.6075401684436201,0.035509472156263655,-1.742788597601475
27,-1.2139482766660876,-0.4617642775456261,-7.641205084662943,0.4260153429950151,-2.7744161170578536
28,6.217834001458868,5.8606499314041685,8.572320361922948,4.568239259862821,6.530317645798959
29,-2.322061294725245,-1.7179032679700867,-5.70225034484065,-4.035975173346742,-3.2682915528739613
30,-3.1181305602722205,-0.5312870690845557,-24.710218536100683,-3.660599378643383,-3.60852055757573
31,-1.9520724779631564,0.31223381636300473,-4.170745402132525,1.8497444090335193,0.10531984116619242
32,2.8108687165995434,-2.077914281232097,-0.844505486694743,1.633465083914416,1.3274375787502777
33,1.8649991452275572,-0.12623941046490472,2.119091877212668,1.4890979528790922,-2.632827596357174
34,1.4134470068165683,2.8940090136950403,10.69636148100949,2.30019387649736,2.3851277258966093
35,-0.4890440644649061,-0.6296108939045553,0.0,-2.0168074063039967,0.19002181914834182
36,2.9035867459433575,1.149425413905874,2.236884148393301,0.0,2.8223195281595963
37,0.01354839146733866,-2.5414505416838438,1.870789575750905,2.4055480681709014,0.08458047244926092
38,-0.3658710142235577,-2.6029096978536472,-2.3412969180117216,0.988840312245884,-3.3616552550997767
39,-0.4880363412812585,-0.19796644533425933,-3.1363332452999657,-1.518978690775839,-1.8278932000926034
40,0.0,1.2586188184391176,0.21786690234034722,0.4948045622986683,0.649318663188069
41,3.1409527196919953,-5.977402897937736,3.8818640903930373,4.020035035136971,-1.5372897757195005
42,-1.7723424582982261,-0.7185893847436091,-6.230973577234863,1.4067173060029745,-1.2056359827122378
43,-2.1146815525871716,-0.7412406716268833,-7.74055993499087,-0.9141411226573837,-4.902196670850117
44,-1.045435817890393,0.3540939381809949,-5.290640666088393,-2.1127512348521122,4.701115946486425
45,-0.3396623788639772,0.5198482602609147,-4.679586777075201,-0.317298033651241,-0.49776348398449954
46,0.3260780985920064,-2.7183633489198655,-6.219350133772878,2.7817409089002467,-1.0201662834454055
47,-0.25813639255011367,-3.3263301965614573,-0.9789206550842664,-0.5627660097161424,-4.4202142487433775
48,0.9235492106827223,0.783988875265095,-0.28919799069035435,3.1965181686573487,-1.602528700328321
49,0.48859272697427514,-1.3014245203207793,3.102178669068053,0.2805245828058105,-0.20951363718495486
50,2.3581720195443268,-2.262053638067755,3.4541546834545898,0.2103418062088167,2.7408132223667963
51,3.270538364071399,1.822301117015968,1.699479683034042,0.4906255574151146,0.9107967703982922
52,6.241025274470303,4.582844880244238,0.30994770458937637,7.713152278387497,1.3783128283960195
53,0.7773965649930688,-1.6363029867877685,-6.831825999455759,1.5285742076539464,2.021278736819795
54,6.517030050084941,-3.609319177217685,-18.55251834226374,-1.45904284898279,2.524268885478932
55,3.017074665144719,-1.421717953240659,1.5928099391187516,-0.24338090970741177,1.8389387608349352
56,0.5041727030948095,3.1084297946572406,4.800976975737285,0.6952169356754894,2.1541533436118243
57,1.656671794693466,4.627993699353738,3.2662080345471622,1.631859813896881,2.6025332687422633
58,-6.323333635143172,-2.5721633091063723,-4.162278120019209,-5.112787862275582,-2.5855898310201155
59,-0.7065489379074279,0.7157699965187021,-2.1254796233290563,-1.3259362004027935,-4.343514066520356
60,2.610411156828377,4.891229900682674,11.999100578018897,1.813996171744293,2.579857142514811
61,1.9135201310054981,0.3476715697624968,-0.25698833180786096,2.4019644987820357,1.1636843623787172
62,-1.0891945023131484,0.3640977587526777,1.0789074657484434,-0.4868887903103314,1.1555582445182608
63,1.0626428926207154,0.9923206230146207,-0.10737152190790766,1.5988880708973738,-1.2844128627780265
64,0.0,0.5508640441614716,-37.423992104758554,-2.9564724757310614,-1.9857811066981412
65,-5.00426938712917,-1.670052170786903,-6.247361552884968,-1.1501665523901465,-2.9980132132825474
66,4.446522669351907,2.924888683870222,2.1241049966602077,1.3591456900667254,2.345409232349766
67,-0.13284270115309482,16.052111892582616,-1.8754100343774098,3.684781865873447,0.3399510503231795
68,-2.727171619562796,-0.010825322594655518,-12.363037428639018,-3.5106659390512505,-0.46576223510351156
69,-0.5863148945354624,-0.9314164158595304,-3.298023929577994,0.10445500610330782,-2.9219075153391714
70,1.9973907410267202,-6.020939259552506,9.209157830694494,4.446613315680224,0.7875076473064837
71,0.9307521148457454,0.6756278419513819,3.8497378201559513,0.41585805977774726,-0.8557193081164769
72,-1.4896194915381784,-4.219242812128186,-2.295324469719617,-0.6585218156687915,-0.027285967169746073
73,1.941386706238518,1.4211380239555638,1.8503747636975731,3.011789789827162,3.95890478035426
74,0.0929855673784914,-4.3627435654741475,3.9048821534427134,-3.5319819258493226,-1.3632525708983394
75,-0.4118588843703037,3.313482870037433,11.932113829920127,0.4508488172232319,6.922765553029194
76,-3.901132013780625,-1.285751589403617,0.0,-6.504936408238791,-1.3049447757455255
77,2.2386875721458637,1.2201362266366687,-3.399502269713139,2.2658751611452317,-0.2334468436915813
78,3.4813147212980766,1.0821033207485016,1.6023401450502206,2.5733774112322862,-1.649212595588324
79,2.755187585481508,1.2500649860164685,1.3879052091292579,3.2247466354183416,2.3595335890556726
80,-0.7542725928115033,2.9143819399632775,-0.2841709572326181,-0.4501463051474275,0.5746524356072769
81,-1.8152312116153553,0.2665006039230775,1.8096068081940757,-0.692928690719782,0.17571010581059454
82,1.2458418332207657,0.33166684641469146,4.777766612515961,1.5930187604881212,-1.413313101470976
83,-3.675718547451652,0.6575711949049037,1.878940409977531,-0.41532551734053413,0.15224691095045273
84,0.9035945070318121,0.5376913618265462,6.612688133487154,2.5929589801544353,-3.232608077973282
85,-3.0862169149140755,-3.584632905462513,-3.488944925898295,-2.1084293105377583,0.34612409233454855
86,-1.1064381156875243,0.33779734659924543,-9.713134446909862,-3.014816456590779,-4.601008230570642
87,-1.8556967857548443,1.1215402207863008,3.4031515565920927,1.6644708746043761,0.7836323461947359
88,0.6278512332464743,0.13602370097942185,6.157599035092289,1.1427187558547303,0.6877274963712807
89,-3.35757072360866,-0.8926530893959352,-4.486666874438242,-3.050156605500888,-1.628160028320508
90,0.20096866966105154,-1.8095211887832647,1.6394895922542219,-0.5208423875101289,0.023862483915308985
91,-0.1339746254061538,0.7689015176081284,8.436821813661481,-0.7296353884157725,0.8791059582110847
92,-0.4154354426173086,2.058398226214649,-0.08051205672381911,-0.7997357821186597,0.7081743358069161
93,3.919658804583378,1.7501145845808423,3.819541004796065,3.8190512688688614,1.350269153559566
94,0.41381060079129384,0.40176778362842924,9.2611517872881,0.24253763783417526,1.467242052442998
95,-0.34705537216359517,1.5946198530068614,9.986431418238453,-0.7971303730209911,-1.7969884056994943
96,-0.8280799703870798,-0.8675049476739787,10.020576123056571,-0.9712780005957029,-0.23462803912707386
97,0.49425925571540574,-0.7379713719874417,-6.361748131467948,-0.31239695493604813,3.0085831767614764
98,-2.0721794033888727,-2.7178213293016142,-3.635687289174939,-2.2591025334659207,-4.2472431324547415
99,-1.6206265057180644,-0.1796363185919745,-2.613653649685375,-0.6613181355169218,-1.7892354175123728
100,0.3752546414780227,-1.7763252184706744,-1.7183491361458891,1.9826438258623966,-0.6039502624118995
101,0.5492260739129051,0.9212495847700666,1.0685101804986061,-0.48660110097625875,1.1393524662582877
102,-0.4018431258527926,-2.3620619281125528,-4.378838765358523,-1.9487756724229257,-0.5626915217858368
103,1.793650424655425,1.4080896517891688,-11.279311230781786,4.136618395416008,2.333953940895981
104,3.2711401377300717,-0.638306599776115,-0.45760437834292134,1.455907079131066,-1.6928517688581906
105,-0.01332986756824539,0.245550757939327,-1.5819986062717817,-0.5890404009460326,-0.44668202949856095
106,0.23991043458863714,1.3140355589837327,-5.815830002344455,1.0392490629456006,-1.0953856698881737
107,1.2253108095128482,0.8333265733344888,-0.17590191374324604,2.006157498964967,1.354553741832433
108,1.2238112601598914,0.17964609767159345,8.28599302355019,-2.0754071787123394,4.07985362612385
109,0.14622506722480466,2.9133780438005488,2.8721986399482375,-0.8660258616964711,1.8591590966309468
110,0.7175221876022988,1.177073778946351,-2.900490784635849,-0.5893262784738909,0.7521803418921991
111,0.7037344688769736,1.2623220271891569,1.0651184183745954,2.83943540610926,7.860561764944805
112,0.7828204490342614,-0.9913031571966258,-3.7281603910746526,6.101678788951176,11.59647298021332
113,3.429217885007347,-2.485282229922632,-3.386245619654801,3.5678791836617165,-6.371273610066737
114,-0.1189650046026145,-3.6413851358022384,-2.6887355396559087,2.0184403288003523,-5.342820532681571
115,-2.395527731283437,-0.5127086400084409,0.19501011974057292,0.8881905410889885,1.0178049548524086
116,-2.9593083815198042,-0.3110258694919139,2.4178179700370492,-2.11929664008494,-1.0547744634143328
117,0.21261893451628566,0.8073755280099704,5.035338384955821,-0.03421903605340049,8.850370374730801
118,-0.9039428472897271,1.215288807879233,6.8777615051565135,-0.9243568675428833,1.8704471560552065
119,-0.26602112364616914,-0.3704248488475059,-3.338885585880689,0.0,-2.5335981471753257
120,-2.3707108582148066,-3.4821561219714567,-1.8597648874124388,-0.8223684673976095,-10.16539949801745
121,1.0928234578632328,1.8135441723200074,2.682607030440522,1.9862340011659398,-2.7719905251578894
122,-0.5595896488712242,-6.301431962338256,-2.023054089187326,0.0,0.6009128654641245
123,-1.266894877163395,-1.0880138228969827,-2.3669877707734486,-1.3008799890085356,-1.7936800405520898
124,-6.707885130508657,-12.169368696424044,-11.332278822024136,0.0,-9.16027605928798
125,-7.889933100933376,-7.059431055458617,1.283516533883585,-23.28910358804933,-9.861586782836866
126,-5.880252967837805,2.194653095685908,-3.5539797514495604,2.4863874412130826,4.891514930890025
127,5.175903581437524,5.187514770707139,4.426212077912396,6.206435543141197,-0.6002679090083802
128,-2.333311782345845,-0.15022659205851596,-5.426851325656344,-3.063535903400407,0.9259768001406883
129,-1.5222978759729813,-7.411309450417093,-7.013355991656681,-1.186156990874224,-5.406765596735113
130,1.8617803721208475,3.9945226406016445,8.855862895874907,3.5542583935603034,8.104353440668774
131,1.3296611323648904,2.347857474490411,0.6548272231045758,-1.3226594340376323,-2.5193499987685755
132,-0.18984337978236,0.05570161758942049,0.6066468617725604,-0.6271340181847336,-0.7405807725776867
133,2.559849703139662,4.202083877154337,5.83269716440941,1.7062770745415037,2.408306563162796
134,0.37868030368281325,0.8039410173996657,2.593530905965963,3.7505253020535747,0.2531688889482666
135,-0.40573438479259494,-2.5526639241279554,5.7509412864542355,0.03466144434605667,-2.3802644597094513
136,-1.3942755749494609,-1.2565260380804375,-0.26839633352801684,-4.202781407257135,-0.49388645045542034
137,-0.2980585571640404,-1.040886907278491,4.5201533557976745,-0.800877525962278,-0.06518379258773166
138,-0.7455352949618828,0.6179833341179801,3.6033376845189196,0.3134632490018703,1.6899741956240177
139,-0.027120850510982564,2.023864491455015,0.34094226496426927,0.17410380112596613,1.970882231099722
140,3.924864284819705,1.7536659432837496,2.653504857519465,3.0592758085822425,0.6629305874280362
141,-0.06753973027207394,-0.3271915624857229,-0.5124311241668238,0.24295010965579422,1.0038104665568426
142,2.9270353325227916,0.5046066254899415,1.4248399465882358,0.4163486285942781,-0.7988693351794609
143,-1.3477999209926566,-0.17187036581390203,6.035334895605274,-1.5274598540181614,-0.8200166512865508
144,-2.065656175072945,-1.0262925945396546,-4.1479893091714075,-0.48649964472133433,-2.741682973844263
145,-0.4731360219120688,-1.7721390016822625,5.903956581839111,-0.7649779572602711,-0.9979065367970179
146,-0.2434142923257241,-0.30029696258407057,6.231840190975163,-0.1391497949789482,0.7613795741913236
147,1.0678779308500452,0.29473672716358124,0.7705256007666321,1.4601080292632105,2.000144512772522
148,-1.66314020203572,-1.5692213317661299,-3.246644277038058,-0.6254995512699679,-2.926222945767222
149,-0.46021820569148986,1.0074782449271424,-2.7036192899163325,1.7365336215316347,1.5635450389947891
150,1.1231015016319361,0.4171661132504596,-3.2567976844204622,3.844360285616858,2.108282975858401
151,2.6066829543688073,3.342163745687685,1.0867781799454406,2.4167944369510224,0.41702273720079575
152,-1.3092452115488413,-0.4324084664208385,-3.945783090642635,-1.6220603718684288,-1.3200283705161837
153,0.8775187035816998,0.39361021455420087,4.786647289805842,0.5870064566624933,0.4550252138524229
154,-0.3779136512284822,-0.8594900703494659,-0.8269980674206181,0.13806910380480986,-0.9753076841975599
155,-0.24301992883101775,-0.3883990793833618,-4.990337832129853,-0.4833252873195306,-0.22257187023137703
156,5.238822273474398,1.602560002277869,-0.7899848919628312,1.0354111506912886,-0.4589968601619603
157,0.8190283559679301,-2.924246399716367,0.0,5.126716546525131,1.1265639112505141
158,-1.5983992550109178,-0.5502919743435086,-0.060436303641154154,-1.236263893719297,-2.5562841593857684
159,-0.5782018085337768,-1.001307345919713,1.857907787700242,-0.274932986814747,-0.2951127969972731
160,0.0,0.0,0.0,-1.5479080537679692,0.0
161,0.7932613539742306,-1.0190246644915533,-7.302838074424471,0.034424000417857314,-0.5630147528129328
162,0.5240139588240709,-2.370601206679112,0.6121681457193517,0.0,0.3673687341861296
163,1.6374523831555052,0.17868809482297365,0.0,2.0976263257798564,0.8509529126781672
164,-1.1539907887909067,0.7032741607774824,-0.6869624613862015,3.4634741341633344,1.0284116746681775
165,-0.3760054833674076,-1.6752761142747659,-0.08882551635679192,-4.150735767345395,-1.0798600316761622
166,0.0,3.124915352274911,6.366064300270182,-1.3759418771533092,1.1757911805937056
167,0.40285760871483944,-0.7970415134334417,0.28798365195098086,-1.3089007104281336,-1.0934750798608093
168,0.42953597352970974,-0.5298545255018325,6.125515431996519,1.24005389456579,-1.5136410756058467
169,-1.6117121210954792,-1.3677639753077528,-0.16156841418819567,-1.377932630437499,0.13738622724667948
170,0.20160612950894574,0.9101900021667007,-1.0762498584967943,1.9285744862499996,1.468852363039332
171,-0.18816445628908696,-0.3572764408609146,-5.826271710138144,0.20641255061309494,2.1958192356942163
172,-1.735469247592846,-1.3073796167825549,0.8689086914814652,-2.2039335344088613,-1.1846638789365898
173,0.0,1.6758188898775188,-0.023223031675115635,-0.7587253778237937,-0.688845696678527
174,0.4711615565493048,0.36830357559188087,-2.9444004442909772,0.06899882704783522,-0.5658252025473303
175,0.0,1.3604306410879872,-2.696161238447985,3.06563800364529,2.7848826031952285
176,-2.7088417742033926,-2.4657485604027443,-0.04671041876736126,-3.583245289308252,-1.996244437496216
177,-1.1747629882920592,0.7816644266119965,2.039212367023538,-0.3106930205376557,-1.1248556535474563
178,-1.7850386088866799,-3.2255117085712754,-2.721433068508304,-1.9353729904887587,-0.3981178687386091
179,2.1362618148414185,2.2036419331629986,2.2411693338758596,0.2767112881265348,1.6703455873209805
180,2.60330753407834,1.953485358927992,5.6274245214558505,4.58914250185444,1.0481140046954351
181,1.951403947392464,-1.4787165205386827,-4.378286636936991,-0.27544415544070944,-0.26021337643555853
182,-2.0591785369433637,-0.5306388177878034,-1.099905034360745,0.24101778483782255,-0.5069257119887425
183,-0.7547475323572144,-2.097380721828358,-9.275982859307078,-1.5848955908550124,-0.7951578053096
184,1.5627739718502198,1.5105574030735625,-3.5126053651270013,-0.5518573588815343,1.5520265966313218
185,-1.616706313740906,1.0839564349860211,3.333737223419803,-0.48312513880591723,-0.1677631188704254
186,2.800631972352676,0.6364164387907749,5.43645444543904,3.5489743512425775,1.9737129815564458
187,-0.21515497964992392,-0.3460709814949041,1.0856240128116497,0.06878761825646507,0.044423561581197646
188,-2.9900622982895584,0.3460709814949041,-2.411495803642538,-1.6177613028303313,-0.42381281779489655
189,2.0482145927026068,2.1797249690462195,2.430203127560617,-1.5168755278627941,1.0421205531879423
190,3.0376367443486743,2.391667018756152,0.6077975940661418,3.1002436130311253,0.5155334434198267
191,0.4293630733218379,0.005555354945499857,0.9857165345040357,0.34387895799773105,-2.4810940471802496
192,-1.8395069401958608,-0.2277948633775395,-1.2381414511185085,-1.1008291730540805,0.2839631003901104
193,-2.0044804817407567,0.2889017309751125,3.0761714516904703,-1.8259182031961245,0.14708171099641731
194,-0.04039995960556553,-0.3111283985317641,-0.45685942577688365,0.4826421302368544,0.48897666367201964
195,-0.13467832103378896,-0.5780668272807361,-1.385839926339031,-1.103524492978977,-0.4923969228932492
196,2.7707182583008034,3.302705389777884,0.7514849181504815,-0.13802622520233854,2.769994991326712
197,5.505154043527909,2.8001302149200455,4.111486041108492,2.9633735203697142,4.6890770732134115
198,6.630123339517922,3.5580060869035606,17.489719412959857,4.736905160472816,6.085383105863457
199,-1.6334773451299043,-0.41307180050512216,-0.808534882990898,-0.5480578338174382,-2.6624515673581755
200,0.25250008440161764,3.6676101322234445,-3.625879538991512,0.8562084191726171,-0.3857646139265398
201,0.5844923717459096,0.4225325124803021,-3.2524835728602284,0.5475889113204175,-4.093522392984369
202,-2.2468483789762104,-1.7736391423625264,-0.036811735585388305,-2.260739470788394,-1.5781188972816835
203,0.4391305286235365,0.29674079909159445,-2.510995557874139,0.6513429893802822,1.839764240212844
204,-1.9176227361713245,-0.23628645721487374,0.24446550967104486,0.17133556111366488,-0.3771988443306782
205,0.7062194237360018,4.222747656619049,-0.5720507251271556,-1.2342717650171835,-0.1631570900474344
206,0.11987453146684857,0.7603918298771077,0.30913256265603195,1.4740922434084496,1.6982488347255185
207,-1.4661195780745402,0.9947475965245758,1.769903808711888,-0.5482456277659367,0.2341320413604535
208,-0.974158197581346,0.07101554970404322,-1.00901440762118,0.0,0.0
209,-2.9817440545084537,-1.0876368474785068,-2.5293099425289256,-3.055114540107752,-3.327100219351678
210,-4.401923552077278,-4.560161369093748,6.944856134417705,-0.13752793557796394,-0.23831734450232034
211,0.5647438633359343,2.8744479351914833,-0.5141435491841548,-4.238243513178531,-1.015187011035323
212,0.08065166550022695,0.7009013439790124,-1.1853731867233819,1.2078338108894968,0.7597839580912478
213,-1.5873446255836825,-2.060297279994984,-1.2466162427895142,-1.035196779817852,-1.2268434859877289
214,2.1920248689493746,1.7810907721218427,-0.2762138465145654,-2.315815977166494,-0.057971508724676823
215,1.6106953631224314,0.3996244678100993,1.4262843575850184,2.9370626320614974,2.4863434287872224
216,1.1393415838847432,-0.26822345911818957,-1.2559434682239043,2.136900241013791,0.799084665582086
217,-1.9577875215763925,-1.6711737444102255,-1.3865890064512314,-1.48155831879194,-1.4558320881444615
218,0.22815882637405593,0.6249623307282945,-1.231575534309286,-0.41385019213885244,-0.391531352192942
219,-0.20131390945698513,0.32877072921610306,0.9042259335419658,0.0,0.11236815906818265
220,-0.29533372925834556,-0.35617316967909574,-3.4089524857556626,-2.313816583211519,-0.5824082233095851
221,-0.20141392644018197,1.2378408381023291,1.6597360715684317,0.10371830118856451,1.9264418529364775
222,-3.026087160624229,-3.3720557334561363,-1.5949593430480036,-1.0030611497677455,-1.974139423095039
223,-1.172546379160849,-2.959216702531876,-4.223885804310157,-3.292954326581821,-2.9343645129313245
224,4.131486548281828,3.189865540699884,0.42737227097404684,2.565971101721516,10.155029175967229
225,2.119668086365891,0.2470647349621231,0.8449161621645089,1.0037902575259068,4.825368480946963
226,2.1285576019936343,1.842823111451935,2.798902656194059,1.7628458964554738,1.4027441586051737
227,-0.387889817406176,0.20272250919356338,0.27760941459268906,0.9320147725866263,-3.1783361379759754
228,1.0964033723003013,-2.1773058830390255,3.629583673766547,2.481134323586957,2.976623597832031
229,-0.4678300124751331,-0.9557814515023892,-1.5591991275684904,0.2064835852888791,-0.30937160820690224
230,-0.5616850699325369,-0.0879338298498169,-0.7758919682628402,-0.34416299899203295,-0.0336331165149204
231,-1.552961648722885,-1.4079938966344798,0.6974064614946656,-0.37871615677067894,0.6153070424868474
232,4.304877034108358,2.8743785333408596,0.0,-0.5855708621929807,0.5443822907766389
233,-2.0030720458535143,-1.9501589654214513,8.010600954164602,5.977345175719165,-1.5297282924959745
234,0.7215682395462863,2.9923456769795393,16.07463861391352,-2.4347182097317273,1.9932277214195437
235,0.8812102523597787,1.8513147975741049,10.299592664136753,1.3038258837950707,3.2619237378946764
236,2.2795298844457648,1.8369695177123049,9.23593100511971,-0.7889546760325175,0.006693933288033804
237,-2.453040198734925,-0.7048660636562545,-6.162623580638638,-1.786021426165462,-0.7366014214642291
238,0.2535818448995997,3.5466060724959334,0.12006803869940086,0.0,0.803538289981816
239,1.4801680225855307,2.860843234331014,1.3819675459706104,3.0891766174445365,1.4547694749880975
240,-0.33318007358320756,-0.09233284367292072,-4.231911140204829,-0.5484899523889908,1.999776985285962
241,-0.35995920850928087,0.08147059866382733,-4.899472469312741,-0.8576182752367458,-1.2247644193514589
242,1.0128877493589243,3.350831624911052,0.3808371743107273,0.48035684574279003,0.587540159914397
243,1.690302460759085,5.898957940979017,1.3116575992532944,0.3772614294939558,-0.8647385873357507
244,-2.823205412187235,-4.41149427860455,0.3712492131228373,0.0,-3.5033220320660803
245,-0.37347276750642777,0.11890156585741352,-10.171811388832793,-3.3660813537262584,0.7538989495903934
246,-2.3106265664573584,-2.359053144680047,-1.7046524851602953,-1.1015870851333602,-2.34061781103901
247,-0.32097147641616175,-1.2683959745895663,-2.7325950129963985,-1.1372840817075485,0.37258512406606314
248,1.1496712672123977,3.0057619484387033,3.175993807701161,1.6193777549578954,2.215857522969145
249,1.054929891588472,0.275752440939641,1.0037074719114116,0.9634906632945786,0.23437238530937066
250,0.0,1.1238506029496875,2.0314566656838906,1.031282318972444,0.9235619359271823
251,0.7604613831981624,-0.29164754061616804,2.5807628245649994,1.0645422615543794,-0.8599560513569031
252,-1.2944640125015212,-1.8923732215646396,-2.2741457553158853,-2.9216168718885456,-0.9243568675426559
253,0.4806151966913603,-1.841740856880051,7.438151048538884,0.8257922913617222,1.2858292690445978
254,0.18684354576726037,-0.3633317014337081,-0.41178235199322444,0.4813974372591474,-4.618589530792178
255,-2.351433319468015,-3.765807373312782,-7.7073664070208,-2.960822930053837,-38.523170273128244
256,-1.6868151314793067,0.7999935121065391,4.263246925049771,0.03447859741572756,5.498214218284147
257,1.3523557818953122,3.665245398296065,4.754967269102281,-1.5527149747595104,4.932359173853911
258,-2.813883673642522,-3.045282576207228,-1.5481472310391382,-2.0048399387160316,-7.214385043821494
259,0.5365886506106108,0.3533155987540795,-7.068628092575636,1.763089665568259,2.5043839786162607
260,-0.01341120774668525,1.7158810043977155,-2.524073720884644,1.173668538884158,6.078288121360174
261,-1.8256018816036885,-4.039179499525062,-1.5926740376414728,-1.2772936922556255,-1.2403627318615236
262,-0.5241336795243114,0.4574690062845548,1.4796416266076449,-1.1405859700189467,3.092857142711864
263,0.24194198886834783,0.5062395492079759,-1.248727681775108,2.0383140877638652,1.336355256016759
264,-3.8376391112497004,-2.0483103159697293,-0.2580837971661367,-2.5225923496745963,-0.8952983663120904
265,-0.9043239445536528,-5.303659919976781,-1.5453677175175926,-1.10780320129561,-5.139339607321972
266,-3.0429073078621514,-6.6555803071764785,-6.520402129806371,-3.4003016697333805,-0.8348706175729603
267,-5.20109539697205,-12.84162457680236,-11.016562650931974,-3.6909405040860293,-5.947360430620392
268,-4.352727322584542,-8.009135124946397,-4.6494820138477735,-8.513074937913188,-0.8545116114451048
269,-5.484875531959915,-3.726102239672173,-16.20753745500747,-5.609766506267988,-6.458557430601331
270,1.8133367608597837,-2.321710727261234,-0.014138772047999737,0.0,2.4553145314787344
271,3.192811356180755,6.521049746262406,5.7099105499587495,-0.8140872938747634,1.7221347520958261
272,2.759790805396733,7.826544028221633,4.605211317206567,6.670102899939593,-0.50373252868485
273,0.4637712872290649,-0.6093351447873374,-0.6205833215597067,-0.4221784470246348,-1.8351713540441779
274,2.506096298079683,2.9258889269851807,1.8466192539383428,2.1442263518874825,3.747308058370436
275,-0.9390502673622905,-1.09341451857631,0.665997588836035,-0.9836642282716639,-0.7022067396449074
276,2.081052974576778,3.4546775542637533,4.53837838922027,3.0882635529287654,10.433256868326453
277,0.4618686744970546,-0.03893788573350321,-0.40329964550983277,1.12064448779347,-4.058150362959395
278,-1.114281947064228,-1.3415012908051267,-0.2225797934561342,-0.4200945274442347,-0.43416723066798113
279,-1.2924908093709746,-0.724379294368191,0.24112587351078218,-1.9276945492420055,-1.62023873115254
280,-1.675920956355185,-2.561821353701589,-3.2275544832739342,0.0,-1.5043723650778702
281,-0.7230115792181095,-0.6316960689921416,-3.014035939212363,-2.4588160900293587,0.26830624007789083
282,-1.6936192859429866,-4.006292147032127,-1.2791665687595923,-2.1123793237111386,0.003484023141027137
283,1.6799725321643564,0.5107840084110649,6.379532695700846,0.07048458152530657,0.2543009090156829
284,1.5000275544880424,-2.2977731832111203,-7.2301033770577305,2.745030757654604,-6.517230767541832
285,-7.234466917979262,-3.165967954048483,-5.381876859134991,-7.584746995780733,-0.5330397065440593
286,-0.23335781408422918,2.1248961751996376,4.015711686909981,-0.31875896779638424,0.40331278153894345
287,3.809267417926094,3.78206137393272,1.5251179542333375,3.359564648671949,3.241630093502863
288,-0.9578020545040999,-0.43199331923710815,1.4854540372309657,2.1512589629965078,1.983199326012027
289,-0.7806027470978734,-0.12346094721442569,-0.7517937170734967,1.0211088720188854,-0.7990913814530813
290,3.6922109033530432,2.376749346090037,3.227313686363914,2.249798818686031,6.03840298417731
291,-0.518820922850864,-2.4272604908237554,-1.1880442231627057,-1.5813613542650273,-0.9859263298033056
292,2.6322803505127013,2.8918599780458862,4.5210010167345445,4.456538650503717,3.9309671076960058
293,1.71475273372198,-1.7531728228602788,3.372762605527214,1.0848075530630013,3.6812103219078836
294,0.774756568117482,1.702804997816429,1.3450025484282833,2.794078375447498,2.5062324634718607
295,-1.6589840490214556,-1.4505621370540212,-2.1871273437077434,-1.6755100261561893,-1.1938081657547173
296,0.38099385427904053,0.409058694418718,-0.8289359299701573,1.047522704815492,0.7948838804195475
297,-0.7076755875086747,-0.4314777057413721,-0.44485223298738674,-0.8030025743519218,0.35766363492393793
298,-1.0079410254438699,1.1427292303335435,2.9388441188721117,0.38412515968411753,1.2851572993688478
299,1.7020121887926507,0.5484941734075619,8.577226442336496,5.501215085389049,1.5304112106039156
300,2.147206739304238,1.615748585510346,1.3598809796158093,-0.34728251781598374,-0.6791311498586765
301,-0.8827864026634415,0.591973747056727,-3.074958486776495,-0.6601692357708089,-0.3980891772318955
302,3.3233663024157067,1.4282289602190303,-1.1021359589915392,2.1873110013984842,2.16355675611112
303,-1.3144612940859588,-4.257227503619106,-4.937758474438851,-0.381566856876816,-1.2029221144880466
304,-2.7564872941857175,-1.6025464862082117,-0.4664771591610588,-0.9719185741996625,0.2880105349477162
305,-0.33999497134936973,1.8992400347403873,4.843517163917795,-0.8338255703220057,4.204410726280685
306,-2.519561975988836,-1.8151265487758792,-2.872864018664359,-3.586417256641653,-1.5271429513932162
307,1.2129060122115334,0.734290559804549,3.68626262191151,1.2898054879278789,1.4110663407002448
308,1.3610629278819033,6.055512300650207,10.041562031627564,1.0445683401048882,3.8948542155235373
309,0.5439068965506522,-0.3230765831003737,-3.8365199470308653,0.9044108032649092,-0.25850516133846213
310,-2.9133503691009537,0.2172526461840789,-0.6713080025872387,-3.378322760316223,-0.7010212737359325
311,0.013633543971991458,3.519593514849703,-5.079070674351215,1.5686824543881812,-0.4664854154677869
312,-3.263714925666136,-2.556451705459949,0.08264386924929568,-3.943814552438198,-0.5723377084893855
313,-2.3416809172176727,-6.442270927195068,-6.771847728865168,-2.1354439159313188,-5.532418314958477
314,-2.8970205684490793,0.9236686533809007,1.4226658904306078,-3.0535446571775537,1.4518462223843471
315,2.1289608414808754,0.3692287078101799,1.097948146907811,-0.31641675866740115,-0.6777224677946379
316,3.0960625312181946,2.9266242977259935,0.0,1.6512959395677171,2.557878493420276
317,1.6810057190295993,1.4601064793425849,0.34113330345007853,3.1194711684802314,3.19838784893318
318,1.2554929458319748,3.341295871992088,2.6099639892509003,3.214425743895845,3.7683129508275215
319,2.8191091497355956,-1.7665493561455605,7.588544200239767,-2.2350279951751872,-0.9432938618506341
320,5.546867501631823,2.2326644617194233,2.0646144842653484,3.037022563677965,-0.7709040164845646
321,2.9979361017540214,6.817020785314298,0.6053585796446441,0.13941168292512884,3.1206988549699872
322,0.8626034985099977,1.761649358966224,1.9910002485976293,-0.3137036223652103,-0.24726526438576002
323,-0.8491195949200119,0.30247119192540595,-1.1813940913941678,-0.6625865528094437,-2.7851060720881833
324,-0.5394980101991678,1.0441971073755667,-0.8232568230148445,1.6730572044780274,1.1373687947223061
325,-0.701782827025454,-0.6044022645778568,-1.7761751332402582,-0.6619171451766306,1.1530232526381496
326,-3.3131195914575073,-1.9145184618719213,-1.674312474696535,-0.6623555697005941,-1.343060548028916
327,-0.7723839267409858,-0.7932879445120307,-1.8189135409857045,-2.094534033907621,0.5157315188937446
328,-0.867949659165788,0.18736085755858767,2.1749966308016155,0.0,0.9188356863082845
329,2.8451448538125987,2.470978283778095,1.6646033993549736,2.756889603608215,0.9450788014985392
330,-0.1894246907222623,-0.6487972736176744,-0.29623350708720864,0.06969612492321176,-1.5891924725360695
331,-0.6226481697685813,-2.869647890209535,-0.7386871767851062,0.3484077799857914,-1.0721824008476233
332,0.7850143871282853,-0.5351827611307272,-0.2372251962528935,2.331206149607169,0.6346265334163945
333,0.0135293282010025,-0.72875033589753,-1.5524762826808,0.06950477848113223,0.15944175066897515
334,-0.28415433831014525,0.24297579197104824,1.8398765214219566,-0.2780481041136227,0.5391996576665861
335,0.0,0.16563147035799375,0.09122090059577204,0.729711448888338,0.5422975244837289
336,0.1353216597917708,0.18768250798916597,-3.1382140690548113,0.5903290387614106,-0.7389530253683461
337,0.9872937459640525,-1.5411430154008485,-1.1398673220235196,2.253932330660973,0.3356472683888114
338,1.539854153228589,-0.4368128215960496,-0.1328401454034065,-0.17319916214728437,-0.8613819947611319
339,0.026993831910658628,1.0281413107400112,1.9998954089439849,1.6960596648077626,0.7020483480737312
340,0.0,-2.029660272531146,5.457580620260842,-2.2851613018756325,-0.6952629136872019
341,-1.1884184631207972,1.2945916652727192,5.857487970236662,0.10398433312184352,-0.027142013803313603
342,0.24320052002622106,-1.1174545329915873,0.4293465186069625,0.20793623363715596,-0.24091765992079672
343,0.9722110463580975,2.0458724761451776,0.08584718754059395,0.38110416730887664,1.519185086768175
344,1.160014697704355,0.6239870766564763,-4.215203135343245,3.07814931685607,-0.5795952147368553
345,-0.5258864341367371,0.27597626779243,-0.9214686955499474,-0.6563380030747794,0.050855129004958144
346,1.6306951586329888,0.6179105991725464,1.1392288517463385,2.622771286418356,2.008403453000483
347,-0.6600438023770039,-2.639820832397618,-0.40380118104758367,-0.6550482039419876,-2.2355763885261695
348,-1.1460083092706554,0.19905779377018007,-0.7081799617751585,-1.0351610599664127,-0.07460535466429974
349,-1.8498644882547524,1.2321702948311213,2.680267635691507,-0.8980071753267111,0.7898559855775602
350,0.9051058038076008,1.04863466350389,-0.7203811535434852,0.9325298135499906,0.1558635180872443
351,-2.9208945715909067,-0.6676875360137728,-3.282256306695899,-1.589276177521242,-1.9704105743476248
352,0.6092236648428297,4.680960377429074,1.5085426343198378,0.44939936803348246,0.18330001171511867
353,0.4871118423898224,0.29663973322203674,3.888075590232802,1.3124721256808698,-0.787749183380356
354,0.9599979103522855,-0.20324365963483615,0.8996241624624872,1.0694265788515622,-2.1014340324234126
355,-1.2847127729692147,-2.2659409221280384,1.494569483307714,-3.1771273746726365,0.8608297500816207
356,1.0684556423993854,0.8970905699909508,7.121499709900718,0.6224066590984876,3.052856823905131
357,-0.6490521362611616,-3.4827879845956886,0.7478678279533142,-0.17285188365349313,-0.08816099559817303
358,0.12172936871229467,0.07728188571650207,-0.6627528667074785,0.8639607953646191,1.5450821357251243
359,1.3650587675747374,0.07727591368825415,0.9357867447461103,1.139286515663116,0.9272577188523883
360,0.2835902544993587,0.27593666876691714,2.645906201668595,-0.10351788280604524,0.8790852670178992
361,-1.2700301650365873,-1.5628066322578889,-0.9288451729275948,0.482991798528019,0.1317961622189614
362,4.1957631791701715,0.4365062989757007,-2.961984098346875,2.514684664523884,-2.7510426808873945
363,0.45763511129007384,0.24855767632652714,-2.588844295953322,1.7530898393579264,-1.4038135843993587
364,-2.789439676341317,-3.0200140213833038,-2.5955638102816465,-5.475691684107005,-4.1074522215690195
365,1.0654870890466555,1.8871950324507907,0.11710287500955019,2.27656957349609,1.8518019507084773
366,1.1451437059376985,1.215657820510387,18.937720926458724,0.723277511769993,3.659463855259901
367,-0.6465082048880504,1.7325193724448127,-0.6144583566260735,1.169912734085301,0.35911387344685863
368,-0.28297882563947496,-1.1252441974086196,-3.4949969463605157,1.1685456375071226,-0.6234498663643535
369,-1.0517658498447418,0.1434838996972303,-0.6169894220031438,0.44643624430136697,-1.998334821079652
370,0.02698217827219196,-1.0379630357035694,-2.569701185983149,1.0980716222402407,1.1709861549475136
371,-2.4448403784335824,-0.9505704137820885,0.0,-2.8850136784967617,-0.7906895869548407
372,0.14875217239477934,0.6964365943852044,-3.7239838329576287,0.10317965306421684,-1.420059079352768
373,-1.1500241419553277,0.3590832918457636,1.7544529871806844,-0.6192376694361883,0.4690463490182992
374,-1.1784547354027382,-1.1108134119258466,3.9174188044121365,-0.4474658021481446,-0.520042906761546
375,0.09486958826892078,0.34277058479415246,1.3807894891842807,-1.033378205011104,3.14671153611107
376,-0.2033029967087714,-0.9401355593599874,1.1484646646185865,0.5168225863144471,0.0
377,0.5691442663292037,0.24341399308082146,1.0718921692994172,-2.4831880323272344,4.116143812063228
378,2.408498559585496,3.021141991094737,2.4583507835543514,3.240711655082123,0.3340943290722862
379,0.7565318779679728,-0.15994131842285242,3.7290285598667197,1.1008291730540805,-4.84006931527756
380,0.027008413121620833,-0.4082420821875985,-3.7599414847838943,1.2026459657608939,1.6667348059479536
381,-0.7024559227602367,-2.818101802601177,-4.656668279436417,-1.0651274864994775,0.7477723669294392
382,0.7024559227602367,-0.7251491440219979,-12.581758807438064,0.446804496099503,1.004044999300504
383,1.6191713382067974,0.7528161768175323,-0.8405420417518599,1.1333002569517703,0.6080218534714277
384,-0.5259431698050321,-0.6697571688819153,-0.5712525203871337,-0.10297423936754058,0.8168694104590486
385,0.21580502100187005,0.1107346135388525,1.0388069495415948,-0.20598029528082407,1.9416041857457458
386,0.633658048099278,-1.5403115803942455,0.8446401796070404,1.0294774595786294,0.26936934066361573
387,0.7140692142138505,-0.7821449474722613,4.409280957778719,0.10288947963999817,-1.8803648999105462
388,-4.819741882255585,-3.5690101370560114,-3.507023232430356,-5.054075498441307,-5.530117643475023
389,0.18944776034732058,2.447423363030339,2.6705755365626374,1.9971770696192834,3.0986040447844516
390,3.012803305712623,1.2270178624221444,3.769662291636223,1.1001857672999904,5.677810488404475
391,0.39113341519714595,1.4360847817297326,-2.2404322425015835,-0.3436780457923305,-1.8744274099892664
392,-2.0652936884953306,-0.5375971753212525,-3.1190661830758017,-1.9956652530563588,-0.2189683902613524
393,-0.811084870420018,1.296391891304438,-1.6641961760512913,-0.7924886279179191,-0.3437086193500818
394,0.027046763856560574,4.397408420805505,1.9958072262190854,-0.20683949329031748,1.0206712051319755
395,-0.2840275120024671,1.2064555088654743,-5.458663717703075,0.06895125149094383,-0.16835583729448445
396,-2.776895321030679,2.4579832178260403,-9.614718746082644,-0.517250308950679,-4.393994528875737
397,-0.6241689257976759,-0.505400100850693,-0.06368151964443314,-1.9334352107725863,0.5579121382402263
398,2.5349586902093506,0.3076652626239138,2.3035988568451558,2.554103483516883,2.612968419494109
399,-1.083687895602452,-0.21975124247887834,-0.35859458543336586,0.5513819148582115,-0.34732701862049
400,0.0,-6.952532092520869,2.39877319660377,0.0,-1.964836153102624
401,-0.25754854593560594,-4.1081708251460896,-5.363233694662995,-1.8276182262634393,-2.17527077897239
402,-4.878820824001195,-2.5532283822651607,-3.3021544161169913,-4.982536864052236,-7.823284218405206
403,-3.138263433348584,-0.6630136160663369,-3.716540575959698,0.03468669245557976,1.4939018849715922
404,1.3110815567933969,1.9765988345332062,7.219027362359839,1.7674278136273642,3.8540412189036033
405,-0.2047432185972866,-1.6979681354293916,0.7599873852930159,1.0382060733209073,-1.7670010442270723
406,2.7945354382454752,0.6238511871690662,1.745328055584423,2.4528020864727296,-0.5953667039282209
407,0.44912319659579225,2.4248638163703617,7.230571710862932,0.10350716796347115,1.4928497323910506
408,-0.1224681414259976,0.4831575270804933,0.6174661998236388,-0.37957867223667563,0.6623967794946566
409,-0.20414690482175502,-0.11660285912330437,-0.24333531726597357,0.03451310635500704,1.869327467911944
410,1.373785402303838,1.7032707463076804,0.7253249075140502,1.4829378676786291,7.052224932914214
411,0.08155165622338245,3.2873648802101343,0.14410130346550432,0.6889899680027156,2.2759334171464616
412,0.0,-1.116713220290876,0.8551740800319294,2.3733780166585348,1.1813072940158236
413,5.192000005054069,5.009914418785911,5.652723416985282,2.0935228581529373,4.2171418776606515
414,3.980762680183034,2.380279445985934,2.2387818942811464,6.084032848968491,-0.5712844533816224
415,-0.9161951597507141,-5.737680037863356,1.275783486152477,-0.23856181420160283,-0.5348308724892377
416,0.5929280035725242,1.7710691456463792,6.345757253222018,0.30671188067572075,0.5348308724892377
417,1.1982579572941177,2.5325250133937516,0.23474854331198003,0.23848866439948324,3.1530242579069636
418,-0.2556873630364862,1.757981411621813,-0.7442981789315581,1.3617023380684259,-0.24321294412584393
419,2.2719796825494996,2.3848107155547495,-2.862730779187814,1.6315989886970783,1.478354368352484
420,-1.8548392414631962,9.694291270067197,-3.8253055341103845,-2.618648302168367,5.779193132763339
421,5.741514196129174,0.19520765275979102,6.639283174805087,0.5787332711879571,1.2694636238193198
422,0.09362982785660279,-1.4106900069866697,-1.4415072231811337,0.1701519460966665,-12.868136348104827
423,1.4968862221394375,0.3040091226152981,-2.155043968228483,0.7483248078733595,-1.6009488536951721
424,-1.068975755872998,0.5046681913820521,-1.4734328525767069,0.034001462066953536,3.159243071281935
425,-0.6018014103301539,0.17359039220764316,-0.31633655800010274,-0.8844139633583836,-2.0034892153246346
426,-3.2023180507712823,-1.264644670465259,-1.3734367056063093,-1.6689092955875822,2.354272049271458
427,1.0596418329396329,-0.1901063243237786,0.30338858510094724,0.37489563004055526,0.8113401078446714
428,0.6298875121983656,-0.3368485137168591,0.5128742700831026,0.6131625754169363,-1.2122448215061468
429,-2.1056451118620316,-0.5816023580234742,-0.704712234512499,-2.318367272078831,-0.6083457195625215
430,-1.5048305203154086,-3.043976615479096,-0.7677200876985353,-1.0928589592185745,-1.3249333616493004
431,0.0,3.0983463076513544,0.4508838068481964,-0.10251678721397184,0.5388841880878772
432,2.4173740301030193,2.5140853532655,2.8835224778708834,0.5124788714638271,2.32958933141299
433,0.7910915464090067,1.37653730528109,0.2981282462994841,2.2517921490307344,0.24367488550205962
434,-0.7910915464090067,-3.4992481135518574,-4.088088953085162,-4.953803198677633,-1.9610961024600329
435,-1.2751080536045265,1.6453579378012364,1.0760250622422518,0.47936998007571674,2.238078993028921
436,1.5165243637893582,0.21158222896747247,1.538355511828513,1.6759876000814984,0.17349236843892868
437,-0.05364303245278279,0.14645378460045322,0.09356266589134066,0.1025202905657352,1.8664743395647747
438,-0.0938822315156358,0.3741733659333022,-0.4144154239668296,0.8880691911308531,0.8287969106620494
439,0.05364806868146843,-1.7419101921591391,0.3832288413234437,-0.13657470657562953,-0.05989000204749573
440,-0.8050233891517564,0.6026860432571084,2.74514599970621,-0.5464854292713426,1.3233980670661367
441,-0.9400137665606962,-0.5918236212626198,0.0,-1.880824697394928,-0.5650562713708496
442,1.6645639733578719,0.49954390509287805,3.592435806911226,1.778325423341812,0.7046092369319013
443,0.9652510401956533,0.5752522313985082,3.050076627238923,0.6831301286929374,0.39861548085946197
444,1.4193706270098119,-3.2931769764379624,6.888024699815787,1.7057864398120728,-1.5987426189528833
445,-0.45505039799081715,-0.8767464014636062,-2.475281378651289,-2.286417294451894,-0.519060512148144
446,-0.5758016187801331,0.07626933976234795,0.04833539492096861,0.8878872283603414,-0.17308005994505038
447,-0.6833575900873257,-0.6157685994560325,0.4568737614283691,0.7847820926526765,-0.1664513899204394
448,0.37523452597815776,0.4087382851203074,-0.6458344999043675,0.2728233826564974,-0.20643820911595867
449,-1.4481096657709713,0.43035706681303054,12.056812384580098,0.27274897035931644,0.029969481080797777
450,0.1475886037451346,-1.3788858281968714,10.010560682217601,-0.1363651861793187,1.3876019842673486
451,1.434499277368559,1.2100336143337245,19.26587560227631,1.635156215123061,0.7545526974265613
452,-0.4421962485375843,-1.3682092496160294,29.819847529840445,-0.3744872122351808,-1.5130029671411194
453,-0.22787440197771502,0.021818816548375253,0.0736714580732496,-0.6130999204269756,0.08319149188764641
454,-3.2226039651895917,-3.3821380121585207,-0.06548547248053183,-2.763610827665616,-2.5187755281979207
455,0.4706103903508847,-2.5372726711218547,-1.470458994834189,-1.9493516885759163,0.0033359075421230955
456,-2.638275345439979,-0.24145840996197876,-8.392981751978368,-1.1303112984332984,-0.543899909133188
457,1.5757260689460963,1.0696566873702977,3.5361897617276554,1.7805175051416882,3.1292150349590884
458,0.4977902253385764,-0.1535213973459122,-1.9171508361221186,0.03420967107922479,1.0176323966477412
459,-0.5650781841832213,-1.5090532321817136,-2.280625185435156,-0.03420967107922479,0.18279804024928126
460,0.0,-0.07688547911698151,-3.9870411981369216,-1.4036050985487236,-0.9509149115783657
461,-2.2095585832248616,-0.15928158546307714,-2.5572430654005984,-1.0282777255670226,1.1669058873180802
462,1.5902968311174845,2.101573111744983,-0.8288679763049913,0.3085943551741366,0.05648225212848956
463,0.350064630891211,-0.4550575890843902,2.34737006845171,0.34277096379992145,1.0426871721210773
464,-0.68678084291696,2.508463266693525,-1.647577061982929,0.2741322019701329,0.00331892367285036
465,-0.1212455965760455,0.9896037745527337,-3.1905270576928615,0.1370379254585714,0.46785799870258415
466,-1.4156192326645396,0.7811497500674704,-2.7650037799191978,-0.7882246505523653,0.149270317211176
467,0.6608717003073252,0.2566083488231925,-8.290494963136553,0.5483959556131595,-0.5441147818269201
468,0.28309708396773203,-0.3549013275071502,0.5278259394863198,1.0616621144799865,1.3464754893068402
469,-0.5932477792366626,-0.31132485361104045,3.0685343596815073,-0.7875768722551584,1.2354369900472193
470,-0.37770463946617383,0.15840545821833985,-0.20624067518019729,-0.10277316259089275,-1.8122759287457484
471,0.47210851279214694,-0.7977445018075286,-0.6358256367714148,0.30828780623414787,0.04974060276686032
472,0.22922945294340025,1.627597414334332,2.5618873530997917,0.6505178693842026,1.7228131166243656
473,1.6973587252405196,-0.6059431745213715,-1.1518268656991495,1.539014308798869,-1.5305060613470687
474,-0.4846657247735493,-1.3879556115248306,-0.3660037272270529,-1.0257463203197403,1.2292279446057819
475,-0.8487306598117357,-1.9814451322592959,-2.224142116133862,-0.82135528231629,0.6752664083167019
476,-0.5797062534684301,-0.7783253244492698,-6.091105964552753,0.17117132579733152,-1.8050396958760757
477,-2.5790436731667796,-3.21288504871859,-3.557580604542636,-2.1589028826310823,-1.310279243728246
478,-0.4868483428363106,-6.551031053020097,0.9448216394555402,0.6173051398054668,-1.0428152970205247
479,0.10820900580074522,0.4760771334858873,0.0,0.9937463338137604,1.5439095845777047
480,1.3381183190012962,0.21582076998993216,-1.1194134251427386,0.7532183319690375,-4.542242948413332
481,-0.3377397139702225,0.564234205348157,-6.665751309375082,-1.0615166987154225,0.019996467291321096
482,-0.48654567055746156,0.21012353129094663,3.351248297365373,-1.1655412515538046,-0.5667214649081416
483,-1.0820608903432003,3.229237036079212,1.7801916805969995,0.03430002230015816,-1.6820525001521673
484,2.6354749983865986,-0.7884066050123693,0.0,1.096979987280065,-2.558534102276326
485,-1.9996223594826006,-3.7022344079834966,-13.44446207492615,-6.117277994335382,-5.379173257608954
486,-4.269311536734676,-2.3722042129268175,-11.119774815466826,-2.3122993512643006,-6.59036061556958
487,1.004588610456267,4.026089144354046,4.192036918303074,3.208171508213127,4.372526711329101
488,1.545637272836757,-1.7480007548579124,1.213758689367296,0.48206047348867287,0.9308757986818819
489,-1.233605741554129,-5.128842601972337,0.7779446574004396,-0.1032791118905152,-1.1434798446964578
490,-0.39344707626969466,-0.9130692005849141,2.4125568737440517,0.1377031123083725,-0.8643801649725447
491,1.8302484078240013,-3.1743844561526657,0.7754675396242874,2.2350219911622844,3.5405667492771045
492,-0.09481947057065554,0.8880573631934112,-2.5886810672477623,0.0,0.47112984536715885
493,-0.9758081685058642,0.8426457340913203,-1.3468542133161918,0.06869075425311166,-0.16823517971874935
494,0.338930203957716,1.4436813588679343,-1.4270364880223951,0.06868603615475877,-0.25240584975176716
495,0.14909290548803256,-0.05013159544841983,2.044207776986241,0.0,-0.6498174511043544
496,-0.12198345106389752,3.0367773454452163,4.439345725319754,1.5784781261099852,1.0132616950186275
497,-1.7636449606761744,-1.6173543946954396,-0.2985171507289124,-2.918707540282412,-0.7808950395983629
498,-3.2369089967669424,-0.7512082285038559,-1.1473079572017468,-1.6864280984027573,-1.3848947621306706
499,-1.3222556605851423,-2.5360141339851907,-1.534686817650936,-1.2408232385114388,-1.2720179730147265
500,-1.5698911808804041,-1.0106227915266572,-9.63019328671544,1.5852232970191835,-9.195022651190811
501,-0.464614173623886,-1.543029003134052,0.24966219083421493,0.1721555601889122,2.8139463639120095
502,2.5118095495245143,1.688264172644267,2.8295242583128584,2.681796346852934,2.629843606390068
503,-0.9411893781134495,-0.40224138377061536,3.261280020639788,-0.515171821194599,1.6930103051090555
504,-2.801524220585634,-1.252453350487258,-2.6544348763145535,-2.4765258762090525,-4.387414432762625
505,-0.5749408106239571,-3.132401031464724,-2.4908463397903233,1.2734251690708334,0.2650113664615219
506,1.3273399733361657,-1.7076161564648373,2.770133287122917,0.6189182881607849,0.8014018168412349
507,0.5878452905835729,0.4496554590866708,1.8831494255307462,-0.790908037994086,0.16291841217775982
508,0.23230867094116547,2.643254929340401,7.026069519368775,1.5468438881707698,1.4616836379182132
509,1.4609405865785448,1.14828260366221,1.8060295169839264,0.7553648427838198,0.9687560034662965
510,1.1317848635353585,2.5495099296647368,1.1605308681394035,1.337655187366181,0.33512007936769805
511,-1.0089992674966197,-0.2904054527275548,3.984720490093423,-0.03427650859885034,0.9607318538214713
512,0.1909698546251093,1.9195791749743876,6.241993038521514,0.23991089139235555,1.2975517293134544
513,1.7987822192026215,0.8080223119422953,1.5778658591032126,1.8830140627324,0.06078144681987396
514,1.6596385254133565,0.6515147948903177,-2.9402435252548003,2.1525591296122,-1.4834466660668113
515,-0.38065718202415155,-2.8151366929701,-1.6638476349712619,0.7505971010887151,-0.48369394279234257
516,-2.2869910184526816,-0.6980413244668853,0.20973737960798644,-1.706718054925659,0.0033832875744792545
517,0.8582346776784107,0.4356349448112269,6.420602042168866,0.3415767214537482,1.5213190401168504
518,-0.8718633906519244,-0.815574159108337,-6.707396855288607,-1.674841879723317,0.8610545579501832
519,0.05451373747564503,1.1226385975974154,-0.5952546816538415,0.10262199198223243,1.622169779680462
520,0.504111242138606,1.4781721331241897,-1.2130175831837278,-0.27368205158563796,2.5039642334807013
521,4.078031886881945,0.12261800605051576,-2.5422468762687913,2.6652103523447295,1.7564338506599597
522,-0.18993867751305515,1.5648453244900793,1.4694511538186816,0.5117270900573203,-2.425562982237807
523,-0.20354576796853507,-0.5677390779237612,0.8325894870852153,0.8182190556035494,0.4876006613642403
524,-1.1813831702966127,-0.3508234642210937,2.3652322054444994,-1.7736548752309318,-1.7295337263258261
525,0.0,2.6365133220185726,2.1504143450729316,-0.7513404950277618,1.5109835202708837
526,-0.9107530653800495,-0.16666203755130482,1.5191734523095874,-0.3758820458078844,-1.2281314264580487
527,3.4483260931019686,1.1993471659418447,-1.5875051343205087,-0.30764498012104013,0.9590809711487509
528,0.0,-1.8440351815127087,4.117179031263504,1.3324452337783441,-1.6798381341418462
529,-0.5422552528279994,3.607127147110532,10.85491192946688,0.6826171806751518,1.3501526443819785
530,1.0842166242482563,-0.7148418647575454,2.8737342164283746,0.03411863048131636,0.2186810847892957
531,-0.5690671517295414,0.10531888072387119,-0.7260564334678747,-0.9216118618624023,-0.4475063373274679
532,0.0,-0.10531888072387119,-1.5798388993423487,0.0,-1.5830195861574339
533,0.5419760579252397,0.7979298577597547,5.05425475148013,1.671927370614867,0.7210898878024636
534,0.46044881029138196,0.19938302098080385,5.4159062555961555,0.13636053747177357,-0.48179214128367676
535,-0.05415944542073703,-0.6924728481128568,-2.195372272348095,-0.7161003528472065,1.9224138772401602
536,3.784095117423931,2.744913122601929,1.1087030145370136,2.6231980565917183,1.2706012190189995
537,-0.20235678267727053,-0.7076436867207576,-1.930603151964533,-0.23818840815692965,-0.520818469579126
538,0.5799799192791397,-2.4363515523223214,-6.330778071460827,-0.47654708506161114,-3.2823504819093614
539,-2.551727850314819,-0.7431604625742239,-0.046204412529505134,-2.420276956529051,1.990895094720372
540,-0.1351935974380467,-0.4605929521919734,1.5949167518788272,0.10238383709292975,-0.17164695293058685
541,0.24333531726642832,0.13875514456981364,-3.2176249280589673,0.0,0.5989535317103218
542,-0.5813992957118899,-1.3884185923689074,-1.4188729289505773,0.648187655959191,1.2539481674878061
543,-0.20289325855355855,-0.27791519318907376,1.1327342423103346,0.10230702346598264,0.45009640884291
544,-2.6549287521556835,0.07782403988517217,-1.4529958482098664,-2.150648583568909,2.110062826772264
545,0.4203817399265972,1.0222677453652977,-4.469064078631618,1.775471649136307,0.8340745020605027
546,-1.0173561827286903,1.2209065081408426,-0.762324278828828,-0.4094445259870554,2.391173532832454
547,0.0,4.581732027058706,0.9189522897406732,2.215821868281637,3.517825312567311
548,4.8063671842091935,3.9726211728752787,6.602577676551391,3.0939251199488353,3.356220792836666
549,2.3339122493862305,2.328839654134981,2.024759884014884,1.8992069739069848,-0.18247478995522215
550,1.6695169011882172,0.2742701688048328,5.932997324377766,1.7603254376390396,-9.360692391658176
551,0.7665051105823295,-2.1962705188509517,-6.000143526865713,1.1830920642423735,-1.7431184772747201
552,-3.1369723673560657,-1.2595395271205234,-4.205609744925823,-3.4178811973652046,2.543264488015893
553,-0.36414887347655167,-0.2972406184674128,-1.5774537099841837,-0.30513129358041624,0.4784424948193191
554,-5.044266262359088,-5.127522900762642,-12.201410568035726,-6.8731131405493215,-6.079494789484215
555,-3.259145458800049,-1.0020789823422547,2.7778210487383603,0.7508532775973435,0.05047896122096063
556,1.2777643583904137,1.5442223427478439,0.8220514692300185,2.044920790309334,1.5938241021824524
557,0.8283148341351989,3.00411634934062,1.9948158433578556,0.17022145852934045,2.000450432668231
558,0.9089984684524097,0.45755616197516247,0.7008557097606172,0.8166599065552873,0.18440379789990402
559,0.8946241819876377,-0.9208383035652332,-0.22506980443858993,1.2916824257590633,0.10056955902018672
560,0.5011818514531114,1.0696367563359672,0.9127051301456959,-1.4617649161773443,0.7372012155894936
561,0.0,1.0684938559247712,1.911855993515701,1.1899703911622055,1.2653780247289887
562,0.0,-1.6141964615542292,2.4955917138313453,0.0,-0.05352853406702707
563,0.2843428652486182,0.35281147003252045,-3.542208631087533,0.4416285975348728,0.739109456957749
564,0.7713804708992029,-1.229866606967562,-0.4198019359821501,1.086255580519719,0.7552668522855583
565,1.7975771344654277,1.075526904977778,0.4155623933438619,0.915611234422613,0.744682484118357
566,1.012248289692252,-1.0093072211525396,-0.09327448568001273,-0.5424832302287541,1.00094096800035
567,-0.013489906177710509,-0.8004482937590183,-3.1042144114499024,0.16955762456564116,1.4262770594552876
568,1.3346187196411847,0.6348908615077562,0.8247668588171564,-1.0856659251276142,-0.8595215859295422
569,0.5925926099343997,1.5937312945959548,3.889330887256392,0.8821933254021133,3.792318788120838
570,-2.0351371306924193,-0.6449070482556181,-0.9232476949935062,-0.4409993795725313,1.900721884362838
571,-0.6748002847289172,-1.6886489306007206,-1.4246587045372507,-0.3733052832103567,-0.35797505826485576
572,0.21598563779389224,0.35893853977108847,-1.4394387401455333,0.2715085711570282,0.8913852683235746
573,0.09447904934131657,0.6843871690657579,0.33987739250369486,0.20358306259186065,2.6594880616930823
574,-0.688551840727996,-0.5518885766693984,-1.1050241467162323,-0.916450346714555,-3.4282192954567563
575,-0.9052892476747729,3.0646465471234023,-0.004252451006323099,-1.0532575508641457,0.695859663249621
576,0.5135482240038982,8.57066687379006,-0.15310028098292605,0.3398817244324164,0.6424117815402042
577,-1.8933252437154806,-0.8734292477138297,0.44222576345555353,-1.3942497965326766,-0.23175047860900122
578,-0.39263737735291215,-1.147534838851243,1.9324416141332676,-0.8851667074395664,-0.5928634650151707
579,0.20310754614365578,0.273342045534946,6.6816052628119,-0.13624906350014498,-2.368333124591345
580,-0.8126778179894245,-1.2470466304989714,2.4626044054939484,-0.102198981505353,-0.053136198051106476
581,1.0563524323624733,0.11492460137901617,7.268158850553618,1.1576439835571364,-0.4285137779602337
582,0.10828077214773657,0.06566527130348732,-1.7211492499529868,0.13610534574763733,1.112426582498756
583,-1.3543530972101507,-0.10397200426359632,0.8317016718503965,-0.3062630823806103,-0.05310269065967077
584,-0.5829362527729245,-1.79110902165462,-0.9989614140747562,-2.419369758992616,-0.6341312200065659
585,1.9508236221436164,-0.9379140055532389,-1.9213105979602005,0.5798189081069722,-2.121117207321504
586,-0.961388806843388,-1.6915645509795922,-0.31429080539055576,-2.116258427115099,-1.7954911026672562
587,-2.1020234622665157,-6.258343030679725,-0.5869405891171482,-2.9086201148202235,-5.389136508012143
588,-0.027151778443112562,-0.6916452301825302,-1.1665185364156514,0.9248317979217973,1.212746718105791
589,2.102080476770425,2.1894913205378543,5.785638323434114,2.3595804740998574,1.0808514680843473
590,-0.8674202923857592,-0.7790421491126835,7.116905269392191,-0.44413317892394844,-0.4348771540594498
591,-0.5967882121576622,-0.4035724508776184,5.942436357099268,-1.2993675960497058,0.8862802730620842
592,0.027134464842674788,-0.6084306549114444,3.1059055638240807,0.03421552358668123,-2.7114802539697394
593,-0.27137778668020474,0.431470824330745,-5.659553116844563,0.6840647391964012,4.81200214922228
594,-0.5972904909740464,0.04977311754987568,1.1435531894042015,0.23931214965159597,-0.5405712167355432
595,-0.2580312232094002,0.42020756660167535,2.5301550957576637,0.37594627828912053,0.11347744981617325
596,-0.3124426930808113,0.6134071087828943,3.459315449298856,2.184524881437028,0.9006875857000978
597,1.0456203721523707,-0.1215462899490376,1.3320520281231438,-0.06819421715772478,-0.4135483843840575
598,-0.2850607809605208,-1.2107442579645067,-1.545345110032713,-0.37515134386194404,-5.07654347681364
599,0.14932768630842475,-3.019417967786012,0.8283068161006213,0.10232796120544663,0.1206911581782606
600,0.7327399372570653,1.1977776005858232,6.5204300144011995,0.2046245147321315,1.3567727644760907
601,0.908394576847968,-0.23833211970645607,1.753576258962994,1.2949838232834736,1.1509752773752098
602,0.14906057985081134,-0.46574295158166024,9.394793165150759,0.13621658457850572,-1.120845669844357
603,-0.7726456719738053,-0.7267704252501517,-4.763240091190255,-0.6471940956525941,0.37821672938616757
604,-1.479179800026941,0.2719072646511904,0.0,-0.9545238332993904,0.43828467458024534
605,0.04074066530029086,-1.2213877591950677,-4.371423251454644,0.1364163428897882,0.6019100794335372
606,0.31228997056223307,1.0493733872474422,9.323916578131502,1.1247253277470008,3.0107937253258115
607,0.17646859244177904,0.17201437194762548,1.774016560127393,0.3065238516592217,1.3955062972561336
608,-2.1060791925256126,-1.6714565272970958,-7.28505154100867,-1.2266595513865468,-4.3294153879382975
609,-1.4973323063231874,-2.437220550609254,0.5464027609882578,-1.5012968562932656,-1.950684780038955
610,0.0,-1.667182819968275,-7.273350033239467,-1.127453611974488,-3.280902271777677
611,-3.288376991881705,-3.6283272646628575,-10.332515742560645,-1.9161682509711682,-9.222504385272487
612,-5.165845729055945,-2.192313206877543,-1.6651351823477398,-3.9465381788268132,-5.488670894402503
613,1.9077558094977576,-0.892879764837744,-14.51363279113366,1.580484781838095,4.154982165586489
614,0.6305429732037737,0.915331871688295,1.689458019042604,0.7893066522810841,3.447653876793538
615,0.041108560862994636,-1.0726511514906178,-10.044764807342517,0.13720714870760276,-5.143632368147792
616,-2.771757311183137,5.988729541386192,0.0,-2.919710103335092,6.283453333361649
617,5.125826693653835,1.2838262011628103,12.506925991432809,6.856386133009437,-4.556912442924613
618,-0.36916766783997446,-1.7810537488735463,1.2954152033855735,-0.5126014635952743,-0.16301025642292188
619,-0.45139008392197866,-1.6554813624270537,-1.032864332646568,-0.1025518314963847,-1.5737356007714425
620,-2.1777399839584177,-2.5837707701407453,-2.720533767300367,-3.081455514609843,-3.021845078513479
621,-3.3649486835565767,-1.6344140389915083,-10.483746817393694,-3.882432596590661,-0.6655551572780496
622,0.0,-0.1236726274701141,0.6415857517906716,0.0,4.245119044351213
623,0.5226528878638419,-0.4498476217067946,-1.359636738917743,0.3441866902576294,-1.8716273643876775
624,-7.8270451972503,-3.374679608413544,-3.962765400672424,-3.792584879691276,-11.696720992496694
625,-0.1940375052863601,-17.298977887907085,-12.528790837207225,-1.832483873495221,5.707850625684614
626,6.645093493347304,4.82298550334508,10.124861848342562,7.68770484491688,7.102060076337466
627,-1.4192510667016904,-1.4181317350537483,0.7183862548829438,-1.4090075702570175,-2.8108903811423716
628,0.0,-3.3072471401494568,-6.689444449396888,-0.30956025493469497,-1.4818763125883834
629,-0.827677584081357,-1.7641300147354286,-4.1580992695085115,0.5502631084254972,-0.6767935286161446
630,-1.1046368249262741,-10.92970255694786,-1.478787835633966,-0.7222824438249518,-3.1747308710507696
631,2.841969216410689,4.4672716650286475,7.017662910011495,0.9629273733935406,2.473527337670248
632,-0.041329999386107374,5.305726047795588,5.312917915246771,1.6142607960100577,1.8221074819771275
633,-1.1303485985172301,0.4144958465840318,-0.7864225619716763,-0.9957253307711653,0.25954245543061916
634,0.0,0.30500525363413544,1.1008184995071133,0.17174753155086364,-1.623246609719672
635,0.523978942519534,5.142284721345277,-3.0802374522302216,0.9269273025784059,0.6393610710163102
636,-0.3860631261159142,3.964881191725908,-0.10226996723486081,-1.3735322535758314,-1.7070133641993834
637,3.029345637660299,1.3219375144465175,7.2437624080782825,1.7852243137349433,3.0834995801465084
638,-0.5225953855488115,-2.34878393141571,-1.9225888872920223,-1.37296650935059,-0.6692206560926479
639,-2.9757416533366268,-3.8830114354298075,-2.6697978706001777,-1.0309633546585246,-1.0012525034824193
640,0.0,5.565347027523558,-3.422998718647932,2.026551949860732,1.2710432806647987
641,5.270376377548928,0.3816957020121663,7.672639314798062,1.2002539120312576,1.3751428920197668
642,0.49396268841883284,0.330305535620937,1.2138926624725173,0.6509636204173148,1.2472526280803322
643,-0.3155591253644161,0.5123271719460263,0.44373916472636665,1.5742645277277916,0.14983824308615112
644,-0.6588791057974959,1.5695019485517605,0.7180176265023874,0.8887066485913238,1.432545564970951
645,1.5092892741868127,-2.788132336199169,1.8180787793958189,-0.3758948905451689,-1.3882794712592386
646,-1.2347035536649855,-1.0832075401376642,-1.3453134310434507,-0.17090803480277827,-0.5926471062227847
647,0.6038233176914218,0.5816572834082763,0.4303597789732976,-0.3419037232433766,0.5143288377657882
648,-0.1920860551426813,-1.6317778013280986,-1.7732597151627942,0.23934488001759746,-0.7732964444103345
649,1.001186420866361,0.6564545412654752,1.4315185617724637,0.7860157949562563,0.1976392340759503
650,1.150811174793489,0.14835610056093174,2.3055421174278763,0.8195322295814549,1.7497876804943644
651,-0.3149714155251786,-0.1768886433546868,-0.353705064196447,-0.7853716406480089,-0.918767419124606
652,0.4245034400601071,1.12926695207193,1.1659109209572307,-0.3758306756226375,-0.15321000525341333
653,0.0,0.4274198439165957,7.238557160055279,0.4441483528480603,0.030643878972568928
654,-0.739574093835472,0.0,-0.7729089542947349,-1.1620357437350322,-0.7186758961963733
655,-0.6578586937539512,-0.42171971081847914,-0.6271217825144504,0.7520596532649506,0.12606108528029836
656,1.753329033902446,0.7293489175103787,1.5420139078660213,0.20500905528388103,0.9738823257557669
657,0.1779006361221036,1.1271647878495514,3.1185403167312415,0.512338837950665,0.36070862620817934
658,-0.4516557365195695,-1.1385567747263394,0.7282033465446602,-0.06829668080717965,-0.30285036871259763
659,0.28744088839175674,2.3269651015318686,-1.107078757275076,0.47797884146530123,0.017016497494751093
660,-0.39696391571851564,-1.3192764091206755,-2.9234116700688446,-1.0928589592185745,-0.49359602721233387
661,-1.8225799340380036,0.011380513147742022,-0.32581590019208306,-1.1282631075337122,-1.1344919085397578
662,0.43881903533201694,-0.1422657241591878,-0.16294776724475923,0.4446192593386513,0.7973449518433426
663,-1.1523109221889172,-1.4294706844136726,-3.6335210998458933,0.27351362610170327,-0.8723417133817293
664,0.5626033588987411,0.8203445907140576,0.0,-2.361518629171769,-0.6888696671878733
665,1.0420381012563666,-0.43287578280319394,1.897943208288325,2.498247393697966,1.7962045957963255
666,0.39733375872947363,2.4467001684843126,0.0,0.170884670353189,0.39834059327927207
667,1.4236241846992925,0.9997160730376891,1.4890166877582942,1.1953757464325463,-0.13276256795916197
668,-0.08207709780072037,1.6904256749633078,1.741342275443003,1.5688952740620152,0.10553065760495883
669,1.408056226786357,-0.742754633130744,-0.2128072412565416,-0.7159294603916351,-0.14638422480811641
670,0.0,-1.799638854905652,1.517868603835268,0.5796014549996471,-2.0072834639972825
671,0.08196161469004437,-1.2337994338597582,-2.4865049065658695,-0.06817097282691975,-0.020468454700449
672,-1.4352990277657227,0.8757563909880446,-0.7688965043003009,0.5452377030633215,0.034113858416958465
673,-0.8210967576405892,-0.8814456278053058,-2.130086699332878,-1.0907728524634877,-0.6074007530150993
674,-0.6847626880180542,1.1883475125459881,0.2638914793026288,0.17051170604099752,0.6995023582067006
675,0.05479827386807301,-0.3637459047649827,0.27219601631213663,-0.7504690783734986,-1.7855532019686962
676,0.6436548862666314,0.21030673599034344,0.6822581753688155,0.8527621481080132,-0.4785097929463973
677,0.1368944135529091,0.15912164883616242,0.5312529537322916,-0.10229306973451457,-0.05128248960500059
678,-0.1368944135529091,-0.4831261195215575,1.3331635768365686,-1.3307629964529042,-1.02278003241031
679,0.629559192511806,0.74448530238692,-0.5389022816534634,1.6376108193890104,0.6671490915059621
680,-0.4105371251635006,-0.4943673477300763,-5.47648100985748,-0.30684782293610624,-0.9820612096673358
681,-1.09559035883467,-0.34108545089588915,-6.694515116212415,-0.272832687049231,-2.756286519939067
682,1.7386903967353646,0.039799297831677904,0.05498630630859225,1.3293568212484388,2.184399053172683
683,-0.4104416409618352,-0.2558802721744087,-1.041023174258953,-0.10219550007968792,-0.22610560598423035
684,-0.6707505128106277,-1.4398358912237654,-2.0768175373239046,-1.4318346972868312,0.2637849037835167
685,-0.4656832616246902,-0.3930425818241474,4.162006477921068,0.0,-0.23980158246922656
686,0.09589369506284129,0.9111669831245308,2.03025186181776,1.1592622935550025,0.3494060133377843
687,-0.5206763429123384,0.4552723460856214,1.6599681929610597,-0.37490840745158494,-1.1651617979998719
688,0.0,-3.8535912835927775,0.0,0.0,-3.355702084041468
689,-2.1540939528740637,0.5881194337428042,-5.20398161776825,-0.30684782293610624,-0.529972722251614
690,-0.9481734630935534,-0.1998076144764127,0.18617246393773712,0.8521226890497928,5.321371117071749
691,0.0,-5.077068273091754,-6.856189656317838,-3.959995616303786,-11.474429240239033
692,-5.915422813213809,-3.5353702826027984,-4.405914116569647,-3.7353755672447733,-0.4954088176696132
693,-5.116235414359835,-4.54243214919984,-4.485581640156397,-2.6127627624682646,-2.435573042948363
694,0.0,0.0,5.127183099353033,3.4021235928157694,-0.07989842482766107
695,2.665372578154347,-1.0418355768372294,1.23499275342283,1.0629362039035186,2.498145039601468
696,-0.38825797456502187,0.8451275429940779,2.2055146784837234,0.2741228087343188,1.222508857868661
697,2.1750734176566766,0.25455597476184266,-0.7971779471736227,0.9588385091828968,-0.9245361097757723
698,-1.2878480180825136,-1.7311008969186332,-3.9740415263615887,0.0,-3.2061318659552853
699,-0.15243585598091158,-3.232839615380499,-0.08135494524822207,0.2053458373356989,-1.5616769807572837
700,-1.6644477877243844,0.8483982634409131,-1.1353778492828042,-0.17111860272052581,2.815512892537754
701,0.3053562281693303,-0.1858887228986532,3.987409876339143,0.5132679884791287,1.7894613850755832
702,-1.5555126605249825,-3.870841137563275,-1.3373469972718794,-1.5063337322771986,-7.135262393430139
703,1.0280205953786208,2.4813908513856404,0.04702975060126846,2.7029355263675825,7.547494253704599
704,1.8865836247014158,1.4359257064982103,0.8504292188385989,-1.1281859626415098,-1.0950398565933028
705,0.7896432469833599,-0.8834025519006445,0.8795826392654362,1.025676181410745,-1.2281476292112075
706,0.9550504203562014,0.651003847639231,0.7636698331200478,0.9563495503116428,0.14232034250312608
707,3.6043539797983613,1.2717217863059886,4.654713528210777,1.3305359928217513,3.0221240930397926
708,5.142318495167274,3.3486700353475953,2.6749375300676093,2.145594692847226,1.5076439698930244
709,1.6991193334033596,4.363064062423518,4.266758756444915,0.17008827622703393,1.4432707429007223
710,1.0262937332172442,1.2833610854297604,2.4209875554911378,-0.23813168794913508,1.0759178236719436
711,0.041029849221558834,0.06901311251908737,-1.0771419755108127,-0.034023442154648365,0.006893176444918936
712,0.7655816743708783,0.7071099333134043,0.6733496875040146,1.2920777044073475,2.4200125754221062
713,1.1472746659064796,1.7569853281336236,1.828380753599049,-0.10194545926606224,-0.013753077251294599
714,-0.35496819311629224,-0.49922105339578593,-0.9873307372429281,-0.37388895933690947,-1.3108484028355178
715,-0.8743050515276991,-1.114103864714025,0.12189355345299191,-0.2720070738614595,-1.0781783621027898
716,2.307058023969148,2.4448065802357632,0.7730475683169971,2.2757775485133607,4.353798906432985
717,-0.34094551339148893,-0.9519604795139003,-1.6897149999877001,-0.27146250590885757,-0.302021487005959
718,-0.8323952310875029,0.18358097693703712,-4.934137302448789,-2.514527812392771,5.500998880457928
719,0.8323952310875029,2.41210408208849,0.22403943187714503,1.4279402691518044,4.614965762082875
720,-1.050843159431679,-1.701045951801234,-4.210175854077761,-0.7817147139503504,0.25481992014215393
721,-0.9699388059689227,0.37253020074626875,-2.5754917655472127,-1.4631078334386984,0.2683401142110142
722,-0.3690970151874353,-0.2922811995167649,0.23402313531869368,0.7488342362921685,1.5780126766730973
723,-0.560741287302335,1.2773844572845974,0.2594888934170285,-0.3743470240569877,0.13223633704274107
724,0.7248012242343975,0.7153096594258841,1.6149737039461343,0.646511413027838,0.138998835684788
725,-0.5743275739378078,2.970208727224417,-0.37801001539560275,-0.13607293530367315,2.1164960770681773
726,0.9296984618677016,1.0203995264632795,0.23361856142014403,-0.37429607255762676,-0.09472323906425117
727,-0.5467767646750872,3.776100208675416,-0.5267808713442719,0.06806425267859595,0.243555917582853
728,-0.08204230652881961,-1.5792227599831676,0.5097922706947884,-0.3063256265322707,0.9702518851956938
729,-0.15042837928103836,0.34673374322460404,0.29725885094785554,-0.44263607525681437,2.3524141645120835
730,-0.3282859399996596,0.40910486155326,0.4626986449920878,-0.5450519637579418,-0.39449527875945023
731,-0.6158267668706685,-0.915035343855152,-1.4949907861016527,-0.579443409706073,-2.282358301227987
732,-0.7257937831873278,-1.052472981752544,-0.7440808712724447,-0.20458962801967573,-0.5883148668469858
733,0.5204338892526721,0.03415164468970033,1.0245619406391597,1.3631408871951862,1.0208773670440223
734,0.9169478598087153,0.02276711517970398,0.18269535176136742,0.4085801895453187,-0.12501837279523897
735,0.6017176484820084,0.22764264755664954,0.17841440616211912,0.6125574464113015,-0.050687576992686445
736,-1.9021168489061893,-1.3837286000300537,-1.5388084499807064,-0.37429607255762676,-1.7723004967144789
737,-0.945561754647315,-2.1505691322167877,-3.8446012021186107,-1.9758812723939627,-1.304172010336515
738,-2.4434115575895703,-1.4572555318629838,-0.9314050789769226,0.0,-0.5458857810256177
739,-0.467398933491495,-1.614029815014419,3.0686456963683213,-0.8528785165181034,2.5708565894285584
740,1.4152728136086807,0.33217644601745633,-0.1448978898583846,1.0233669663375622,0.2266227637044267
741,0.9606939693640015,-0.8249171254267367,-1.0916705774507136,0.40905372809356777,1.483617120479721
742,0.2743145582226134,-0.5388548891021401,-0.6700911275868293,-1.1594204197353974,-0.7297051099099008
743,0.0,1.5698950134319603,0.45673503546140637,1.5001707552637527,1.2935105073293016
744,2.6295981734792804,-0.07442840420321772,1.368954797334709,1.4979236136423424,-0.553674352351436
745,-0.6704384781787667,-0.9050344588104053,0.20028167340524305,0.3741305759340321,-0.23641779863282864
746,-2.7823292186585604,-0.217788757229755,-0.35371604641522936,-0.5442362119429163,-0.5270751170260155
747,1.481217612031287,1.0483892718366405,0.8350802332693092,-0.3062630823806103,0.5811183989524125
748,2.299764192753173,1.5791012704435161,3.0913897379382433,1.904114822160409,0.8811688717426023
749,1.2161877434273265,0.1371953835905515,-0.0679333404357294,0.6452160848675703,-0.36452743472591465
750,0.8190679465187714,-0.45167248224356626,-0.13588052725572197,-0.441418658803741,0.3915241816196158
751,0.0955142419288677,0.3659275732950391,0.08917367853700853,0.2716653100105759,0.34414465211602874
752,-0.3275153893273455,0.26292775925548995,-0.7688534056435401,1.085923820572134,-1.6678430962231232
753,0.5730815570004779,0.15429497229001754,-1.5054351593755655,1.1863804926942976,0.7667429844575508
754,0.7227059515080327,0.21140259989647348,-0.08512050941271809,0.914247079681445,-1.4732071607843409
755,-0.7636294586582153,-0.714377593210429,-0.5321674026188248,-0.44008870190191374,0.010144165498559232
756,-0.7915171612930862,1.011408429479843,4.21126613843353,-0.13545088233149727,1.0341647000827834
757,0.5868745007701364,-1.9608914329976415,-0.07633328813585649,1.0154346932631597,0.24317752078763988
758,-1.4200087040471772,1.1609919491338587,0.4028043718456047,-0.8799838109316624,-0.010131216134368515
759,1.2835569940953064,1.353740557056426,1.6011321473979478,2.1647226447530556,-1.1488700100937876
760,-0.7781304784957683,-2.2744166613533707,-2.339023761705448,-0.675972581253518,-1.3194488648707647
761,-0.4371107052447769,0.06865106383247621,-2.059645492470054,0.9462337227250828,0.7039227058680808
762,1.9518593214852444,0.691968334318517,-0.19556825394397492,1.6537576120954327,-0.3620521969928632
763,-0.8594405980329611,-0.6061611316092694,-1.191241116155652,-1.5186544268326543,-1.1377644159010742
764,0.15011429184505687,0.022880677269085936,-0.45559930191461717,0.4389593357773265,-0.12198014449472794
765,0.40928811725825653,0.97194516733407,1.2555891319441344,1.9223965044147917,-2.058964427550791
766,0.5863543247987764,-0.5830537317701783,0.059548114894369064,0.6063055965860258,2.14367443981655
767,-0.5317952304667415,-2.1636976747124663,-3.2164162801379916,-3.6095641936626635,-1.5428465012344077
768,4.735282555196136,1.4315410977853844,0.695281286340105,2.0931103823550075,1.2649708250899039
769,2.8737599585210774,2.0464049304350738,1.1293344733148842,2.828856200478185,2.0246897089091362
770,0.32481154449214955,-2.618775475847542,1.9615817229139338,0.40346984610187064,-3.296447534178924
771,-2.6014512333949824,-1.2833000901823652,-1.8678829643540666,-0.5379959780075296,-0.8249635090533047
772,0.0,1.3806261985603214,4.8051789456565075,1.042104472830033,3.6511547448881174
773,0.8679025781766541,0.7496659759542581,1.6770071899873074,0.20157226433912,-2.3478205369258376
774,0.5014127748481769,0.4403812514515266,0.4188127354907465,1.0408099111446063,-2.4791492579286114
775,-2.2651295179321096,-0.5319133850148319,-0.9986713424277696,-1.4103901058533665,1.2505311289014571
776,-0.054317567673024314,-0.5493688119584021,1.1762964946160537,-0.2016467827379529,0.49570166565786167
777,0.6651869895786149,-0.8647225266452097,-0.7657049195202035,-0.6388165300868422,-0.040733335828235795
778,-1.8745166384878758,1.1279994095943948,-1.9783154344959257,-0.3027397974583437,-0.3259264317839552
779,0.23110857447682065,-0.13162977713500368,-0.7253739068928553,-0.3028314765979303,0.02037351443186708
780,0.4212958306461587,0.7609240158324155,1.318855797680726,1.7484285413065663,0.6008320176406414
781,0.5976636961386248,-0.18302657368144537,-1.913121154643477,1.342867895757081,-3.944241767586391
782,0.6651599004517266,-0.4004874557926996,-0.47566668554532043,0.1341876616479567,-0.9271126560508947
783,0.0,-3.4278607163703327,-0.10195801887380185,0.8047480567092862,-0.9894133586408316
784,1.8032069421833512,-0.2641689318243152,-1.492325008517355,1.038508661031301,-0.8810603344945775
785,-3.650456289167778,-0.7699335594463719,-10.943471538689892,-0.43537233394272334,-3.473740840905748
786,-2.054995653747028,-7.732116258450105,-3.2702789491218027,-2.4818901926919352,-2.1072291909520118
787,-2.2094031327114863,-0.8692679573091482,-4.108362608874131,0.470019480888368,2.5528161734744117
788,0.2593803554400438,0.7534092121613867,4.311180921042023,0.5704411006481678,-0.07539307209754043
789,-0.9422818939228819,-1.0433331961241947,-1.0879326900235355,-1.208378235114651,1.1063368879240443
790,1.5972590613655484,-1.265051670234243,0.7426854464142707,-0.6719527198129072,1.235047446299859
791,1.6900414266465305,2.4937524159827262,2.831819104426586,1.2427577382495656,-1.375412498371361
792,-0.04085440172730159,1.2387630163636913,-2.0034258809425864,0.40272511199873406,-3.494930083351619
793,0.6806888834053098,0.15618356807067357,-2.2797346730064874,1.4082620353128732,-4.286702141764863
794,-0.8441231831802725,-0.04048969393215884,-3.837180269807277,0.16751821799880418,-8.117436683305186
795,0.5038366586459233,-3.3315499331536103,-4.9807940418741055,0.23447837044295738,2.064185049997832
796,-0.2042275101548512,-0.37730920936951406,-0.689258071539598,-0.23447837044295738,-1.292223220293181
797,-0.9127257756645122,-1.5688100599993504,-0.9692546230819516,-0.9719965237127326,-1.1233670191566034
798,-0.24535194496365875,-0.7678704770446529,-2.5454877285519615,-0.5702306234179559,-0.7380048444520071
799,1.2125424683345045,0.040735212396157294,0.18829051969100874,0.8719858351778385,1.927412993353073
800,-1.8398266213416719,-2.1320976025451728,-4.541981570127746,-0.5029759515891783,-3.174904234528867
801,-1.433320155563706,-0.2916234112612983,-13.630656795383402,-2.3841915959819744,-1.9335479987403232
802,0.6281836141415624,0.8046741504056172,3.8360600643179623,0.8065600652353169,-1.4018898089395861
803,1.364256691812443,2.6136348748134424,1.606590026114418,0.7723434289782745,3.6491993932856985
804,0.3952865538194601,1.701880901592176,4.190707378582829,0.3020590380583599,-1.1020860533267296
805,-0.7225384588909947,-0.2089488141050424,0.7548486136590782,-0.738527678000537,-0.36646848693931133
806,-4.017551421138705,-2.1326120367250496,-4.746022014269329,0.7049700679708621,0.47812742482983595
807,-6.056754058715342,-2.4636794653149536,-5.134017735523685,-3.799281698757113,-1.1171508233073837
808,-1.392325891278233,-11.943942769545401,0.0,-3.779957251275846,-4.007558463694295
809,1.5989417311839134,2.7169205320599303,8.701166607029108,4.217778256837846,4.908358770406267
810,2.750806344945886,0.7413029620940961,-0.2695257026746276,0.4712852709599247,0.0034898958788289747
811,0.8374922403654637,4.448024797094831,1.0246943376807849,2.4538239845824137,4.394570628173369
812,2.5767204947660503,0.4741486632665328,0.8207645043273715,-0.7388749286619714,5.436820472193176
813,3.320741266707955,7.468834551694044,6.695339829483601,1.6113874844322709,1.0948723426186007
814,0.3000995807487925,0.3484644369232228,1.1429098148389585,-0.7382302942569368,-2.4885092163294757
815,-0.5184104016461788,-0.4588368276718029,-0.512177355885342,-0.6044122275252448,-0.34265481670126974
816,-2.418248700456388,-2.012073113420456,-0.6351139366947791,-0.9745443096780946,-0.7688045814329598
817,-0.4378223879266443,-0.9667688544909652,-3.243172547352742,1.4111008926647628,-2.938673398236915
818,-0.5749329403288357,-1.00269921014592,-1.478053813334327,-1.0077259838362806,-0.6221488665726156
819,-0.27389381308239535,-0.4025283501391641,-1.9212132462700993,-0.1680531051752041,-0.17385378245307948
820,1.861000277111998,1.9993769539066761,5.283255258953432,0.3696795592477429,0.8550692918511231
821,0.20504548664121103,0.8440169886512194,1.0173699236129323,1.4438011405927682,-0.19806074274947605
822,-0.25973138452991407,0.3723051549095544,0.2410351375162918,-1.0070832366163813,0.17721409072123606
823,-1.8337078869635661,1.209035360427606,0.40743637656100873,-0.369518118988708,0.9480829813876426
824,-0.1917755683807627,-0.3021218271139787,0.2452579819678249,-0.6049606960059464,-0.8369058587456948
825,-0.06850018840214034,-1.2210368700250456,-0.1576589402452555,-0.23536136483926384,-0.3996004049176918
826,-1.096641645201089,-0.17455561095152916,-1.8806845270860322,-0.10088611647370271,-0.7162053938109239
827,1.0418381158406191,1.8313160067737044,-1.0317131962478925,0.8404068063337036,0.3546900845669825
828,-0.16442861094856198,0.6677408832931633,-1.0459700347134913,-0.10081153292412637,-1.5553103751963135
829,1.7388332294931388,0.7252999433094374,1.7748650446349075,1.2426325254346011,-0.306476050251149
830,-0.2736315021656992,-0.1044107752866239,2.113424093932508,-0.10069648409989895,0.8147405815441289
831,0.3967412546653577,0.9566909661405134,0.32845109330105515,-0.033567748110726825,-1.096920896636675
832,0.6836672174404157,1.9684817787508564,0.7090864025590236,1.4759160065477772,1.5075213533702936
833,-0.300755993463099,-2.211916293171271,-4.640053936085451,1.2059494962795725,-2.5498399265795797
834,0.2187406018620095,-0.15072725930986053,-0.14947091719432137,1.1376184851887956,-0.09766408445943853
835,2.6484295558548183,-5.214051937988643,0.7647041099730814,4.204631282033006,-1.4032297525263857
836,7.700546666134869,10.487569421266016,17.42007069078727,10.929070532190963,0.9217459357344069
837,2.904524315575145,0.42667774369738254,-3.3385258477919706,1.3495500805693155,1.3008687660794749
838,-2.566355160142848,-1.1074326001737518,0.18191662205003922,-4.780990691897387,5.571412943892483
839,5.301044968536189,5.197747262246821,5.442166796827678,5.668725218953114,4.005539772671
840,11.755794216205686,0.516570442995544,4.22957200113683,12.0540455031296,-3.943154578736767
841,-0.5053662017571696,2.2697451696717508,-4.41480943944498,-3.28492969353465,-0.5650745927468961
842,2.2057757724242038,4.062340429255755,-1.3450770920474042,-1.2713316464687523,0.14909976709100192
843,-0.3584395968091485,6.275243692585036,0.9357099033584291,-0.19573302078424604,2.1577223109850365
844,-0.026556192906355136,2.953443018636335,-2.036396972637476,0.0,0.013838723516073514
845,0.11949731477307068,9.172286699533515,0.0820537625347697,1.564792495331858,1.417454282429162
846,7.855416831158436,2.6611074946986264,-0.10364797701390671,2.9598811636806204,-3.089866286319875
847,5.857878237436125,0.9988812245687768,0.449063666638267,0.8440736793054384,0.14553821443359993
848,1.0340382730146302,0.9477352625756339,-3.966499783821064,-1.03896113241899,-0.13514192521574842
849,0.6277546208793865,4.3868864295493495,0.6845546546253445,2.4009615375380235,2.723566750652026
850,0.0,5.019310215442829,-5.34589941695026,-1.2971011611734866,-0.5738583487934648
851,1.789551848813062,5.735469302298725,7.353532556080609,14.304367613618524,6.792537467380498
852,7.320705468268898,1.4479243466387288,-2.180893818919003,1.086991379128449,-2.16267595858767
853,-3.5301330608081116,-2.0738131016225907,-3.2368244927695287,-2.271237840766844,-5.055282309985159
854,-1.1317589651089293,-4.51910376155638,4.8686157778570305,2.3031902955171972,0.4012147175105838
855,-1.4067264674222315,-0.19310824328749732,0.6139372593329426,-1.1189438338788023,0.5220298436126996
856,3.5520780551096323,-4.462898221473324,-3.806427013520306,5.550430530649464,-0.8333031267734441
857,-3.2132407849821902,-0.6764249537136493,0.6419153586139146,-3.058496076053416,-0.5466920080382351
858,-3.4719991021656824,-7.532499532437896,-0.8198161728707873,0.2552322627434478,1.1553137062064707
859,-6.532798613598061,-3.2016147352474036,-1.8590030154937267,-4.540085171629471,-3.012144325897907
860,-0.447574548378725,0.25224710259794847,-2.834238253418789,-2.277795694573797,0.9045963466021476
861,-4.4206695067496184,-1.5200512228000207,-0.8636219443110349,0.06423432684641739,-0.7624408178128306
862,0.0,2.1307861688173944,0.6717704019338271,3.2064669791434426,0.34663607372681327
863,2.3777140245811097,0.7111201000714118,0.7541133314527997,0.2880783593063825,2.4922390079348133
864,0.4880526138449568,-1.1032923471464073,0.4095111191572869,-3.173435580376463,2.5343217166409886
865,1.554902868323552,1.9257689431381095,-0.41822594394579937,3.8772779487480875,-0.06552142121768156
866,0.47389622559785494,-0.022371364653736237,-0.5535469642870794,-1.1840190826260368,1.1787292459164291
867,1.5386135790049593,3.1550083268195976,-1.994436316565043,2.366637921815709,-0.7822178513629297
868,3.9212907867040485,1.504195316430014,0.1179438457611468,2.9026670672938053,0.3722328152418868
869,-2.0570881778212424,-3.105583900445481,-2.6198806516749755,-0.8922312745362433,-0.8204746802609861
870,-0.40667738581578305,-1.682264802871714,-0.4205196107334359,-2.8413191334129806,0.6343755922982837
871,1.4029937199848064,1.146035820252564,1.5891607717906027,0.5433479957901,1.270987390614664
872,1.3486885068541596,-0.972648531343566,2.7826028940701235,3.5086636103533237,-1.2158433094557495
873,-0.0916008558770045,-1.7128180036747835,-0.23995096389990067,-0.5414443957415642,-0.21025311450262052
874,0.0,0.9463307992139107,3.771469375343713,1.941470079431383,0.47214598114192086
875,2.561657589962124,2.850374154930705,-0.15649860487360456,2.0963702369899693,0.5442420702552226
876,2.7113358198948845,-0.6699457036286276,4.870389434618346,4.148003984340903,-0.8337065973651079
877,-0.5338646063901251,-0.33514123723875855,-4.357513187365839,2.6192482273236237,-2.0389617677558363
878,-0.03907445638105855,-1.3472834155847977,-1.7918657590066687,0.03151541892111709,0.7353334965025624
879,2.2248108005342146,0.0895024781596021,-3.9604357644122956,0.0630278583321342,-1.091111349802759
880,0.0,1.7436990949120172,-7.725976039512943,6.000929141402594,-3.9496805238679826
881,2.816190403123983,6.894640999278636,4.350737258226445,11.058785973804333,-1.6940331055061506
882,-2.933162388467281,-5.4159987369973805,-9.353253358708798,-3.1649523750711523,-2.1807756131981932
883,1.5195696178816434,0.4515264177853169,-0.5534463243004666,1.2423519316962484,-1.3658395938030026
884,3.0710445595059355,-4.535661814784362,2.4063674154449473,6.003607807753724,-0.5126711849839012
885,-3.0840225553138225,-0.6720430360462615,-6.591467400096008,-0.8025187170642312,-0.8620193772699167
886,10.82975507518131,8.546011647697924,5.8931556948869,3.6678060505455505,4.751049533209198
887,-7.393581483018352,-9.740227697984892,-5.971880299545546,-14.140594047825289,3.4268284000711446
888,1.701089236907137,1.483946670373598,8.883367757966425,3.276259344003847,6.461456557114161
889,10.646979104489219,14.957561688680016,2.7765987793347904,4.710092288645683,5.39250819463382
890,3.332054857824005,3.8438857272517453,15.370716137621912,0.6754475096386159,3.6018330446490836
891,0.0,12.587532823150013,10.633833555238198,-3.2278421483879356,-1.544513415621168
892,-0.24312064661808108,-1.896055357475916,0.5762281847041777,5.680176158961331,-1.1160100359186345
893,-1.4343346251089315,-1.741214541026693,-3.290280792023623,-0.3062130654416251,-4.70158304898041
894,-2.502198748147748,-0.7268574121997062,-4.164683190751248,1.5912849921296583,0.8549065055738083
895,-0.976914057846443,-2.4029328423578136,-0.9485395862111545,0.21401819236234587,-3.167158479139971
896,-1.1709829229312163,-4.87832643551269,-1.2779611162477522,-5.364244168678852,1.3976969759007716
897,1.9166088332649451,-0.49024604171791,1.300133524460307,1.290045330490102,-0.3917130214933877
898,1.6820429869248983,3.377266636616014,-0.8739649949948216,4.4715397160398425,-2.026877637487587
899,-0.2052887521804223,1.8433286069159749,-1.7368866128570062,0.946868532386361,2.0615486958249676
900,3.15166684124506,0.40551500961214515,-4.43360906274188,4.812094319624521,-2.05112614838049
901,-1.356817575416244,-0.898930661994882,-4.049720824043334,0.12152514066292497,1.4164554188635066
902,-8.851550838936419,2.4482363848894693,-4.079694380042383,-11.027558179332118,-3.440466014263393
903,3.5345754032750847,2.0547353561212276,2.050913734988626,4.138127198064467,4.151408841057446
904,0.10301180781880248,-0.9230156502937916,1.921161187352027,-1.1630755473706813,0.006933538566045172
905,0.8108473798920386,-3.3222531002102187,2.9776785826961714,0.06124823913160071,-0.006933538566045172
906,-0.09006169231997774,-0.4441678369391866,1.7377285699419645,-0.4594532587125286,-1.3078313894607163
907,1.9794859801750135,-0.828543648819732,2.295956337757616,3.150668681590105,0.6489259116185622
908,0.9497895775102734,1.2781938066445946,-0.7573058095365468,0.6716737139631732,2.560359502361507
909,-0.7571917532704902,1.7090182237132012,-4.417147831501779,-0.6105938214441267,-2.196173860777435
910,1.385610403357532,2.274157055015394,4.443886037726315,-0.030539479914295953,1.7116290983974523
911,1.4477066631125126,0.09828439142597745,2.0166727294210887,1.922168064478683,-0.041543334897141904
912,2.2634425484402527,1.6475546819635838,-2.1860267778333764,14.25461073873521,0.12116323645295779
913,3.4556002941908446,-1.6311748891673687,0.0,0.0,-2.197064304065634
914,-5.744647758776409,1.5112459741624207,-5.035768094334344,-10.785765975091635,-1.4268631052871115
915,2.493400178079355,1.0025992132493684,-3.1001794757507923,1.8815251969754172,1.381762348454231
916,0.0,1.3171073441487806,0.31000159741824973,0.27283061934940633,0.4370447520136622
917,-1.0605335605096116,-0.7182071247993917,-2.811498850408043,-0.8490509334133094,-3.2163973543083557
918,0.7028889022076328,0.9303060071808886,2.7261456791488854,0.6065385034617066,-0.5428749537384192
919,0.42149631814754684,1.1250031757267607,-0.08086761975050649,0.7273609242984094,-0.8427358069452566
920,2.436085868255759,0.7872925958645283,-0.031450284964648745,2.420722557068075,0.3935972575636697
921,-1.3002079614725517,-2.499756760407763,-3.2401810446258423,-0.4232036579596752,-1.1568509858545895
922,4.479860878852378,-0.09250215618249058,1.216298548488112,3.139530442078467,3.098187081295009
923,0.5458827249422029,-0.9254924824660975,-4.629825920284475,-0.21100544170803914,-1.6314437370299402
924,-1.4605866533429435,1.9969046462294955,2.258928241176136,-0.2412036071636976,1.9059880906991111
925,-1.1318332453865878,-2.563510853739899,-0.5507080348452291,-2.989719411780243,2.9595931607857437
926,-6.113650909748685,-9.36264655123523,-6.027920510701506,0.0,-7.8186807504444005
927,-2.8461922571450486,6.196826007168056,-3.75007834953567,-15.206985211067149,3.419497936973812
928,2.0393119582404324,-0.07107301114729125,3.672852133468041,7.037972747333697,1.1511423140445913
929,-4.520304084604504,-1.4937012913046601,-2.255817871588988,-1.3425687794569967,0.09384139768008026
930,-4.902919311303776,-11.111103067051772,-5.126308492074031,-9.787906256597125,-5.488860965740514
931,-2.797675610834631,-2.3059238066157377,-0.36161316482844086,-5.0385726601707574,-2.386143314046194
932,-0.10376807843840652,1.8462720816130513,2.1905613438900673,-0.43394706526851223,1.6590078460415043
933,-7.3037214162905,-7.896826711399626,-5.786334685354177,-7.156222201405399,-2.2126226494049206
934,4.47188870626087,-0.3853123450928706,7.798880686846815,0.8115363451815938,2.0657330366848328
935,-2.344269987289408,-3.7323602775718427,0.3327521596918359,-10.538629042119283,-2.0096568291039603
936,1.7196684757473122,-1.9472454322251451,4.116046316582697,-0.5046204415284592,-4.538309368603677
937,-21.644869880516126,-21.065480114828233,-19.2838896574292,-31.501443176035536,-19.93747560172278
938,18.476824051585936,19.862692200038282,13.991318967822053,29.417188016159344,20.38801167686779
939,5.560235952649236,-2.6861981130314234,0.6613952944499033,-4.7849255518267455,-10.328697107412381
940,-7.913424299959843,-4.38547620597501,0.31002097449027133,-2.9584408656101004,4.048681904222576
941,10.209219594780734,7.285359145947496,4.2439923507788535,10.174575483235458,4.011194298157079
942,-4.740053158681803,-4.869837545596511,-6.845676239591512,1.040140039878679,0.9835528906105537
943,-0.11716232853996189,-3.8608337984421723,-0.24682667864612995,0.1890001895626483,-0.6027079745185802
944,-1.1854130467872892,1.9152968897715255,29.481129322168727,-5.748957649435397,-0.20803619199523382
945,-1.4609015837659172,-2.011725349855169,-2.1061245332871295,-3.904085198752,2.6624140141930184
946,3.179942990595009,4.267971270739281,11.216939301985803,5.771381169615779,-0.17234920806004084
947,-1.1978076347168098,2.9722732119291777,-0.29033450257634286,0.031619053645044914,3.413308179656269
948,6.401995699403415,2.2276359715690432,-0.19360317569680774,5.989551983362617,1.2612374409550284
949,-3.9688253286603867,-1.9798756671330011,-5.922974733834508,-4.94668368526618,-3.440617724403637
950,-3.436787386131982,-5.476279437249332,-12.382404382580035,-3.8925947532625287,-1.350016552893294
951,2.071297645966297,1.96248716250102,-2.4365794957025173,1.584183843127903,1.1848780030318267
952,4.052006219399118,4.487346019492634,4.889590810830896,5.084087685898339,1.4291259659198658
953,0.9327512951003882,3.0047171356516174,0.04917772607655024,0.7241927928716905,3.051554683204131
954,3.6836262644337694,1.2049645993433842,1.2286578125651886,6.838169682649095,3.2654487223283013
955,-1.730260616317537,-1.1096354473361316,-3.1080716308476894,6.698574733583882,-2.150155632542237
956,1.5367234662580813,0.40925132807024056,-1.4836498708725685,2.233251548525004,0.3633378208260183
957,-2.493525235636298,1.1259779971380794,-2.2947995385627564,-0.09295264069623954,1.6229265444874272
958,1.6802599307929995,1.812344572946813,-0.197841727263949,-2.6372550616761146,1.6411868312020488
959,1.8579212115510018,0.88819130439947,0.13939256340768225,3.1638724862968957,4.768868696848585
960,-2.77525171509933,-2.7173322023108994,-0.6791599367804793,-1.6427235705523344,-3.137322802107292
961,-0.5689091321119122,-1.8717571956901793,-0.17098709089123076,-0.8999923021965515,-1.8056418150688387
962,-2.2011040297738873,-6.06519390927474,-1.4410522173145637,-4.6993006421216705,-9.98797437628673
963,-0.272237600286644,0.7841301493633637,-5.9301216975429725,0.0623869237206236,5.100942138139544
964,-3.246629606584065,0.8229571681256402,-4.548198900737589,-5.7245796435308876,-0.12948177562088858
965,4.076074962587882,2.0656803403035155,1.3061456684540644,1.7865823053598433,-1.11703880806067
966,4.369133512785083,4.308973020167514,1.817570953946415,0.09394228818928241,3.2775388706020294
967,0.7478178251776626,0.32466442298982656,2.190323097922601,1.6581935750982666,-2.2374971751878547
968,0.0,-1.6187713758065456,-2.113149468567599,-4.3861093531340885,-1.3694386216848216
969,-1.573645635408866,-3.3185405306624034,3.1137494592353505,1.6313729108278494,0.9703586008454295
970,3.170555182751741,1.056838913582169,2.833368744220934,2.0354806846171414,0.34307839677785523
971,0.48886545595541975,0.6010003747585415,1.1094675694268972,1.5629398949167808,3.26036537194841
972,0.25720164750873664,1.5710040822978044,0.0856393995848066,4.23887930552155,0.3034800816526513
973,-0.6045288396444448,-1.1948605594614037,-0.14423900427982517,2.9503585121346987,0.5962270511540737
974,-0.5276535626426266,0.16837662523244035,-1.6150938054445305,-2.515021585579234,-1.7234045334250823
975,-4.438144299454507,-2.9900933356329915,-8.214976336058953,2.235886901284175,-4.538996021944058
976,3.820049556759841,2.0355840493414235,-1.0339119454231422,-0.9310120773043309,2.0253206963734556
977,-4.712635333356047,-3.1845368828139726,-2.226308761353039,-4.262673888679274,-2.990366803966026
978,0.9055159472100058,-1.0318027296841592,-1.1836024478011495,1.7134761268189322,-1.5389807818894496
979,1.3309129053805009,0.4117210845254249,0.25603277359346066,1.9591081442904397,1.4125785064802585
980,7.564099047564923,3.2933006934731566,5.052358173719995,9.246011104132776,0.3791589037175527
981,-1.6289050820687407,-0.03372245297441623,-1.3517851764545412,-1.2936213957909786,1.010388138118742
982,-1.7858638882080413,-1.2991798997857131,0.08197841239734771,-0.4624134983823751,-1.5054298317916164
983,2.594235064397253,-0.5910947528082033,0.3369517735507088,1.0170275936343387,0.7652801895626453
984,-1.0651336594655731,-1.5441233407266282,-0.9610677244825183,0.7082262308940699,-0.44575715397354543
985,-0.6421947868993811,-1.1173122469731425,-1.6236139001612173,-1.016307197007336,0.48084770514446973
986,-4.803831689819162,-1.3842631292934584,1.1176575064546341,0.8008131761325785,-3.0222969953586016
987,6.3315785607710495,2.862459998604436,11.568211614945994,0.6155740422127565,4.530027025681875
988,-2.7233272233006574,-1.5628926280803626,1.7336450730822435,-0.15385798937859363,-0.23828045722439128
989,-0.669120132023636,0.7902149231240401,-3.6057514682725014,0.307692310119819,-6.328156005504297
990,2.0188648495841335,-1.7279939245897822,-0.392910455343781,0.3691058452895959,2.645117499408798
991,1.0784856027576097,1.6377152455313535,-0.5647969027570525,4.08182622071763,0.5239661897946917
992,1.4361738699863054,-0.8298170080599903,-1.9091141087676533,0.8266107899453345,0.6326133467457566
993,-0.17940897605694772,-3.9156267493137875,0.6156576413782204,3.086092129249664,-1.8744016108337291
994,-2.5279596670279716,-2.696651259886721,-4.726725637331128,-1.1294434876363084,-1.9026082033967668
995,1.9125986999542874,0.5910467951484861,0.17276889475442658,2.6841559504173347,-2.330336728829252
996,0.525644407260188,-3.340592404787458,-3.014093842857392,-1.707265437096794,-4.094751623976435
997,-2.348307539563393,3.1189907924390354,3.559483946638238,-0.5493834834796871,4.225535496743987
998,0.0,0.6078664926092188,2.142319788862096,-2.5983965708601318,-0.7000696819868608
999,3.5524016043673328,0.06247000731787011,2.517706776521436,2.6594540870610217,0.668258962831942
