,hospital-er-wait-minutes-piedmont_fayette,hospital-er-wait-minutes-piedmont_athens,hospital-er-wait-minutes-piedmont_atlanta,hospital-er-wait-minutes-piedmont_rockdale,hospital-er-wait-minutes-piedmont_mountainside,hospital-er-wait-minutes-piedmont_henry,hospital-er-wait-minutes-piedmont_newton,hospital-er-wait-minutes-piedmont_walton,hospital-er-wait-minutes-piedmont_mountside_ellijay,hospital-er-wait-minutes-piedmont_newnan
0,28.0,20.0,17.0,16.0,13.0,51.0,20.0,21.0,10.0,28.0
1,28.0,20.0,17.0,16.0,13.0,51.0,20.0,21.0,10.0,28.0
2,35.0,26.0,21.0,12.0,13.0,37.0,21.0,5.0,14.0,28.0
3,35.0,26.0,21.0,12.0,13.0,37.0,21.0,5.0,14.0,28.0
4,43.0,27.0,21.0,16.0,20.0,39.0,28.0,1.0,15.0,22.0
5,43.0,27.0,21.0,16.0,20.0,39.0,28.0,1.0,15.0,22.0
6,48.0,30.0,21.0,22.0,18.0,42.0,30.0,2.0,15.0,20.0
7,48.0,30.0,21.0,22.0,18.0,42.0,30.0,2.0,15.0,20.0
8,41.0,37.0,21.0,26.0,16.0,40.0,36.0,4.0,18.0,19.0
9,41.0,37.0,21.0,26.0,16.0,40.0,36.0,4.0,18.0,19.0
10,38.0,37.0,32.0,21.0,16.0,40.0,38.0,7.0,18.0,9.0
11,38.0,37.0,32.0,21.0,16.0,40.0,38.0,7.0,18.0,9.0
12,44.0,33.0,34.0,30.0,13.0,48.0,35.0,9.0,3.0,10.0
13,44.0,33.0,34.0,30.0,13.0,48.0,35.0,9.0,3.0,10.0
14,45.0,34.0,28.0,29.0,10.0,51.0,47.0,5.0,10.0,12.0
15,45.0,34.0,28.0,29.0,10.0,51.0,47.0,5.0,10.0,12.0
16,42.0,41.0,18.0,24.0,9.0,49.0,51.0,7.0,15.0,11.0
17,42.0,41.0,18.0,24.0,9.0,49.0,51.0,7.0,15.0,11.0
18,48.0,40.0,11.0,21.0,18.0,42.0,40.0,2.0,16.0,12.0
19,48.0,40.0,11.0,21.0,18.0,42.0,40.0,2.0,16.0,12.0
20,49.0,31.0,23.0,16.0,17.0,39.0,29.0,4.0,10.0,10.0
21,49.0,31.0,23.0,16.0,17.0,39.0,29.0,4.0,10.0,10.0
22,45.0,16.0,21.0,35.0,16.0,39.0,44.0,6.0,10.0,3.0
23,45.0,16.0,21.0,35.0,16.0,39.0,44.0,6.0,10.0,3.0
24,38.0,19.0,13.0,30.0,17.0,41.0,43.0,4.0,0.0,2.0
25,38.0,19.0,13.0,30.0,17.0,41.0,43.0,4.0,0.0,2.0
26,42.0,23.0,5.0,19.0,17.0,31.0,37.0,3.0,0.0,3.0
27,42.0,23.0,5.0,19.0,17.0,31.0,37.0,3.0,0.0,3.0
28,46.0,24.0,4.0,17.0,15.0,21.0,31.0,1.0,20.0,2.0
29,46.0,24.0,4.0,17.0,15.0,21.0,31.0,1.0,20.0,2.0
30,46.0,28.0,4.0,10.0,15.0,21.0,31.0,2.0,20.0,2.0
31,46.0,28.0,4.0,10.0,15.0,21.0,31.0,2.0,20.0,2.0
32,48.0,39.0,10.0,14.0,0.0,21.0,46.0,2.0,8.0,5.0
33,48.0,39.0,10.0,14.0,0.0,21.0,46.0,2.0,8.0,5.0
34,52.0,50.0,14.0,5.0,15.0,23.0,38.0,5.0,24.0,3.0
35,52.0,50.0,14.0,5.0,15.0,23.0,38.0,5.0,24.0,3.0
36,30.0,48.0,13.0,6.0,18.0,8.0,34.0,6.0,31.0,3.0
37,30.0,48.0,13.0,6.0,18.0,8.0,34.0,6.0,31.0,3.0
38,17.0,45.0,4.0,16.0,20.0,10.0,43.0,5.0,31.0,4.0
39,17.0,45.0,4.0,16.0,20.0,10.0,43.0,5.0,31.0,4.0
40,17.0,44.0,5.0,28.0,1.0,19.0,55.0,5.0,0.0,5.0
41,17.0,44.0,5.0,28.0,1.0,19.0,55.0,5.0,0.0,5.0
42,20.0,61.0,12.0,28.0,9.0,26.0,48.0,6.0,0.0,10.0
43,20.0,61.0,12.0,28.0,9.0,26.0,48.0,6.0,0.0,10.0
44,29.0,67.0,10.0,15.0,13.0,37.0,32.0,3.0,0.0,14.0
45,29.0,67.0,10.0,15.0,13.0,37.0,32.0,3.0,0.0,14.0
46,38.0,42.0,12.0,23.0,0.0,51.0,36.0,1.0,0.0,16.0
47,38.0,42.0,12.0,23.0,0.0,51.0,36.0,1.0,0.0,16.0
48,37.0,21.0,10.0,39.0,3.0,65.0,47.0,2.0,0.0,14.0
49,37.0,21.0,10.0,39.0,3.0,65.0,47.0,2.0,0.0,14.0
50,36.0,11.0,12.0,35.0,3.0,77.0,42.0,2.0,0.0,2.0
51,36.0,11.0,12.0,35.0,3.0,77.0,42.0,2.0,0.0,2.0
52,30.0,10.0,17.0,22.0,10.0,90.0,38.0,0.0,0.0,4.0
53,30.0,10.0,17.0,22.0,10.0,90.0,38.0,0.0,0.0,4.0
54,38.0,10.0,13.0,24.0,17.0,85.0,43.0,1.0,0.0,4.0
55,38.0,10.0,13.0,24.0,17.0,85.0,43.0,1.0,0.0,4.0
56,50.0,12.0,3.0,38.0,20.0,94.0,42.0,3.0,0.0,4.0
57,50.0,12.0,3.0,38.0,20.0,94.0,42.0,3.0,0.0,4.0
58,46.0,13.0,3.0,20.0,29.0,116.0,20.0,3.0,0.0,1.0
59,46.0,13.0,3.0,20.0,29.0,116.0,20.0,3.0,0.0,1.0
60,44.0,11.0,8.0,29.0,0.0,160.0,27.0,2.0,0.0,2.0
61,44.0,11.0,8.0,29.0,0.0,160.0,27.0,2.0,0.0,2.0
62,47.0,17.0,8.0,36.0,0.0,160.0,33.0,1.0,0.0,3.0
63,47.0,17.0,8.0,36.0,0.0,160.0,33.0,1.0,0.0,3.0
64,42.0,16.0,4.0,34.0,0.0,137.0,37.0,1.0,0.0,3.0
65,42.0,16.0,4.0,34.0,0.0,137.0,37.0,1.0,0.0,3.0
66,53.0,17.0,14.0,14.0,0.0,140.0,69.0,2.0,0.0,2.0
67,53.0,17.0,14.0,14.0,0.0,140.0,69.0,2.0,0.0,2.0
68,81.0,7.0,22.0,28.0,0.0,161.0,61.0,3.0,1.0,3.0
69,81.0,7.0,22.0,28.0,0.0,161.0,61.0,3.0,1.0,3.0
70,77.0,10.0,24.0,41.0,0.0,152.0,57.0,2.0,15.0,7.0
71,77.0,10.0,24.0,41.0,0.0,152.0,57.0,2.0,15.0,7.0
72,55.0,17.0,14.0,59.0,2.0,140.0,0.0,0.0,15.0,6.0
73,55.0,17.0,14.0,59.0,2.0,140.0,0.0,0.0,15.0,6.0
74,67.0,13.0,10.0,31.0,2.0,159.0,0.0,0.0,16.0,5.0
75,67.0,13.0,10.0,31.0,2.0,159.0,0.0,0.0,16.0,5.0
76,101.0,8.0,21.0,42.0,0.0,111.0,9.0,0.0,17.0,5.0
77,101.0,8.0,21.0,42.0,0.0,111.0,9.0,0.0,17.0,5.0
78,85.0,7.0,23.0,56.0,0.0,132.0,20.0,3.0,17.0,1.0
79,85.0,7.0,23.0,56.0,0.0,132.0,20.0,3.0,17.0,1.0
80,122.0,7.0,42.0,33.0,10.0,155.0,23.0,4.0,0.0,18.0
81,122.0,7.0,42.0,33.0,10.0,155.0,23.0,4.0,0.0,18.0
82,129.0,7.0,61.0,5.0,21.0,153.0,20.0,8.0,0.0,28.0
83,129.0,7.0,61.0,5.0,21.0,153.0,20.0,8.0,0.0,28.0
84,99.0,9.0,49.0,7.0,21.0,62.0,17.0,7.0,0.0,25.0
85,99.0,9.0,49.0,7.0,21.0,62.0,17.0,7.0,0.0,25.0
86,77.0,16.0,54.0,7.0,0.0,57.0,21.0,7.0,0.0,15.0
87,77.0,16.0,54.0,7.0,0.0,57.0,21.0,7.0,0.0,15.0
88,72.0,14.0,16.0,8.0,0.0,65.0,30.0,7.0,8.0,6.0
89,72.0,14.0,16.0,8.0,0.0,65.0,30.0,7.0,8.0,6.0
90,64.0,11.0,13.0,16.0,11.0,41.0,45.0,7.0,20.0,8.0
91,64.0,11.0,13.0,16.0,11.0,41.0,45.0,7.0,20.0,8.0
92,63.0,11.0,13.0,22.0,13.0,27.0,58.0,6.0,20.0,6.0
93,63.0,11.0,13.0,22.0,13.0,27.0,58.0,6.0,20.0,6.0
94,65.0,4.0,13.0,10.0,11.0,28.0,60.0,8.0,10.0,8.0
95,65.0,4.0,13.0,10.0,11.0,28.0,60.0,8.0,10.0,8.0
96,64.0,5.0,19.0,13.0,15.0,26.0,63.0,6.0,10.0,5.0
97,64.0,5.0,19.0,13.0,15.0,26.0,63.0,6.0,10.0,5.0
98,62.0,10.0,17.0,21.0,23.0,32.0,40.0,5.0,7.0,5.0
99,62.0,10.0,17.0,21.0,23.0,32.0,40.0,5.0,7.0,5.0
100,59.0,19.0,18.0,35.0,29.0,35.0,50.0,5.0,7.0,6.0
101,59.0,19.0,18.0,35.0,29.0,35.0,50.0,5.0,7.0,6.0
102,62.0,22.0,28.0,36.0,48.0,39.0,62.0,2.0,0.0,8.0
103,62.0,22.0,28.0,36.0,48.0,39.0,62.0,2.0,0.0,8.0
104,80.0,21.0,33.0,34.0,65.0,48.0,77.0,5.0,24.0,11.0
105,80.0,21.0,33.0,34.0,65.0,48.0,77.0,5.0,24.0,11.0
106,83.0,25.0,42.0,33.0,68.0,64.0,82.0,6.0,19.0,10.0
107,83.0,25.0,42.0,33.0,68.0,64.0,82.0,6.0,19.0,10.0
108,101.0,34.0,39.0,38.0,89.0,53.0,84.0,3.0,14.0,10.0
109,101.0,34.0,39.0,38.0,89.0,53.0,84.0,3.0,14.0,10.0
110,126.0,37.0,25.0,49.0,62.0,38.0,99.0,1.0,14.0,12.0
111,126.0,37.0,25.0,49.0,62.0,38.0,99.0,1.0,14.0,12.0
112,123.0,36.0,16.0,80.0,71.0,48.0,68.0,2.0,15.0,11.0
113,123.0,36.0,16.0,80.0,71.0,48.0,68.0,2.0,15.0,11.0
114,133.0,42.0,9.0,82.0,79.0,47.0,64.0,3.0,0.0,13.0
115,133.0,42.0,9.0,82.0,79.0,47.0,64.0,3.0,0.0,13.0
116,136.0,51.0,9.0,116.0,82.0,40.0,82.0,5.0,14.0,17.0
117,136.0,51.0,9.0,116.0,82.0,40.0,82.0,5.0,14.0,17.0
118,116.0,55.0,10.0,122.0,86.0,44.0,46.0,5.0,24.0,14.0
119,116.0,55.0,10.0,122.0,86.0,44.0,46.0,5.0,24.0,14.0
120,99.0,50.0,10.0,104.0,47.0,45.0,46.0,2.0,16.0,5.0
121,99.0,50.0,10.0,104.0,47.0,45.0,46.0,2.0,16.0,5.0
122,102.0,44.0,7.0,83.0,52.0,44.0,25.0,4.0,7.0,2.0
123,102.0,44.0,7.0,83.0,52.0,44.0,25.0,4.0,7.0,2.0
124,113.0,34.0,10.0,88.0,65.0,50.0,21.0,5.0,0.0,4.0
125,113.0,34.0,10.0,88.0,65.0,50.0,21.0,5.0,0.0,4.0
126,97.0,44.0,18.0,122.0,112.0,65.0,22.0,3.0,11.0,4.0
127,97.0,44.0,18.0,122.0,112.0,65.0,22.0,3.0,11.0,4.0
128,85.0,46.0,18.0,125.0,124.0,69.0,22.0,2.0,13.0,3.0
129,85.0,46.0,18.0,125.0,124.0,69.0,22.0,2.0,13.0,3.0
130,74.0,44.0,22.0,96.0,131.0,64.0,30.0,4.0,13.0,6.0
131,74.0,44.0,22.0,96.0,131.0,64.0,30.0,4.0,13.0,6.0
132,64.0,52.0,24.0,93.0,104.0,76.0,40.0,5.0,12.0,6.0
133,64.0,52.0,24.0,93.0,104.0,76.0,40.0,5.0,12.0,6.0
134,66.0,58.0,17.0,134.0,91.0,107.0,45.0,5.0,13.0,4.0
135,66.0,58.0,17.0,134.0,91.0,107.0,45.0,5.0,13.0,4.0
136,66.0,56.0,19.0,163.0,118.0,139.0,43.0,5.0,13.0,11.0
137,66.0,56.0,19.0,163.0,118.0,139.0,43.0,5.0,13.0,11.0
138,64.0,29.0,12.0,194.0,156.0,123.0,39.0,5.0,0.0,17.0
139,64.0,29.0,12.0,194.0,156.0,123.0,39.0,5.0,0.0,17.0
140,63.0,23.0,14.0,140.0,120.0,122.0,51.0,4.0,0.0,14.0
141,63.0,23.0,14.0,140.0,120.0,122.0,51.0,4.0,0.0,14.0
142,78.0,24.0,15.0,155.0,120.0,140.0,48.0,3.0,5.0,12.0
143,78.0,24.0,15.0,155.0,120.0,140.0,48.0,3.0,5.0,12.0
144,101.0,18.0,18.0,222.0,113.0,116.0,25.0,2.0,7.0,10.0
145,101.0,18.0,18.0,222.0,113.0,116.0,25.0,2.0,7.0,10.0
146,97.0,11.0,25.0,109.0,104.0,116.0,38.0,1.0,10.0,1.0
147,97.0,11.0,25.0,109.0,104.0,116.0,38.0,1.0,10.0,1.0
148,90.0,10.0,31.0,122.0,120.0,191.0,43.0,2.0,8.0,4.0
149,90.0,10.0,31.0,122.0,120.0,191.0,43.0,2.0,8.0,4.0
150,75.0,10.0,57.0,107.0,0.0,169.0,42.0,8.0,8.0,5.0
151,75.0,10.0,57.0,107.0,0.0,169.0,42.0,8.0,8.0,5.0
152,40.0,8.0,55.0,136.0,0.0,94.0,46.0,17.0,8.0,8.0
153,40.0,8.0,55.0,136.0,0.0,94.0,46.0,17.0,8.0,8.0
154,32.0,12.0,58.0,117.0,0.0,88.0,46.0,9.0,9.0,8.0
155,32.0,12.0,58.0,117.0,0.0,88.0,46.0,9.0,9.0,8.0
156,48.0,18.0,46.0,66.0,1.0,82.0,28.0,2.0,10.0,6.0
157,48.0,18.0,46.0,66.0,1.0,82.0,28.0,2.0,10.0,6.0
158,59.0,27.0,25.0,14.0,31.0,76.0,29.0,0.0,0.0,6.0
159,59.0,27.0,25.0,14.0,31.0,76.0,29.0,0.0,0.0,6.0
160,53.0,21.0,41.0,18.0,40.0,70.0,59.0,0.0,0.0,3.0
161,53.0,21.0,41.0,18.0,40.0,70.0,59.0,0.0,0.0,3.0
162,30.0,19.0,32.0,42.0,40.0,41.0,0.0,1.0,0.0,3.0
163,30.0,19.0,32.0,42.0,40.0,41.0,0.0,1.0,0.0,3.0
164,38.0,31.0,24.0,33.0,34.0,29.0,22.0,1.0,19.0,3.0
165,38.0,31.0,24.0,33.0,34.0,29.0,22.0,1.0,19.0,3.0
166,45.0,30.0,21.0,26.0,34.0,18.0,24.0,5.0,19.0,3.0
167,45.0,30.0,21.0,26.0,34.0,18.0,24.0,5.0,19.0,3.0
168,42.0,16.0,25.0,34.0,0.0,22.0,26.0,7.0,0.0,0.0
169,42.0,16.0,25.0,34.0,0.0,22.0,26.0,7.0,0.0,0.0
170,43.0,15.0,28.0,34.0,2.0,20.0,38.0,7.0,0.0,4.0
171,43.0,15.0,28.0,34.0,2.0,20.0,38.0,7.0,0.0,4.0
172,59.0,20.0,25.0,2.0,32.0,14.0,52.0,7.0,0.0,11.0
173,59.0,20.0,25.0,2.0,32.0,14.0,52.0,7.0,0.0,11.0
174,87.0,20.0,35.0,8.0,36.0,17.0,85.0,0.0,0.0,28.0
175,87.0,20.0,35.0,8.0,36.0,17.0,85.0,0.0,0.0,28.0
176,72.0,15.0,67.0,21.0,34.0,24.0,94.0,16.0,0.0,27.0
177,72.0,15.0,67.0,21.0,34.0,24.0,94.0,16.0,0.0,27.0
178,71.0,13.0,61.0,54.0,31.0,17.0,73.0,16.0,0.0,27.0
179,71.0,13.0,61.0,54.0,31.0,17.0,73.0,16.0,0.0,27.0
180,45.0,11.0,49.0,34.0,27.0,19.0,63.0,0.0,0.0,21.0
181,45.0,11.0,49.0,34.0,27.0,19.0,63.0,0.0,0.0,21.0
182,45.0,11.0,48.0,25.0,21.0,20.0,98.0,2.0,0.0,20.0
183,45.0,11.0,48.0,25.0,21.0,20.0,98.0,2.0,0.0,20.0
184,46.0,11.0,13.0,18.0,11.0,20.0,101.0,1.0,0.0,12.0
185,46.0,11.0,13.0,18.0,11.0,20.0,101.0,1.0,0.0,12.0
186,64.0,8.0,17.0,20.0,11.0,23.0,90.0,1.0,0.0,8.0
187,64.0,8.0,17.0,20.0,11.0,23.0,90.0,1.0,0.0,8.0
188,40.0,6.0,13.0,25.0,10.0,30.0,87.0,5.0,0.0,9.0
189,40.0,6.0,13.0,25.0,10.0,30.0,87.0,5.0,0.0,9.0
190,39.0,5.0,14.0,25.0,13.0,28.0,66.0,6.0,0.0,7.0
191,39.0,5.0,14.0,25.0,13.0,28.0,66.0,6.0,0.0,7.0
192,47.0,10.0,18.0,27.0,16.0,24.0,63.0,6.0,0.0,6.0
193,47.0,10.0,18.0,27.0,16.0,24.0,63.0,6.0,0.0,6.0
194,46.0,11.0,15.0,40.0,19.0,19.0,72.0,3.0,15.0,7.0
195,46.0,11.0,15.0,40.0,19.0,19.0,72.0,3.0,15.0,7.0
196,50.0,14.0,15.0,38.0,20.0,20.0,74.0,2.0,20.0,8.0
197,50.0,14.0,15.0,38.0,20.0,20.0,74.0,2.0,20.0,8.0
198,59.0,16.0,19.0,34.0,10.0,22.0,76.0,2.0,45.0,10.0
199,59.0,16.0,19.0,34.0,10.0,22.0,76.0,2.0,45.0,10.0
200,66.0,19.0,25.0,34.0,8.0,22.0,63.0,1.0,45.0,11.0
201,66.0,19.0,25.0,34.0,8.0,22.0,63.0,1.0,45.0,11.0
202,78.0,24.0,37.0,44.0,10.0,26.0,36.0,1.0,0.0,10.0
203,78.0,24.0,37.0,44.0,10.0,26.0,36.0,1.0,0.0,10.0
204,96.0,31.0,33.0,48.0,13.0,26.0,39.0,3.0,0.0,6.0
205,96.0,31.0,33.0,48.0,13.0,26.0,39.0,3.0,0.0,6.0
206,113.0,34.0,28.0,49.0,21.0,26.0,36.0,3.0,0.0,7.0
207,113.0,34.0,28.0,49.0,21.0,26.0,36.0,3.0,0.0,7.0
208,111.0,27.0,15.0,37.0,36.0,36.0,21.0,1.0,0.0,8.0
209,111.0,27.0,15.0,37.0,36.0,36.0,21.0,1.0,0.0,8.0
210,111.0,24.0,11.0,25.0,67.0,46.0,24.0,2.0,0.0,8.0
211,111.0,24.0,11.0,25.0,67.0,46.0,24.0,2.0,0.0,8.0
212,107.0,29.0,9.0,27.0,44.0,45.0,19.0,2.0,0.0,7.0
213,107.0,29.0,9.0,27.0,44.0,45.0,19.0,2.0,0.0,7.0
214,124.0,33.0,10.0,40.0,31.0,53.0,28.0,2.0,14.0,9.0
215,124.0,33.0,10.0,40.0,31.0,53.0,28.0,2.0,14.0,9.0
216,127.0,37.0,10.0,47.0,18.0,43.0,23.0,4.0,14.0,9.0
217,127.0,37.0,10.0,47.0,18.0,43.0,23.0,4.0,14.0,9.0
218,112.0,39.0,9.0,55.0,26.0,37.0,18.0,3.0,8.0,3.0
219,112.0,39.0,9.0,55.0,26.0,37.0,18.0,3.0,8.0,3.0
220,111.0,44.0,8.0,72.0,28.0,47.0,18.0,2.0,6.0,4.0
221,111.0,44.0,8.0,72.0,28.0,47.0,18.0,2.0,6.0,4.0
222,110.0,50.0,7.0,70.0,33.0,57.0,16.0,2.0,8.0,7.0
223,110.0,50.0,7.0,70.0,33.0,57.0,16.0,2.0,8.0,7.0
224,138.0,46.0,7.0,71.0,23.0,58.0,21.0,2.0,11.0,8.0
225,138.0,46.0,7.0,71.0,23.0,58.0,21.0,2.0,11.0,8.0
226,166.0,27.0,7.0,91.0,16.0,62.0,28.0,4.0,17.0,7.0
227,166.0,27.0,7.0,91.0,16.0,62.0,28.0,4.0,17.0,7.0
228,132.0,29.0,8.0,92.0,28.0,79.0,40.0,6.0,49.0,7.0
229,132.0,29.0,8.0,92.0,28.0,79.0,40.0,6.0,49.0,7.0
230,95.0,32.0,8.0,91.0,45.0,87.0,47.0,5.0,29.0,6.0
231,95.0,32.0,8.0,91.0,45.0,87.0,47.0,5.0,29.0,6.0
232,102.0,27.0,8.0,93.0,60.0,99.0,50.0,4.0,9.0,4.0
233,102.0,27.0,8.0,93.0,60.0,99.0,50.0,4.0,9.0,4.0
234,107.0,18.0,7.0,106.0,9.0,113.0,49.0,3.0,14.0,5.0
235,107.0,18.0,7.0,106.0,9.0,113.0,49.0,3.0,14.0,5.0
236,94.0,13.0,6.0,112.0,15.0,147.0,40.0,2.0,14.0,6.0
237,94.0,13.0,6.0,112.0,15.0,147.0,40.0,2.0,14.0,6.0
238,111.0,14.0,13.0,112.0,22.0,161.0,20.0,2.0,27.0,8.0
239,111.0,14.0,13.0,112.0,22.0,161.0,20.0,2.0,27.0,8.0
240,177.0,11.0,14.0,148.0,0.0,153.0,17.0,3.0,41.0,8.0
241,177.0,11.0,14.0,148.0,0.0,153.0,17.0,3.0,41.0,8.0
242,207.0,16.0,11.0,131.0,25.0,146.0,10.0,5.0,27.0,5.0
243,207.0,16.0,11.0,131.0,25.0,146.0,10.0,5.0,27.0,5.0
244,162.0,23.0,18.0,316.0,25.0,183.0,20.0,7.0,17.0,10.0
245,162.0,23.0,18.0,316.0,25.0,183.0,20.0,7.0,17.0,10.0
246,151.0,22.0,21.0,284.0,0.0,189.0,24.0,3.0,16.0,17.0
247,151.0,22.0,21.0,284.0,0.0,189.0,24.0,3.0,16.0,17.0
248,110.0,15.0,20.0,226.0,16.0,168.0,23.0,2.0,16.0,16.0
249,110.0,15.0,20.0,226.0,16.0,168.0,23.0,2.0,16.0,16.0
250,76.0,19.0,28.0,555.0,17.0,172.0,41.0,1.0,0.0,18.0
251,76.0,19.0,28.0,555.0,17.0,172.0,41.0,1.0,0.0,18.0
252,80.0,22.0,21.0,213.0,17.0,188.0,47.0,2.0,0.0,10.0
253,80.0,22.0,21.0,213.0,17.0,188.0,47.0,2.0,0.0,10.0
254,93.0,18.0,32.0,151.0,0.0,161.0,46.0,2.0,0.0,11.0
255,93.0,18.0,32.0,151.0,0.0,161.0,46.0,2.0,0.0,11.0
256,114.0,17.0,36.0,208.0,0.0,154.0,45.0,2.0,0.0,25.0
257,114.0,17.0,36.0,208.0,0.0,154.0,45.0,2.0,0.0,25.0
258,120.0,19.0,23.0,219.0,0.0,163.0,59.0,0.0,0.0,25.0
259,120.0,19.0,23.0,219.0,0.0,163.0,59.0,0.0,0.0,25.0
260,116.0,12.0,28.0,200.0,0.0,146.0,71.0,0.0,0.0,22.0
261,116.0,12.0,28.0,200.0,0.0,146.0,71.0,0.0,0.0,22.0
262,96.0,9.0,34.0,226.0,6.0,149.0,53.0,0.0,0.0,12.0
263,96.0,9.0,34.0,226.0,6.0,149.0,53.0,0.0,0.0,12.0
264,96.0,12.0,48.0,188.0,6.0,95.0,53.0,0.0,1.0,6.0
265,96.0,12.0,48.0,188.0,6.0,95.0,53.0,0.0,1.0,6.0
266,70.0,11.0,40.0,98.0,0.0,118.0,45.0,0.0,13.0,7.0
267,70.0,11.0,40.0,98.0,0.0,118.0,45.0,0.0,13.0,7.0
268,76.0,0.0,19.0,119.0,1.0,70.0,63.0,1.0,13.0,7.0
269,76.0,0.0,19.0,119.0,1.0,70.0,63.0,1.0,13.0,7.0
270,88.0,1.0,18.0,64.0,18.0,75.0,103.0,1.0,0.0,4.0
271,88.0,1.0,18.0,64.0,18.0,75.0,103.0,1.0,0.0,4.0
272,55.0,9.0,25.0,0.0,33.0,63.0,110.0,3.0,0.0,12.0
273,55.0,9.0,25.0,0.0,33.0,63.0,110.0,3.0,0.0,12.0
274,65.0,9.0,43.0,13.0,68.0,76.0,82.0,3.0,5.0,13.0
275,65.0,9.0,43.0,13.0,68.0,76.0,82.0,3.0,5.0,13.0
276,80.0,9.0,31.0,16.0,68.0,90.0,28.0,6.0,1.0,6.0
277,80.0,9.0,31.0,16.0,68.0,90.0,28.0,6.0,1.0,6.0
278,70.0,11.0,13.0,11.0,48.0,41.0,18.0,8.0,23.0,6.0
279,70.0,11.0,13.0,11.0,48.0,41.0,18.0,8.0,23.0,6.0
280,46.0,11.0,5.0,2.0,26.0,28.0,25.0,3.0,28.0,9.0
281,46.0,11.0,5.0,2.0,26.0,28.0,25.0,3.0,28.0,9.0
282,25.0,13.0,14.0,8.0,15.0,23.0,27.0,17.0,23.0,8.0
283,25.0,13.0,14.0,8.0,15.0,23.0,27.0,17.0,23.0,8.0
284,41.0,21.0,21.0,8.0,29.0,29.0,32.0,7.0,13.0,12.0
285,41.0,21.0,21.0,8.0,29.0,29.0,32.0,7.0,13.0,12.0
286,48.0,23.0,26.0,10.0,33.0,30.0,42.0,3.0,53.0,17.0
287,48.0,23.0,26.0,10.0,33.0,30.0,42.0,3.0,53.0,17.0
288,54.0,15.0,11.0,14.0,37.0,30.0,29.0,3.0,35.0,15.0
289,54.0,15.0,11.0,14.0,37.0,30.0,29.0,3.0,35.0,15.0
290,41.0,10.0,10.0,17.0,0.0,29.0,18.0,2.0,17.0,8.0
291,41.0,10.0,10.0,17.0,0.0,29.0,18.0,2.0,17.0,8.0
292,30.0,16.0,16.0,28.0,25.0,38.0,29.0,3.0,2.0,8.0
293,30.0,16.0,16.0,28.0,25.0,38.0,29.0,3.0,2.0,8.0
294,30.0,20.0,17.0,26.0,25.0,42.0,38.0,5.0,21.0,13.0
295,30.0,20.0,17.0,26.0,25.0,42.0,38.0,5.0,21.0,13.0
296,33.0,27.0,22.0,8.0,35.0,35.0,43.0,4.0,33.0,14.0
297,33.0,27.0,22.0,8.0,35.0,35.0,43.0,4.0,33.0,14.0
298,33.0,29.0,32.0,8.0,41.0,23.0,28.0,2.0,31.0,15.0
299,33.0,29.0,32.0,8.0,41.0,23.0,28.0,2.0,31.0,15.0
300,38.0,19.0,31.0,8.0,35.0,24.0,25.0,3.0,48.0,18.0
301,38.0,19.0,31.0,8.0,35.0,24.0,25.0,3.0,48.0,18.0
302,54.0,14.0,21.0,14.0,29.0,28.0,26.0,2.0,64.0,19.0
303,54.0,14.0,21.0,14.0,29.0,28.0,26.0,2.0,64.0,19.0
304,72.0,16.0,12.0,16.0,30.0,31.0,18.0,2.0,70.0,17.0
305,72.0,16.0,12.0,16.0,30.0,31.0,18.0,2.0,70.0,17.0
306,59.0,18.0,5.0,12.0,16.0,26.0,11.0,2.0,96.0,10.0
307,59.0,18.0,5.0,12.0,16.0,26.0,11.0,2.0,96.0,10.0
308,46.0,19.0,7.0,8.0,13.0,26.0,19.0,1.0,69.0,13.0
309,46.0,19.0,7.0,8.0,13.0,26.0,19.0,1.0,69.0,13.0
310,48.0,16.0,8.0,18.0,0.0,31.0,26.0,1.0,70.0,14.0
311,48.0,16.0,8.0,18.0,0.0,31.0,26.0,1.0,70.0,14.0
312,45.0,16.0,6.0,20.0,6.0,28.0,29.0,2.0,81.0,13.0
313,45.0,16.0,6.0,20.0,6.0,28.0,29.0,2.0,81.0,13.0
314,50.0,15.0,7.0,22.0,8.0,25.0,30.0,2.0,90.0,10.0
315,50.0,15.0,7.0,22.0,8.0,25.0,30.0,2.0,90.0,10.0
316,48.0,15.0,6.0,20.0,10.0,20.0,30.0,1.0,118.0,7.0
317,48.0,15.0,6.0,20.0,10.0,20.0,30.0,1.0,118.0,7.0
318,47.0,13.0,8.0,15.0,12.0,21.0,15.0,1.0,118.0,6.0
319,47.0,13.0,8.0,15.0,12.0,21.0,15.0,1.0,118.0,6.0
320,55.0,10.0,8.0,26.0,22.0,15.0,14.0,3.0,0.0,5.0
321,55.0,10.0,8.0,26.0,22.0,15.0,14.0,3.0,0.0,5.0
322,59.0,15.0,6.0,27.0,34.0,16.0,14.0,4.0,0.0,4.0
323,59.0,15.0,6.0,27.0,34.0,16.0,14.0,4.0,0.0,4.0
324,52.0,17.0,9.0,34.0,23.0,18.0,20.0,4.0,14.0,11.0
325,52.0,17.0,9.0,34.0,23.0,18.0,20.0,4.0,14.0,11.0
326,54.0,15.0,7.0,62.0,23.0,24.0,28.0,3.0,24.0,18.0
327,54.0,15.0,7.0,62.0,23.0,24.0,28.0,3.0,24.0,18.0
328,40.0,16.0,13.0,73.0,10.0,31.0,27.0,3.0,29.0,24.0
329,40.0,16.0,13.0,73.0,10.0,31.0,27.0,3.0,29.0,24.0
330,44.0,18.0,13.0,39.0,15.0,26.0,25.0,2.0,0.0,37.0
331,44.0,18.0,13.0,39.0,15.0,26.0,25.0,2.0,0.0,37.0
332,50.0,19.0,12.0,40.0,32.0,24.0,26.0,1.0,0.0,36.0
333,50.0,19.0,12.0,40.0,32.0,24.0,26.0,1.0,0.0,36.0
334,39.0,17.0,22.0,46.0,32.0,25.0,27.0,1.0,0.0,27.0
335,39.0,17.0,22.0,46.0,32.0,25.0,27.0,1.0,0.0,27.0
336,45.0,18.0,18.0,57.0,34.0,32.0,36.0,1.0,0.0,12.0
337,45.0,18.0,18.0,57.0,34.0,32.0,36.0,1.0,0.0,12.0
338,61.0,18.0,9.0,21.0,25.0,37.0,44.0,3.0,0.0,10.0
339,61.0,18.0,9.0,21.0,25.0,37.0,44.0,3.0,0.0,10.0
340,56.0,10.0,24.0,16.0,52.0,41.0,47.0,3.0,0.0,10.0
341,56.0,10.0,24.0,16.0,52.0,41.0,47.0,3.0,0.0,10.0
342,56.0,12.0,24.0,29.0,52.0,49.0,46.0,0.0,3.0,5.0
343,56.0,12.0,24.0,29.0,52.0,49.0,46.0,0.0,3.0,5.0
344,78.0,14.0,23.0,66.0,0.0,63.0,42.0,1.0,3.0,2.0
345,78.0,14.0,23.0,66.0,0.0,63.0,42.0,1.0,3.0,2.0
346,93.0,15.0,33.0,47.0,0.0,57.0,54.0,2.0,38.0,3.0
347,93.0,15.0,33.0,47.0,0.0,57.0,54.0,2.0,38.0,3.0
348,113.0,11.0,35.0,46.0,0.0,35.0,108.0,2.0,38.0,6.0
349,113.0,11.0,35.0,46.0,0.0,35.0,108.0,2.0,38.0,6.0
350,86.0,10.0,59.0,58.0,0.0,44.0,68.0,1.0,0.0,7.0
351,86.0,10.0,59.0,58.0,0.0,44.0,68.0,1.0,0.0,7.0
352,105.0,15.0,50.0,62.0,0.0,62.0,55.0,1.0,0.0,5.0
353,105.0,15.0,50.0,62.0,0.0,62.0,55.0,1.0,0.0,5.0
354,121.0,12.0,66.0,82.0,0.0,60.0,65.0,0.0,0.0,5.0
355,121.0,12.0,66.0,82.0,0.0,60.0,65.0,0.0,0.0,5.0
356,95.0,11.0,109.0,0.0,0.0,52.0,63.0,1.0,0.0,5.0
357,95.0,11.0,109.0,0.0,0.0,52.0,63.0,1.0,0.0,5.0
358,107.0,13.0,106.0,0.0,0.0,61.0,63.0,2.0,0.0,9.0
359,107.0,13.0,106.0,0.0,0.0,61.0,63.0,2.0,0.0,9.0
360,123.0,14.0,97.0,11.0,9.0,28.0,57.0,2.0,0.0,9.0
361,123.0,14.0,97.0,11.0,9.0,28.0,57.0,2.0,0.0,9.0
362,137.0,14.0,106.0,14.0,19.0,34.0,70.0,2.0,0.0,8.0
363,137.0,14.0,106.0,14.0,19.0,34.0,70.0,2.0,0.0,8.0
364,143.0,14.0,134.0,17.0,26.0,38.0,58.0,0.0,0.0,9.0
365,143.0,14.0,134.0,17.0,26.0,38.0,58.0,0.0,0.0,9.0
366,159.0,0.0,134.0,1.0,33.0,36.0,64.0,0.0,0.0,12.0
367,159.0,0.0,134.0,1.0,33.0,36.0,64.0,0.0,0.0,12.0
368,103.0,0.0,124.0,23.0,33.0,29.0,83.0,1.0,0.0,14.0
369,103.0,0.0,124.0,23.0,33.0,29.0,83.0,1.0,0.0,14.0
370,91.0,13.0,73.0,41.0,0.0,40.0,90.0,1.0,0.0,14.0
371,91.0,13.0,73.0,41.0,0.0,40.0,90.0,1.0,0.0,14.0
372,28.0,19.0,70.0,45.0,0.0,24.0,129.0,1.0,0.0,19.0
373,28.0,19.0,70.0,45.0,0.0,24.0,129.0,1.0,0.0,19.0
374,37.0,18.0,45.0,34.0,0.0,22.0,74.0,2.0,0.0,11.0
375,37.0,18.0,45.0,34.0,0.0,22.0,74.0,2.0,0.0,11.0
376,25.0,9.0,17.0,22.0,1.0,28.0,72.0,2.0,0.0,3.0
377,25.0,9.0,17.0,22.0,1.0,28.0,72.0,2.0,0.0,3.0
378,13.0,9.0,42.0,19.0,1.0,26.0,99.0,5.0,0.0,4.0
379,13.0,9.0,42.0,19.0,1.0,26.0,99.0,5.0,0.0,4.0
380,17.0,9.0,30.0,23.0,4.0,21.0,57.0,5.0,1.0,8.0
381,17.0,9.0,30.0,23.0,4.0,21.0,57.0,5.0,1.0,8.0
382,17.0,8.0,30.0,21.0,12.0,18.0,41.0,5.0,18.0,8.0
383,17.0,8.0,30.0,21.0,12.0,18.0,41.0,5.0,18.0,8.0
384,22.0,10.0,23.0,18.0,18.0,23.0,31.0,3.0,18.0,3.0
385,22.0,10.0,23.0,18.0,18.0,23.0,31.0,3.0,18.0,3.0
386,31.0,10.0,24.0,30.0,18.0,30.0,29.0,1.0,0.0,4.0
387,31.0,10.0,24.0,30.0,18.0,30.0,29.0,1.0,0.0,4.0
388,35.0,7.0,25.0,49.0,14.0,30.0,23.0,1.0,1.0,4.0
389,35.0,7.0,25.0,49.0,14.0,30.0,23.0,1.0,1.0,4.0
390,32.0,7.0,28.0,43.0,15.0,28.0,32.0,3.0,2.0,5.0
391,32.0,7.0,28.0,43.0,15.0,28.0,32.0,3.0,2.0,5.0
392,35.0,16.0,38.0,29.0,14.0,29.0,43.0,0.0,16.0,5.0
393,35.0,16.0,38.0,29.0,14.0,29.0,43.0,0.0,16.0,5.0
394,34.0,15.0,49.0,22.0,16.0,31.0,47.0,3.0,16.0,5.0
395,34.0,15.0,49.0,22.0,16.0,31.0,47.0,3.0,16.0,5.0
396,33.0,15.0,34.0,15.0,13.0,34.0,59.0,2.0,7.0,6.0
397,33.0,15.0,34.0,15.0,13.0,34.0,59.0,2.0,7.0,6.0
398,50.0,22.0,23.0,9.0,23.0,26.0,69.0,1.0,7.0,7.0
399,50.0,22.0,23.0,9.0,23.0,26.0,69.0,1.0,7.0,7.0
400,52.0,28.0,13.0,15.0,28.0,33.0,63.0,1.0,1.0,8.0
401,52.0,28.0,13.0,15.0,28.0,33.0,63.0,1.0,1.0,8.0
402,59.0,14.0,6.0,17.0,29.0,35.0,84.0,3.0,15.0,6.0
403,59.0,14.0,6.0,17.0,29.0,35.0,84.0,3.0,15.0,6.0
404,60.0,13.0,7.0,21.0,18.0,32.0,102.0,5.0,18.0,6.0
405,60.0,13.0,7.0,21.0,18.0,32.0,102.0,5.0,18.0,6.0
406,58.0,10.0,7.0,17.0,14.0,34.0,106.0,4.0,18.0,8.0
407,58.0,10.0,7.0,17.0,14.0,34.0,106.0,4.0,18.0,8.0
408,57.0,8.0,6.0,11.0,11.0,39.0,36.0,1.0,13.0,10.0
409,57.0,8.0,6.0,11.0,11.0,39.0,36.0,1.0,13.0,10.0
410,65.0,10.0,5.0,16.0,3.0,46.0,37.0,2.0,3.0,11.0
411,65.0,10.0,5.0,16.0,3.0,46.0,37.0,2.0,3.0,11.0
412,72.0,13.0,7.0,21.0,5.0,62.0,52.0,4.0,3.0,15.0
413,72.0,13.0,7.0,21.0,5.0,62.0,52.0,4.0,3.0,15.0
414,85.0,17.0,8.0,24.0,17.0,67.0,53.0,6.0,0.0,24.0
415,85.0,17.0,8.0,24.0,17.0,67.0,53.0,6.0,0.0,24.0
416,81.0,25.0,6.0,29.0,14.0,59.0,49.0,4.0,0.0,22.0
417,81.0,25.0,6.0,29.0,14.0,59.0,49.0,4.0,0.0,22.0
418,74.0,33.0,7.0,54.0,10.0,62.0,51.0,1.0,0.0,14.0
419,74.0,33.0,7.0,54.0,10.0,62.0,51.0,1.0,0.0,14.0
420,72.0,36.0,11.0,43.0,14.0,71.0,42.0,1.0,0.0,12.0
421,72.0,36.0,11.0,43.0,14.0,71.0,42.0,1.0,0.0,12.0
422,81.0,36.0,16.0,29.0,15.0,72.0,68.0,4.0,11.0,15.0
423,81.0,36.0,16.0,29.0,15.0,72.0,68.0,4.0,11.0,15.0
424,86.0,45.0,13.0,23.0,10.0,74.0,16.0,4.0,10.0,16.0
425,86.0,45.0,13.0,23.0,10.0,74.0,16.0,4.0,10.0,16.0
426,83.0,44.0,11.0,33.0,14.0,68.0,15.0,5.0,8.0,21.0
427,83.0,44.0,11.0,33.0,14.0,68.0,15.0,5.0,8.0,21.0
428,102.0,37.0,13.0,35.0,17.0,61.0,11.0,6.0,0.0,24.0
429,102.0,37.0,13.0,35.0,17.0,61.0,11.0,6.0,0.0,24.0
430,94.0,29.0,17.0,36.0,15.0,72.0,10.0,13.0,10.0,16.0
431,94.0,29.0,17.0,36.0,15.0,72.0,10.0,13.0,10.0,16.0
432,86.0,19.0,26.0,47.0,15.0,78.0,16.0,18.0,10.0,11.0
433,86.0,19.0,26.0,47.0,15.0,78.0,16.0,18.0,10.0,11.0
434,108.0,11.0,35.0,72.0,23.0,84.0,21.0,12.0,0.0,11.0
435,108.0,11.0,35.0,72.0,23.0,84.0,21.0,12.0,0.0,11.0
436,95.0,15.0,35.0,63.0,31.0,71.0,18.0,11.0,4.0,8.0
437,95.0,15.0,35.0,63.0,31.0,71.0,18.0,11.0,4.0,8.0
438,96.0,21.0,43.0,104.0,38.0,67.0,13.0,5.0,4.0,9.0
439,96.0,21.0,43.0,104.0,38.0,67.0,13.0,5.0,4.0,9.0
440,119.0,18.0,23.0,62.0,14.0,67.0,15.0,2.0,0.0,10.0
441,119.0,18.0,23.0,62.0,14.0,67.0,15.0,2.0,0.0,10.0
442,134.0,23.0,26.0,48.0,44.0,45.0,29.0,5.0,0.0,6.0
443,134.0,23.0,26.0,48.0,44.0,45.0,29.0,5.0,0.0,6.0
444,163.0,33.0,34.0,32.0,50.0,15.0,42.0,5.0,3.0,6.0
445,163.0,33.0,34.0,32.0,50.0,15.0,42.0,5.0,3.0,6.0
446,187.0,45.0,37.0,48.0,50.0,14.0,10.0,2.0,3.0,6.0
447,187.0,45.0,37.0,48.0,50.0,14.0,10.0,2.0,3.0,6.0
448,184.0,60.0,0.0,80.0,9.0,16.0,5.0,2.0,9.0,7.0
449,184.0,60.0,0.0,80.0,9.0,16.0,5.0,2.0,9.0,7.0
450,190.0,56.0,0.0,40.0,11.0,15.0,4.0,0.0,39.0,8.0
451,190.0,56.0,0.0,40.0,11.0,15.0,4.0,0.0,39.0,8.0
452,218.0,76.0,0.0,29.0,14.0,11.0,15.0,0.0,61.0,7.0
453,218.0,76.0,0.0,29.0,14.0,11.0,15.0,0.0,61.0,7.0
454,165.0,72.0,11.0,15.0,9.0,14.0,13.0,0.0,33.0,5.0
455,165.0,72.0,11.0,15.0,9.0,14.0,13.0,0.0,33.0,5.0
456,211.0,52.0,11.0,30.0,24.0,0.0,10.0,1.0,5.0,5.0
457,211.0,52.0,11.0,30.0,24.0,0.0,10.0,1.0,5.0,5.0
458,279.0,58.0,6.0,56.0,57.0,19.0,7.0,1.0,0.0,14.0
459,279.0,58.0,6.0,56.0,57.0,19.0,7.0,1.0,0.0,14.0
460,207.0,33.0,6.0,28.0,57.0,19.0,19.0,2.0,0.0,14.0
461,207.0,33.0,6.0,28.0,57.0,19.0,19.0,2.0,0.0,14.0
462,215.0,29.0,24.0,22.0,26.0,21.0,42.0,0.0,0.0,0.0
463,215.0,29.0,24.0,22.0,26.0,21.0,42.0,0.0,0.0,0.0
464,319.0,15.0,28.0,51.0,26.0,29.0,53.0,0.0,0.0,0.0
465,319.0,15.0,28.0,51.0,26.0,29.0,53.0,0.0,0.0,0.0
466,319.0,10.0,21.0,51.0,8.0,36.0,49.0,9.0,0.0,1.0
467,319.0,10.0,21.0,51.0,8.0,36.0,49.0,9.0,0.0,1.0
468,242.0,11.0,8.0,65.0,8.0,37.0,35.0,14.0,0.0,1.0
469,242.0,11.0,8.0,65.0,8.0,37.0,35.0,14.0,0.0,1.0
470,225.0,11.0,12.0,65.0,17.0,27.0,20.0,14.0,0.0,0.0
471,225.0,11.0,12.0,65.0,17.0,27.0,20.0,14.0,0.0,0.0
472,103.0,21.0,16.0,13.0,16.0,19.0,17.0,8.0,0.0,0.0
473,103.0,21.0,16.0,13.0,16.0,19.0,17.0,8.0,0.0,0.0
474,92.0,27.0,17.0,16.0,11.0,19.0,15.0,6.0,0.0,0.0
475,92.0,27.0,17.0,16.0,11.0,19.0,15.0,6.0,0.0,0.0
476,83.0,31.0,15.0,16.0,12.0,17.0,25.0,6.0,2.0,2.0
477,83.0,31.0,15.0,16.0,12.0,17.0,25.0,6.0,2.0,2.0
478,71.0,23.0,16.0,17.0,21.0,14.0,35.0,5.0,6.0,3.0
479,71.0,23.0,16.0,17.0,21.0,14.0,35.0,5.0,6.0,3.0
480,51.0,15.0,25.0,18.0,36.0,19.0,42.0,3.0,12.0,3.0
481,51.0,15.0,25.0,18.0,36.0,19.0,42.0,3.0,12.0,3.0
482,57.0,16.0,34.0,17.0,41.0,22.0,29.0,6.0,15.0,2.0
483,57.0,16.0,34.0,17.0,41.0,22.0,29.0,6.0,15.0,2.0
484,57.0,18.0,35.0,19.0,56.0,28.0,25.0,5.0,15.0,3.0
485,57.0,18.0,35.0,19.0,56.0,28.0,25.0,5.0,15.0,3.0
486,48.0,18.0,41.0,20.0,47.0,37.0,40.0,1.0,16.0,5.0
487,48.0,18.0,41.0,20.0,47.0,37.0,40.0,1.0,16.0,5.0
488,44.0,18.0,50.0,19.0,46.0,38.0,47.0,1.0,10.0,5.0
489,44.0,18.0,50.0,19.0,46.0,38.0,47.0,1.0,10.0,5.0
490,48.0,19.0,62.0,19.0,62.0,38.0,67.0,2.0,10.0,3.0
491,48.0,19.0,62.0,19.0,62.0,38.0,67.0,2.0,10.0,3.0
492,65.0,19.0,71.0,16.0,95.0,43.0,85.0,6.0,10.0,1.0
493,65.0,19.0,71.0,16.0,95.0,43.0,85.0,6.0,10.0,1.0
494,66.0,20.0,57.0,24.0,67.0,57.0,103.0,7.0,9.0,1.0
495,66.0,20.0,57.0,24.0,67.0,57.0,103.0,7.0,9.0,1.0
496,83.0,16.0,53.0,39.0,65.0,77.0,111.0,4.0,10.0,1.0
497,83.0,16.0,53.0,39.0,65.0,77.0,111.0,4.0,10.0,1.0
498,92.0,13.0,56.0,29.0,65.0,72.0,113.0,6.0,10.0,2.0
499,92.0,13.0,56.0,29.0,65.0,72.0,113.0,6.0,10.0,2.0
500,91.0,15.0,39.0,26.0,40.0,54.0,131.0,6.0,15.0,2.0
501,91.0,15.0,39.0,26.0,40.0,54.0,131.0,6.0,15.0,2.0
502,83.0,17.0,20.0,28.0,24.0,45.0,118.0,3.0,15.0,3.0
503,83.0,17.0,20.0,28.0,24.0,45.0,118.0,3.0,15.0,3.0
504,79.0,21.0,22.0,29.0,28.0,55.0,102.0,2.0,1.0,4.0
505,79.0,21.0,22.0,29.0,28.0,55.0,102.0,2.0,1.0,4.0
506,63.0,27.0,27.0,37.0,37.0,62.0,88.0,2.0,8.0,4.0
507,63.0,27.0,27.0,37.0,37.0,62.0,88.0,2.0,8.0,4.0
508,72.0,29.0,16.0,43.0,30.0,50.0,71.0,3.0,13.0,6.0
509,72.0,29.0,16.0,43.0,30.0,50.0,71.0,3.0,13.0,6.0
510,154.0,32.0,18.0,51.0,18.0,55.0,51.0,4.0,15.0,9.0
511,154.0,32.0,18.0,51.0,18.0,55.0,51.0,4.0,15.0,9.0
512,123.0,39.0,17.0,57.0,21.0,100.0,38.0,3.0,11.0,3.0
513,123.0,39.0,17.0,57.0,21.0,100.0,38.0,3.0,11.0,3.0
514,108.0,33.0,14.0,79.0,1.0,115.0,31.0,5.0,18.0,2.0
515,108.0,33.0,14.0,79.0,1.0,115.0,31.0,5.0,18.0,2.0
516,104.0,35.0,10.0,103.0,22.0,114.0,23.0,8.0,30.0,4.0
517,104.0,35.0,10.0,103.0,22.0,114.0,23.0,8.0,30.0,4.0
518,132.0,36.0,9.0,66.0,22.0,118.0,26.0,10.0,48.0,8.0
519,132.0,36.0,9.0,66.0,22.0,118.0,26.0,10.0,48.0,8.0
520,147.0,41.0,7.0,58.0,26.0,126.0,29.0,4.0,32.0,10.0
521,147.0,41.0,7.0,58.0,26.0,126.0,29.0,4.0,32.0,10.0
522,136.0,48.0,7.0,67.0,26.0,143.0,33.0,5.0,16.0,3.0
523,136.0,48.0,7.0,67.0,26.0,143.0,33.0,5.0,16.0,3.0
524,138.0,59.0,14.0,15.0,10.0,131.0,33.0,7.0,17.0,6.0
525,138.0,59.0,14.0,15.0,10.0,131.0,33.0,7.0,17.0,6.0
526,136.0,53.0,15.0,19.0,18.0,108.0,45.0,10.0,6.0,6.0
527,136.0,53.0,15.0,19.0,18.0,108.0,45.0,10.0,6.0,6.0
528,121.0,14.0,15.0,27.0,27.0,138.0,57.0,8.0,25.0,3.0
529,121.0,14.0,15.0,27.0,27.0,138.0,57.0,8.0,25.0,3.0
530,114.0,11.0,9.0,35.0,19.0,159.0,68.0,2.0,25.0,5.0
531,114.0,11.0,9.0,35.0,19.0,159.0,68.0,2.0,25.0,5.0
532,100.0,12.0,14.0,40.0,17.0,179.0,72.0,8.0,0.0,5.0
533,100.0,12.0,14.0,40.0,17.0,179.0,72.0,8.0,0.0,5.0
534,112.0,18.0,27.0,45.0,0.0,200.0,56.0,6.0,23.0,5.0
535,112.0,18.0,27.0,45.0,0.0,200.0,56.0,6.0,23.0,5.0
536,108.0,20.0,24.0,66.0,9.0,181.0,47.0,8.0,23.0,5.0
537,108.0,20.0,24.0,66.0,9.0,181.0,47.0,8.0,23.0,5.0
538,114.0,10.0,18.0,49.0,14.0,183.0,24.0,7.0,0.0,5.0
539,114.0,10.0,18.0,49.0,14.0,183.0,24.0,7.0,0.0,5.0
540,169.0,6.0,26.0,21.0,20.0,236.0,46.0,7.0,9.0,4.0
541,169.0,6.0,26.0,21.0,20.0,236.0,46.0,7.0,9.0,4.0
542,171.0,2.0,44.0,12.0,36.0,230.0,47.0,5.0,39.0,6.0
543,171.0,2.0,44.0,12.0,36.0,230.0,47.0,5.0,39.0,6.0
544,171.0,4.0,39.0,0.0,36.0,179.0,37.0,6.0,70.0,7.0
545,171.0,4.0,39.0,0.0,36.0,179.0,37.0,6.0,70.0,7.0
546,186.0,5.0,31.0,11.0,0.0,163.0,31.0,1.0,74.0,4.0
547,186.0,5.0,31.0,11.0,0.0,163.0,31.0,1.0,74.0,4.0
548,208.0,7.0,15.0,21.0,0.0,155.0,42.0,3.0,74.0,4.0
549,208.0,7.0,15.0,21.0,0.0,155.0,42.0,3.0,74.0,4.0
550,239.0,12.0,21.0,19.0,0.0,137.0,0.0,1.0,0.0,0.0
551,239.0,12.0,21.0,19.0,0.0,137.0,0.0,1.0,0.0,0.0
552,209.0,18.0,13.0,17.0,0.0,147.0,15.0,1.0,0.0,0.0
553,209.0,18.0,13.0,17.0,0.0,147.0,15.0,1.0,0.0,0.0
554,198.0,22.0,21.0,9.0,17.0,103.0,35.0,1.0,0.0,0.0
555,198.0,22.0,21.0,9.0,17.0,103.0,35.0,1.0,0.0,0.0
556,212.0,18.0,21.0,10.0,17.0,107.0,38.0,1.0,0.0,2.0
557,212.0,18.0,21.0,10.0,17.0,107.0,38.0,1.0,0.0,2.0
558,202.0,14.0,17.0,40.0,0.0,91.0,43.0,5.0,0.0,2.0
559,202.0,14.0,17.0,40.0,0.0,91.0,43.0,5.0,0.0,2.0
560,182.0,18.0,22.0,49.0,0.0,80.0,58.0,5.0,0.0,0.0
561,182.0,18.0,22.0,49.0,0.0,80.0,58.0,5.0,0.0,0.0
562,169.0,26.0,0.0,34.0,0.0,80.0,58.0,11.0,0.0,6.0
563,169.0,26.0,0.0,34.0,0.0,80.0,58.0,11.0,0.0,6.0
564,165.0,36.0,6.0,25.0,10.0,66.0,21.0,16.0,0.0,5.0
565,165.0,36.0,6.0,25.0,10.0,66.0,21.0,16.0,0.0,5.0
566,89.0,24.0,12.0,22.0,12.0,43.0,21.0,23.0,0.0,3.0
567,89.0,24.0,12.0,22.0,12.0,43.0,21.0,23.0,0.0,3.0
568,43.0,9.0,12.0,16.0,16.0,33.0,31.0,20.0,0.0,2.0
569,43.0,9.0,12.0,16.0,16.0,33.0,31.0,20.0,0.0,2.0
570,48.0,12.0,13.0,18.0,16.0,31.0,38.0,12.0,0.0,3.0
571,48.0,12.0,13.0,18.0,16.0,31.0,38.0,12.0,0.0,3.0
572,69.0,16.0,13.0,22.0,3.0,42.0,41.0,6.0,0.0,4.0
573,69.0,16.0,13.0,22.0,3.0,42.0,41.0,6.0,0.0,4.0
574,46.0,13.0,14.0,20.0,22.0,50.0,38.0,5.0,13.0,5.0
575,46.0,13.0,14.0,20.0,22.0,50.0,38.0,5.0,13.0,5.0
576,24.0,10.0,18.0,26.0,22.0,49.0,24.0,8.0,8.0,4.0
577,24.0,10.0,18.0,26.0,22.0,49.0,24.0,8.0,8.0,4.0
578,22.0,9.0,19.0,27.0,22.0,48.0,20.0,6.0,10.0,5.0
579,22.0,9.0,19.0,27.0,22.0,48.0,20.0,6.0,10.0,5.0
580,23.0,7.0,23.0,24.0,24.0,48.0,19.0,4.0,17.0,6.0
581,23.0,7.0,23.0,24.0,24.0,48.0,19.0,4.0,17.0,6.0
582,26.0,8.0,27.0,29.0,27.0,54.0,22.0,3.0,8.0,6.0
583,26.0,8.0,27.0,29.0,27.0,54.0,22.0,3.0,8.0,6.0
584,32.0,12.0,29.0,38.0,27.0,53.0,22.0,9.0,11.0,6.0
585,32.0,12.0,29.0,38.0,27.0,53.0,22.0,9.0,11.0,6.0
586,34.0,20.0,49.0,30.0,9.0,60.0,24.0,5.0,15.0,7.0
587,34.0,20.0,49.0,30.0,9.0,60.0,24.0,5.0,15.0,7.0
588,39.0,23.0,45.0,22.0,15.0,75.0,35.0,1.0,12.0,8.0
589,39.0,23.0,45.0,22.0,15.0,75.0,35.0,1.0,12.0,8.0
590,42.0,26.0,34.0,16.0,18.0,80.0,49.0,3.0,2.0,1.0
591,42.0,26.0,34.0,16.0,18.0,80.0,49.0,3.0,2.0,1.0
592,42.0,20.0,15.0,15.0,6.0,81.0,33.0,3.0,11.0,1.0
593,42.0,20.0,15.0,15.0,6.0,81.0,33.0,3.0,11.0,1.0
594,45.0,10.0,6.0,11.0,13.0,81.0,29.0,5.0,16.0,1.0
595,45.0,10.0,6.0,11.0,13.0,81.0,29.0,5.0,16.0,1.0
596,32.0,11.0,7.0,8.0,13.0,97.0,28.0,7.0,28.0,2.0
597,32.0,11.0,7.0,8.0,13.0,97.0,28.0,7.0,28.0,2.0
598,35.0,11.0,11.0,19.0,10.0,101.0,26.0,5.0,43.0,1.0
599,35.0,11.0,11.0,19.0,10.0,101.0,26.0,5.0,43.0,1.0
600,46.0,11.0,11.0,19.0,17.0,104.0,19.0,3.0,37.0,3.0
601,46.0,11.0,11.0,19.0,17.0,104.0,19.0,3.0,37.0,3.0
602,52.0,13.0,9.0,32.0,28.0,120.0,18.0,5.0,57.0,4.0
603,52.0,13.0,9.0,32.0,28.0,120.0,18.0,5.0,57.0,4.0
604,52.0,13.0,8.0,26.0,28.0,94.0,28.0,7.0,60.0,3.0
605,52.0,13.0,8.0,26.0,28.0,94.0,28.0,7.0,60.0,3.0
606,63.0,13.0,6.0,30.0,24.0,78.0,46.0,4.0,60.0,3.0
607,63.0,13.0,6.0,30.0,24.0,78.0,46.0,4.0,60.0,3.0
608,72.0,12.0,4.0,39.0,19.0,62.0,41.0,9.0,0.0,6.0
609,72.0,12.0,4.0,39.0,19.0,62.0,41.0,9.0,0.0,6.0
610,80.0,11.0,3.0,55.0,19.0,108.0,35.0,13.0,11.0,9.0
611,80.0,11.0,3.0,55.0,19.0,108.0,35.0,13.0,11.0,9.0
612,82.0,14.0,5.0,59.0,29.0,83.0,44.0,10.0,32.0,7.0
613,82.0,14.0,5.0,59.0,29.0,83.0,44.0,10.0,32.0,7.0
614,88.0,18.0,10.0,39.0,46.0,103.0,65.0,7.0,32.0,3.0
615,88.0,18.0,10.0,39.0,46.0,103.0,65.0,7.0,32.0,3.0
616,80.0,19.0,10.0,36.0,57.0,149.0,73.0,4.0,0.0,4.0
617,80.0,19.0,10.0,36.0,57.0,149.0,73.0,4.0,0.0,4.0
618,73.0,19.0,12.0,35.0,48.0,150.0,76.0,6.0,3.0,9.0
619,73.0,19.0,12.0,35.0,48.0,150.0,76.0,6.0,3.0,9.0
620,91.0,17.0,12.0,72.0,25.0,141.0,92.0,3.0,3.0,18.0
621,91.0,17.0,12.0,72.0,25.0,141.0,92.0,3.0,3.0,18.0
622,79.0,11.0,12.0,62.0,19.0,145.0,81.0,5.0,0.0,9.0
623,79.0,11.0,12.0,62.0,19.0,145.0,81.0,5.0,0.0,9.0
624,89.0,9.0,11.0,45.0,25.0,203.0,92.0,7.0,0.0,1.0
625,89.0,9.0,11.0,45.0,25.0,203.0,92.0,7.0,0.0,1.0
626,91.0,8.0,11.0,24.0,30.0,175.0,96.0,7.0,0.0,0.0
627,91.0,8.0,11.0,24.0,30.0,175.0,96.0,7.0,0.0,0.0
628,105.0,8.0,18.0,17.0,35.0,129.0,89.0,7.0,8.0,3.0
629,105.0,8.0,18.0,17.0,35.0,129.0,89.0,7.0,8.0,3.0
630,123.0,6.0,56.0,14.0,26.0,139.0,103.0,4.0,12.0,3.0
631,123.0,6.0,56.0,14.0,26.0,139.0,103.0,4.0,12.0,3.0
632,118.0,9.0,45.0,19.0,33.0,160.0,132.0,9.0,12.0,4.0
633,118.0,9.0,45.0,19.0,33.0,160.0,132.0,9.0,12.0,4.0
634,113.0,11.0,38.0,21.0,33.0,135.0,137.0,10.0,0.0,5.0
635,113.0,11.0,38.0,21.0,33.0,135.0,137.0,10.0,0.0,5.0
636,113.0,11.0,38.0,21.0,33.0,135.0,137.0,10.0,0.0,5.0
637,113.0,11.0,38.0,21.0,33.0,135.0,137.0,10.0,0.0,5.0
638,113.0,11.0,38.0,21.0,33.0,135.0,137.0,10.0,0.0,5.0
639,113.0,11.0,38.0,21.0,33.0,135.0,137.0,10.0,0.0,5.0
640,151.0,0.0,0.0,94.0,0.0,159.0,179.0,0.0,0.0,0.0
641,151.0,0.0,0.0,94.0,0.0,159.0,179.0,0.0,0.0,0.0
642,85.0,14.0,14.0,50.0,0.0,176.0,125.0,13.0,0.0,13.0
643,85.0,14.0,14.0,50.0,0.0,176.0,125.0,13.0,0.0,13.0
644,115.0,44.0,44.0,80.0,0.0,177.0,155.0,43.0,0.0,43.0
645,115.0,44.0,44.0,80.0,0.0,177.0,155.0,43.0,0.0,43.0
646,115.0,44.0,44.0,80.0,0.0,177.0,155.0,43.0,0.0,43.0
647,119.0,65.0,64.0,109.0,0.0,207.0,165.0,72.0,0.0,73.0
648,115.0,73.0,70.0,107.0,0.0,209.0,158.0,102.0,0.0,64.0
649,115.0,73.0,70.0,107.0,0.0,209.0,158.0,102.0,0.0,64.0
650,183.0,119.0,75.0,236.0,22.0,256.0,342.0,53.0,0.0,69.0
651,183.0,119.0,75.0,236.0,22.0,256.0,342.0,53.0,0.0,69.0
652,183.0,93.0,68.0,110.0,20.0,247.0,229.0,27.0,0.0,69.0
653,183.0,93.0,68.0,110.0,20.0,247.0,229.0,27.0,0.0,69.0
654,119.0,76.0,28.0,68.0,20.0,249.0,153.0,4.0,25.0,13.0
655,119.0,76.0,28.0,68.0,20.0,249.0,153.0,4.0,25.0,13.0
656,99.0,56.0,34.0,0.0,0.0,96.0,152.0,0.0,55.0,13.0
657,99.0,56.0,34.0,0.0,0.0,96.0,152.0,0.0,55.0,13.0
658,88.0,35.0,30.0,12.0,3.0,106.0,129.0,0.0,77.0,3.0
659,88.0,35.0,30.0,12.0,3.0,106.0,129.0,0.0,77.0,3.0
660,80.0,33.0,31.0,11.0,11.0,128.0,71.0,2.0,42.0,8.0
661,80.0,33.0,31.0,11.0,11.0,128.0,71.0,2.0,42.0,8.0
662,73.0,37.0,20.0,7.0,18.0,110.0,72.0,2.0,6.0,6.0
663,73.0,37.0,20.0,7.0,18.0,110.0,72.0,2.0,6.0,6.0
664,43.0,50.0,18.0,10.0,6.0,76.0,79.0,2.0,8.0,3.0
665,43.0,50.0,18.0,10.0,6.0,76.0,79.0,2.0,8.0,3.0
666,46.0,60.0,11.0,13.0,11.0,73.0,83.0,5.0,8.0,6.0
667,46.0,60.0,11.0,13.0,11.0,73.0,83.0,5.0,8.0,6.0
668,50.0,39.0,8.0,17.0,9.0,47.0,66.0,5.0,9.0,10.0
669,50.0,39.0,8.0,17.0,9.0,47.0,66.0,5.0,9.0,10.0
670,47.0,32.0,16.0,18.0,9.0,40.0,60.0,2.0,7.0,7.0
671,47.0,32.0,16.0,18.0,9.0,40.0,60.0,2.0,7.0,7.0
672,48.0,40.0,21.0,18.0,8.0,46.0,24.0,2.0,3.0,5.0
673,48.0,40.0,21.0,18.0,8.0,46.0,24.0,2.0,3.0,5.0
674,63.0,49.0,28.0,14.0,11.0,54.0,23.0,3.0,0.0,8.0
675,63.0,49.0,28.0,14.0,11.0,54.0,23.0,3.0,0.0,8.0
676,63.0,51.0,34.0,19.0,22.0,51.0,30.0,4.0,18.0,8.0
677,63.0,51.0,34.0,19.0,22.0,51.0,30.0,4.0,18.0,8.0
678,54.0,54.0,32.0,26.0,33.0,52.0,24.0,3.0,20.0,12.0
679,54.0,54.0,32.0,26.0,33.0,52.0,24.0,3.0,20.0,12.0
680,47.0,60.0,21.0,24.0,37.0,44.0,23.0,3.0,17.0,29.0
681,47.0,60.0,21.0,24.0,37.0,44.0,23.0,3.0,17.0,29.0
682,53.0,71.0,18.0,24.0,27.0,51.0,24.0,3.0,12.0,30.0
683,53.0,71.0,18.0,24.0,27.0,51.0,24.0,3.0,12.0,30.0
684,65.0,86.0,11.0,27.0,32.0,51.0,29.0,1.0,0.0,21.0
685,65.0,86.0,11.0,27.0,32.0,51.0,29.0,1.0,0.0,21.0
686,72.0,99.0,6.0,27.0,71.0,41.0,40.0,5.0,10.0,9.0
687,72.0,99.0,6.0,27.0,71.0,41.0,40.0,5.0,10.0,9.0
688,77.0,110.0,10.0,36.0,81.0,47.0,32.0,6.0,30.0,10.0
689,77.0,110.0,10.0,36.0,81.0,47.0,32.0,6.0,30.0,10.0
690,80.0,106.0,8.0,49.0,93.0,47.0,32.0,3.0,39.0,9.0
691,80.0,106.0,8.0,49.0,93.0,47.0,32.0,3.0,39.0,9.0
692,93.0,81.0,8.0,42.0,86.0,63.0,5.0,2.0,54.0,10.0
693,93.0,81.0,8.0,42.0,86.0,63.0,5.0,2.0,54.0,10.0
694,92.0,68.0,10.0,32.0,53.0,50.0,11.0,2.0,49.0,16.0
695,92.0,68.0,10.0,32.0,53.0,50.0,11.0,2.0,49.0,16.0
696,102.0,50.0,10.0,41.0,48.0,44.0,16.0,3.0,21.0,14.0
697,102.0,50.0,10.0,41.0,48.0,44.0,16.0,3.0,21.0,14.0
698,126.0,40.0,7.0,46.0,49.0,46.0,25.0,4.0,32.0,12.0
699,126.0,40.0,7.0,46.0,49.0,46.0,25.0,4.0,32.0,12.0
700,123.0,36.0,14.0,57.0,75.0,43.0,35.0,3.0,35.0,13.0
701,123.0,36.0,14.0,57.0,75.0,43.0,35.0,3.0,35.0,13.0
702,136.0,38.0,14.0,40.0,43.0,43.0,30.0,3.0,56.0,26.0
703,136.0,38.0,14.0,40.0,43.0,43.0,30.0,3.0,56.0,26.0
704,166.0,40.0,12.0,46.0,43.0,43.0,17.0,2.0,32.0,33.0
705,166.0,40.0,12.0,46.0,43.0,43.0,17.0,2.0,32.0,33.0
706,170.0,37.0,13.0,62.0,15.0,60.0,9.0,4.0,37.0,36.0
707,170.0,37.0,13.0,62.0,15.0,60.0,9.0,4.0,37.0,36.0
708,192.0,28.0,13.0,56.0,14.0,79.0,19.0,3.0,73.0,32.0
709,192.0,28.0,13.0,56.0,14.0,79.0,19.0,3.0,73.0,32.0
710,229.0,24.0,19.0,63.0,17.0,102.0,34.0,1.0,88.0,26.0
711,229.0,24.0,19.0,63.0,17.0,102.0,34.0,1.0,88.0,26.0
712,216.0,22.0,22.0,71.0,28.0,101.0,51.0,4.0,116.0,13.0
713,216.0,22.0,22.0,71.0,28.0,101.0,51.0,4.0,116.0,13.0
714,190.0,20.0,22.0,61.0,40.0,101.0,67.0,3.0,139.0,18.0
715,190.0,20.0,22.0,61.0,40.0,101.0,67.0,3.0,139.0,18.0
716,204.0,22.0,18.0,49.0,43.0,121.0,82.0,3.0,134.0,21.0
717,204.0,22.0,18.0,49.0,43.0,121.0,82.0,3.0,134.0,21.0
718,167.0,17.0,22.0,29.0,19.0,122.0,88.0,4.0,91.0,24.0
719,167.0,17.0,22.0,29.0,19.0,122.0,88.0,4.0,91.0,24.0
720,154.0,13.0,13.0,36.0,19.0,118.0,60.0,4.0,51.0,29.0
721,154.0,13.0,13.0,36.0,19.0,118.0,60.0,4.0,51.0,29.0
722,125.0,17.0,11.0,30.0,23.0,162.0,62.0,2.0,13.0,26.0
723,125.0,17.0,11.0,30.0,23.0,162.0,62.0,2.0,13.0,26.0
724,108.0,20.0,7.0,17.0,22.0,191.0,65.0,2.0,10.0,14.0
725,108.0,20.0,7.0,17.0,22.0,191.0,65.0,2.0,10.0,14.0
726,125.0,18.0,17.0,19.0,13.0,174.0,65.0,0.0,4.0,11.0
727,125.0,18.0,17.0,19.0,13.0,174.0,65.0,0.0,4.0,11.0
728,150.0,17.0,17.0,16.0,3.0,168.0,75.0,0.0,6.0,13.0
729,150.0,17.0,17.0,16.0,3.0,168.0,75.0,0.0,6.0,13.0
730,138.0,9.0,22.0,13.0,16.0,135.0,64.0,5.0,0.0,13.0
731,138.0,9.0,22.0,13.0,16.0,135.0,64.0,5.0,0.0,13.0
732,139.0,9.0,19.0,14.0,16.0,121.0,55.0,4.0,0.0,11.0
733,139.0,9.0,19.0,14.0,16.0,121.0,55.0,4.0,0.0,11.0
734,177.0,9.0,22.0,36.0,0.0,56.0,42.0,3.0,0.0,3.0
735,177.0,9.0,22.0,36.0,0.0,56.0,42.0,3.0,0.0,3.0
736,180.0,7.0,28.0,63.0,18.0,20.0,49.0,2.0,11.0,9.0
737,180.0,7.0,28.0,63.0,18.0,20.0,49.0,2.0,11.0,9.0
738,190.0,4.0,46.0,63.0,19.0,17.0,73.0,2.0,13.0,9.0
739,190.0,4.0,46.0,63.0,19.0,17.0,73.0,2.0,13.0,9.0
740,185.0,8.0,2.0,11.0,19.0,41.0,17.0,2.0,13.0,0.0
741,185.0,8.0,2.0,11.0,19.0,41.0,17.0,2.0,13.0,0.0
742,179.0,10.0,4.0,9.0,12.0,44.0,17.0,1.0,13.0,0.0
743,179.0,10.0,4.0,9.0,12.0,44.0,17.0,1.0,13.0,0.0
744,189.0,12.0,12.0,10.0,12.0,44.0,0.0,2.0,14.0,9.0
745,189.0,12.0,12.0,10.0,12.0,44.0,0.0,2.0,14.0,9.0
746,174.0,10.0,21.0,18.0,2.0,15.0,0.0,2.0,14.0,7.0
747,174.0,10.0,21.0,18.0,2.0,15.0,0.0,2.0,14.0,7.0
748,197.0,10.0,30.0,8.0,9.0,19.0,1.0,0.0,6.0,7.0
749,197.0,10.0,30.0,8.0,9.0,19.0,1.0,0.0,6.0,7.0
750,217.0,9.0,38.0,13.0,9.0,37.0,9.0,1.0,6.0,5.0
751,217.0,9.0,38.0,13.0,9.0,37.0,9.0,1.0,6.0,5.0
752,214.0,11.0,45.0,48.0,19.0,40.0,10.0,7.0,8.0,4.0
753,214.0,11.0,45.0,48.0,19.0,40.0,10.0,7.0,8.0,4.0
754,154.0,10.0,20.0,30.0,19.0,42.0,13.0,16.0,16.0,3.0
755,154.0,10.0,20.0,30.0,19.0,42.0,13.0,16.0,16.0,3.0
756,96.0,11.0,20.0,23.0,14.0,37.0,11.0,16.0,31.0,3.0
757,96.0,11.0,20.0,23.0,14.0,37.0,11.0,16.0,31.0,3.0
758,107.0,17.0,5.0,12.0,14.0,33.0,8.0,1.0,24.0,7.0
759,107.0,17.0,5.0,12.0,14.0,33.0,8.0,1.0,24.0,7.0
760,113.0,18.0,12.0,11.0,14.0,35.0,14.0,1.0,17.0,7.0
761,113.0,18.0,12.0,11.0,14.0,35.0,14.0,1.0,17.0,7.0
762,60.0,18.0,13.0,15.0,8.0,44.0,15.0,2.0,12.0,7.0
763,60.0,18.0,13.0,15.0,8.0,44.0,15.0,2.0,12.0,7.0
764,39.0,19.0,10.0,23.0,6.0,54.0,21.0,3.0,12.0,6.0
765,39.0,19.0,10.0,23.0,6.0,54.0,21.0,3.0,12.0,6.0
766,42.0,23.0,5.0,38.0,15.0,49.0,25.0,4.0,11.0,9.0
767,42.0,23.0,5.0,38.0,15.0,49.0,25.0,4.0,11.0,9.0
768,53.0,29.0,10.0,21.0,23.0,42.0,25.0,3.0,13.0,13.0
769,53.0,29.0,10.0,21.0,23.0,42.0,25.0,3.0,13.0,13.0
770,62.0,32.0,22.0,15.0,30.0,43.0,21.0,2.0,22.0,9.0
771,62.0,32.0,22.0,15.0,30.0,43.0,21.0,2.0,22.0,9.0
772,74.0,36.0,29.0,15.0,37.0,44.0,27.0,2.0,26.0,5.0
773,74.0,36.0,29.0,15.0,37.0,44.0,27.0,2.0,26.0,5.0
774,87.0,32.0,37.0,22.0,51.0,47.0,34.0,5.0,14.0,4.0
775,87.0,32.0,37.0,22.0,51.0,47.0,34.0,5.0,14.0,4.0
776,94.0,35.0,48.0,28.0,65.0,47.0,60.0,11.0,19.0,6.0
777,94.0,35.0,48.0,28.0,65.0,47.0,60.0,11.0,19.0,6.0
778,88.0,40.0,35.0,24.0,83.0,26.0,70.0,16.0,51.0,15.0
779,88.0,40.0,35.0,24.0,83.0,26.0,70.0,16.0,51.0,15.0
780,91.0,39.0,25.0,28.0,125.0,13.0,71.0,13.0,58.0,21.0
781,91.0,39.0,25.0,28.0,125.0,13.0,71.0,13.0,58.0,21.0
782,104.0,42.0,4.0,53.0,102.0,13.0,55.0,11.0,41.0,22.0
783,104.0,42.0,4.0,53.0,102.0,13.0,55.0,11.0,41.0,22.0
784,96.0,44.0,6.0,46.0,95.0,16.0,55.0,5.0,24.0,26.0
785,96.0,44.0,6.0,46.0,95.0,16.0,55.0,5.0,24.0,26.0
786,87.0,39.0,5.0,43.0,104.0,21.0,46.0,6.0,47.0,23.0
787,87.0,39.0,5.0,43.0,104.0,21.0,46.0,6.0,47.0,23.0
788,86.0,26.0,4.0,36.0,113.0,30.0,45.0,9.0,103.0,20.0
789,86.0,26.0,4.0,36.0,113.0,30.0,45.0,9.0,103.0,20.0
790,92.0,38.0,4.0,39.0,123.0,34.0,50.0,9.0,103.0,30.0
791,92.0,38.0,4.0,39.0,123.0,34.0,50.0,9.0,103.0,30.0
792,100.0,43.0,3.0,48.0,109.0,36.0,64.0,2.0,0.0,24.0
793,100.0,43.0,3.0,48.0,109.0,36.0,64.0,2.0,0.0,24.0
794,96.0,35.0,3.0,54.0,92.0,22.0,75.0,3.0,5.0,12.0
795,96.0,35.0,3.0,54.0,92.0,22.0,75.0,3.0,5.0,12.0
796,72.0,17.0,5.0,51.0,49.0,23.0,93.0,3.0,10.0,13.0
797,72.0,17.0,5.0,51.0,49.0,23.0,93.0,3.0,10.0,13.0
798,72.0,20.0,7.0,57.0,11.0,19.0,72.0,6.0,34.0,15.0
799,72.0,20.0,7.0,57.0,11.0,19.0,72.0,6.0,34.0,15.0
800,87.0,19.0,9.0,59.0,37.0,24.0,60.0,10.0,46.0,15.0
801,87.0,19.0,9.0,59.0,37.0,24.0,60.0,10.0,46.0,15.0
802,97.0,20.0,7.0,52.0,18.0,26.0,76.0,13.0,73.0,13.0
803,97.0,20.0,7.0,52.0,18.0,26.0,76.0,13.0,73.0,13.0
804,89.0,28.0,4.0,59.0,14.0,32.0,82.0,10.0,70.0,8.0
805,89.0,28.0,4.0,59.0,14.0,32.0,82.0,10.0,70.0,8.0
806,82.0,31.0,5.0,74.0,21.0,32.0,79.0,8.0,56.0,9.0
807,82.0,31.0,5.0,74.0,21.0,32.0,79.0,8.0,56.0,9.0
808,102.0,24.0,5.0,74.0,14.0,38.0,82.0,9.0,11.0,19.0
809,102.0,24.0,5.0,74.0,14.0,38.0,82.0,9.0,11.0,19.0
810,116.0,18.0,5.0,40.0,16.0,51.0,86.0,14.0,8.0,20.0
811,116.0,18.0,5.0,40.0,16.0,51.0,86.0,14.0,8.0,20.0
812,122.0,19.0,3.0,47.0,32.0,76.0,95.0,16.0,4.0,17.0
813,122.0,19.0,3.0,47.0,32.0,76.0,95.0,16.0,4.0,17.0
814,159.0,15.0,11.0,74.0,23.0,99.0,105.0,11.0,0.0,10.0
815,159.0,15.0,11.0,74.0,23.0,99.0,105.0,11.0,0.0,10.0
816,166.0,13.0,11.0,69.0,16.0,153.0,64.0,3.0,0.0,5.0
817,166.0,13.0,11.0,69.0,16.0,153.0,64.0,3.0,0.0,5.0
818,140.0,17.0,5.0,56.0,10.0,138.0,49.0,1.0,0.0,6.0
819,140.0,17.0,5.0,56.0,10.0,138.0,49.0,1.0,0.0,6.0
820,149.0,15.0,9.0,62.0,15.0,130.0,42.0,1.0,0.0,15.0
821,149.0,15.0,9.0,62.0,15.0,130.0,42.0,1.0,0.0,15.0
822,190.0,4.0,11.0,105.0,21.0,129.0,16.0,2.0,0.0,12.0
823,190.0,4.0,11.0,105.0,21.0,129.0,16.0,2.0,0.0,12.0
824,231.0,9.0,8.0,107.0,22.0,125.0,28.0,7.0,0.0,7.0
825,231.0,9.0,8.0,107.0,22.0,125.0,28.0,7.0,0.0,7.0
826,272.0,14.0,8.0,148.0,26.0,121.0,25.0,9.0,1.0,15.0
827,272.0,14.0,8.0,148.0,26.0,121.0,25.0,9.0,1.0,15.0
828,268.0,10.0,2.0,36.0,22.0,105.0,17.0,7.0,15.0,14.0
829,268.0,10.0,2.0,36.0,22.0,105.0,17.0,7.0,15.0,14.0
830,202.0,4.0,5.0,55.0,0.0,99.0,0.0,7.0,15.0,4.0
831,202.0,4.0,5.0,55.0,0.0,99.0,0.0,7.0,15.0,4.0
832,187.0,7.0,14.0,48.0,0.0,103.0,0.0,2.0,0.0,5.0
833,187.0,7.0,14.0,48.0,0.0,103.0,0.0,2.0,0.0,5.0
834,204.0,5.0,17.0,48.0,0.0,116.0,0.0,2.0,0.0,9.0
835,204.0,5.0,17.0,48.0,0.0,116.0,0.0,2.0,0.0,9.0
836,259.0,4.0,13.0,53.0,0.0,129.0,5.0,0.0,0.0,9.0
837,259.0,4.0,13.0,53.0,0.0,129.0,5.0,0.0,0.0,9.0
838,318.0,6.0,5.0,67.0,0.0,157.0,5.0,1.0,0.0,9.0
839,318.0,6.0,5.0,67.0,0.0,157.0,5.0,1.0,0.0,9.0
840,336.0,6.0,6.0,142.0,0.0,130.0,13.0,1.0,0.0,10.0
841,336.0,6.0,6.0,142.0,0.0,130.0,13.0,1.0,0.0,10.0
842,395.0,9.0,7.0,126.0,0.0,124.0,26.0,2.0,0.0,3.0
843,395.0,9.0,7.0,126.0,0.0,124.0,26.0,2.0,0.0,3.0
844,116.0,11.0,19.0,133.0,16.0,122.0,69.0,2.0,8.0,5.0
845,116.0,11.0,19.0,133.0,16.0,122.0,69.0,2.0,8.0,5.0
846,140.0,10.0,26.0,159.0,16.0,135.0,39.0,2.0,8.0,4.0
847,140.0,10.0,26.0,159.0,16.0,135.0,39.0,2.0,8.0,4.0
848,137.0,7.0,23.0,192.0,0.0,122.0,39.0,7.0,0.0,1.0
849,137.0,7.0,23.0,192.0,0.0,122.0,39.0,7.0,0.0,1.0
850,112.0,10.0,7.0,158.0,0.0,28.0,18.0,30.0,19.0,1.0
851,112.0,10.0,7.0,158.0,0.0,28.0,18.0,30.0,19.0,1.0
852,92.0,7.0,8.0,160.0,0.0,23.0,38.0,30.0,19.0,0.0
853,92.0,7.0,8.0,160.0,0.0,23.0,38.0,30.0,19.0,0.0
854,45.0,4.0,10.0,157.0,0.0,23.0,54.0,9.0,19.0,0.0
855,45.0,4.0,10.0,157.0,0.0,23.0,54.0,9.0,19.0,0.0
856,44.0,6.0,13.0,92.0,0.0,26.0,63.0,6.0,0.0,1.0
857,44.0,6.0,13.0,92.0,0.0,26.0,63.0,6.0,0.0,1.0
858,51.0,6.0,11.0,37.0,6.0,37.0,60.0,4.0,0.0,3.0
859,51.0,6.0,11.0,37.0,6.0,37.0,60.0,4.0,0.0,3.0
860,57.0,7.0,10.0,38.0,19.0,31.0,60.0,3.0,0.0,1.0
861,57.0,7.0,10.0,38.0,19.0,31.0,60.0,3.0,0.0,1.0
862,57.0,7.0,10.0,38.0,19.0,31.0,60.0,3.0,0.0,1.0
863,48.0,7.0,8.0,51.0,28.0,31.0,29.0,4.0,4.0,1.0
864,48.0,7.0,8.0,51.0,28.0,31.0,29.0,4.0,4.0,1.0
865,56.0,8.0,13.0,59.0,24.0,26.0,26.0,4.0,24.0,1.0
866,56.0,8.0,13.0,59.0,24.0,26.0,26.0,4.0,24.0,1.0
867,64.0,9.0,20.0,29.0,18.0,21.0,22.0,4.0,24.0,1.0
868,64.0,9.0,20.0,29.0,18.0,21.0,22.0,4.0,24.0,1.0
869,68.0,14.0,21.0,31.0,45.0,23.0,32.0,6.0,19.0,2.0
870,68.0,14.0,21.0,31.0,45.0,23.0,32.0,6.0,19.0,2.0
871,92.0,13.0,19.0,34.0,50.0,31.0,43.0,7.0,7.0,2.0
872,92.0,13.0,19.0,34.0,50.0,31.0,43.0,7.0,7.0,2.0
873,106.0,12.0,19.0,39.0,16.0,41.0,59.0,8.0,6.0,2.0
874,106.0,12.0,19.0,39.0,16.0,41.0,59.0,8.0,6.0,2.0
875,126.0,14.0,24.0,38.0,11.0,45.0,87.0,7.0,15.0,2.0
876,126.0,14.0,24.0,38.0,11.0,45.0,87.0,7.0,15.0,2.0
877,134.0,18.0,29.0,16.0,19.0,50.0,90.0,5.0,14.0,3.0
878,134.0,18.0,29.0,16.0,19.0,50.0,90.0,5.0,14.0,3.0
879,125.0,17.0,6.0,15.0,31.0,78.0,79.0,7.0,13.0,3.0
880,125.0,17.0,6.0,15.0,31.0,78.0,79.0,7.0,13.0,3.0
881,157.0,27.0,8.0,21.0,62.0,74.0,88.0,10.0,7.0,8.0
882,157.0,27.0,8.0,21.0,62.0,74.0,88.0,10.0,7.0,8.0
883,156.0,45.0,8.0,22.0,77.0,62.0,91.0,8.0,3.0,19.0
884,156.0,45.0,8.0,22.0,77.0,62.0,91.0,8.0,3.0,19.0
885,148.0,55.0,8.0,24.0,68.0,74.0,91.0,6.0,4.0,37.0
886,148.0,55.0,8.0,24.0,68.0,74.0,91.0,6.0,4.0,37.0
887,119.0,68.0,9.0,24.0,54.0,69.0,101.0,3.0,3.0,40.0
888,119.0,68.0,9.0,24.0,54.0,69.0,101.0,3.0,3.0,40.0
889,135.0,77.0,13.0,27.0,27.0,65.0,94.0,4.0,9.0,46.0
890,135.0,77.0,13.0,27.0,27.0,65.0,94.0,4.0,9.0,46.0
891,175.0,73.0,15.0,36.0,20.0,85.0,70.0,2.0,20.0,53.0
892,175.0,73.0,15.0,36.0,20.0,85.0,70.0,2.0,20.0,53.0
893,142.0,71.0,18.0,38.0,13.0,89.0,119.0,1.0,38.0,46.0
894,142.0,71.0,18.0,38.0,13.0,89.0,119.0,1.0,38.0,46.0
895,144.0,68.0,16.0,43.0,10.0,95.0,129.0,3.0,44.0,39.0
896,144.0,68.0,16.0,43.0,10.0,95.0,129.0,3.0,44.0,39.0
897,142.0,70.0,11.0,20.0,22.0,121.0,49.0,3.0,71.0,39.0
898,142.0,70.0,11.0,20.0,22.0,121.0,49.0,3.0,71.0,39.0
899,128.0,72.0,14.0,23.0,22.0,140.0,49.0,3.0,83.0,35.0
900,128.0,72.0,14.0,23.0,22.0,140.0,49.0,3.0,83.0,35.0
901,139.0,69.0,15.0,22.0,28.0,133.0,58.0,2.0,83.0,30.0
902,139.0,69.0,15.0,22.0,28.0,133.0,58.0,2.0,83.0,30.0
903,151.0,45.0,17.0,20.0,28.0,136.0,87.0,1.0,147.0,20.0
904,151.0,45.0,17.0,20.0,28.0,136.0,87.0,1.0,147.0,20.0
905,141.0,26.0,16.0,24.0,0.0,148.0,82.0,2.0,124.0,29.0
906,141.0,26.0,16.0,24.0,0.0,148.0,82.0,2.0,124.0,29.0
907,145.0,25.0,17.0,28.0,8.0,148.0,79.0,3.0,101.0,23.0
908,145.0,25.0,17.0,28.0,8.0,148.0,79.0,3.0,101.0,23.0
909,157.0,29.0,21.0,43.0,38.0,194.0,112.0,3.0,43.0,20.0
910,157.0,29.0,21.0,43.0,38.0,194.0,112.0,3.0,43.0,20.0
911,164.0,30.0,19.0,50.0,40.0,174.0,105.0,2.0,34.0,10.0
912,164.0,30.0,19.0,50.0,40.0,174.0,105.0,2.0,34.0,10.0
913,193.0,26.0,10.0,52.0,40.0,183.0,113.0,3.0,10.0,10.0
914,193.0,26.0,10.0,52.0,40.0,183.0,113.0,3.0,10.0,10.0
915,212.0,12.0,22.0,64.0,24.0,313.0,166.0,1.0,13.0,13.0
916,212.0,12.0,22.0,64.0,24.0,313.0,166.0,1.0,13.0,13.0
917,171.0,11.0,27.0,76.0,17.0,248.0,112.0,2.0,16.0,16.0
918,171.0,11.0,27.0,76.0,17.0,248.0,112.0,2.0,16.0,16.0
919,162.0,13.0,35.0,89.0,16.0,179.0,127.0,4.0,15.0,13.0
920,162.0,13.0,35.0,89.0,16.0,179.0,127.0,4.0,15.0,13.0
921,200.0,17.0,39.0,145.0,19.0,207.0,139.0,1.0,15.0,14.0
922,200.0,17.0,39.0,145.0,19.0,207.0,139.0,1.0,15.0,14.0
923,168.0,16.0,49.0,146.0,2.0,249.0,73.0,1.0,0.0,3.0
924,168.0,16.0,49.0,146.0,2.0,249.0,73.0,1.0,0.0,3.0
925,150.0,21.0,34.0,141.0,2.0,204.0,43.0,1.0,0.0,3.0
926,150.0,21.0,34.0,141.0,2.0,204.0,43.0,1.0,0.0,3.0
927,162.0,22.0,38.0,128.0,0.0,203.0,74.0,3.0,0.0,7.0
928,162.0,22.0,38.0,128.0,0.0,203.0,74.0,3.0,0.0,7.0
929,176.0,24.0,44.0,135.0,13.0,144.0,74.0,2.0,0.0,7.0
930,176.0,24.0,44.0,135.0,13.0,144.0,74.0,2.0,0.0,7.0
931,121.0,25.0,40.0,242.0,13.0,134.0,73.0,2.0,11.0,4.0
932,121.0,25.0,40.0,242.0,13.0,134.0,73.0,2.0,11.0,4.0
933,130.0,26.0,39.0,145.0,0.0,114.0,75.0,0.0,11.0,7.0
934,130.0,26.0,39.0,145.0,0.0,114.0,75.0,0.0,11.0,7.0
935,204.0,14.0,4.0,33.0,0.0,90.0,84.0,0.0,0.0,12.0
936,204.0,14.0,4.0,33.0,0.0,90.0,84.0,0.0,0.0,12.0
937,221.0,13.0,4.0,33.0,12.0,67.0,90.0,5.0,0.0,11.0
938,221.0,13.0,4.0,33.0,12.0,67.0,90.0,5.0,0.0,11.0
939,247.0,24.0,11.0,62.0,12.0,63.0,124.0,5.0,0.0,12.0
940,247.0,24.0,11.0,62.0,12.0,63.0,124.0,5.0,0.0,12.0
941,257.0,22.0,13.0,63.0,3.0,68.0,124.0,0.0,0.0,27.0
942,257.0,22.0,13.0,63.0,3.0,68.0,124.0,0.0,0.0,27.0
943,235.0,19.0,31.0,78.0,11.0,83.0,90.0,4.0,3.0,23.0
944,235.0,19.0,31.0,78.0,11.0,83.0,90.0,4.0,3.0,23.0
945,212.0,19.0,34.0,59.0,11.0,54.0,98.0,4.0,10.0,25.0
946,212.0,19.0,34.0,59.0,11.0,54.0,98.0,4.0,10.0,25.0
947,172.0,14.0,32.0,30.0,0.0,51.0,118.0,0.0,10.0,0.0
948,172.0,14.0,32.0,30.0,0.0,51.0,118.0,0.0,10.0,0.0
949,178.0,12.0,12.0,21.0,0.0,41.0,125.0,0.0,0.0,2.0
950,178.0,12.0,12.0,21.0,0.0,41.0,125.0,0.0,0.0,2.0
951,117.0,8.0,12.0,6.0,0.0,36.0,133.0,2.0,0.0,4.0
952,117.0,8.0,12.0,6.0,0.0,36.0,133.0,2.0,0.0,4.0
953,81.0,8.0,16.0,3.0,12.0,23.0,124.0,2.0,12.0,0.0
954,81.0,8.0,16.0,3.0,12.0,23.0,124.0,2.0,12.0,0.0
955,58.0,7.0,16.0,9.0,12.0,22.0,84.0,4.0,22.0,1.0
956,58.0,7.0,16.0,9.0,12.0,22.0,84.0,4.0,22.0,1.0
957,51.0,7.0,16.0,12.0,9.0,31.0,61.0,5.0,42.0,1.0
958,51.0,7.0,16.0,12.0,9.0,31.0,61.0,5.0,42.0,1.0
959,44.0,8.0,13.0,13.0,13.0,36.0,68.0,4.0,12.0,0.0
960,44.0,8.0,13.0,13.0,13.0,36.0,68.0,4.0,12.0,0.0
961,45.0,9.0,12.0,9.0,31.0,40.0,56.0,4.0,14.0,1.0
962,45.0,9.0,12.0,9.0,31.0,40.0,56.0,4.0,14.0,1.0
963,50.0,11.0,16.0,6.0,39.0,50.0,21.0,5.0,12.0,1.0
964,50.0,11.0,16.0,6.0,39.0,50.0,21.0,5.0,12.0,1.0
965,49.0,15.0,22.0,7.0,34.0,68.0,18.0,7.0,7.0,0.0
966,49.0,15.0,22.0,7.0,34.0,68.0,18.0,7.0,7.0,0.0
967,47.0,13.0,24.0,7.0,24.0,70.0,19.0,14.0,0.0,0.0
968,47.0,13.0,24.0,7.0,24.0,70.0,19.0,14.0,0.0,0.0
969,61.0,11.0,18.0,10.0,21.0,67.0,28.0,20.0,0.0,2.0
970,61.0,11.0,18.0,10.0,21.0,67.0,28.0,20.0,0.0,2.0
971,75.0,15.0,16.0,15.0,23.0,51.0,28.0,14.0,24.0,6.0
972,75.0,15.0,16.0,15.0,23.0,51.0,28.0,14.0,24.0,6.0
973,76.0,15.0,28.0,11.0,23.0,57.0,28.0,4.0,36.0,10.0
974,76.0,15.0,28.0,11.0,23.0,57.0,28.0,4.0,36.0,10.0
975,67.0,14.0,35.0,10.0,13.0,76.0,33.0,3.0,21.0,12.0
976,67.0,14.0,35.0,10.0,13.0,76.0,33.0,3.0,21.0,12.0
977,55.0,16.0,42.0,14.0,7.0,102.0,32.0,5.0,14.0,16.0
978,55.0,16.0,42.0,14.0,7.0,102.0,32.0,5.0,14.0,16.0
979,56.0,16.0,40.0,15.0,7.0,103.0,23.0,6.0,16.0,19.0
980,56.0,16.0,40.0,15.0,7.0,103.0,23.0,6.0,16.0,19.0
981,56.0,16.0,33.0,14.0,14.0,101.0,28.0,5.0,0.0,29.0
982,56.0,16.0,33.0,14.0,14.0,101.0,28.0,5.0,0.0,29.0
983,53.0,17.0,7.0,17.0,17.0,73.0,32.0,0.0,0.0,36.0
984,53.0,17.0,7.0,17.0,17.0,73.0,32.0,0.0,0.0,36.0
985,52.0,15.0,6.0,15.0,14.0,78.0,35.0,1.0,14.0,28.0
986,52.0,15.0,6.0,15.0,14.0,78.0,35.0,1.0,14.0,28.0
987,57.0,19.0,4.0,13.0,21.0,94.0,40.0,4.0,13.0,12.0
988,57.0,19.0,4.0,13.0,21.0,94.0,40.0,4.0,13.0,12.0
989,76.0,21.0,5.0,11.0,21.0,87.0,47.0,5.0,10.0,16.0
990,76.0,21.0,5.0,11.0,21.0,87.0,47.0,5.0,10.0,16.0
991,78.0,11.0,9.0,16.0,22.0,75.0,56.0,4.0,27.0,22.0
992,78.0,11.0,9.0,16.0,22.0,75.0,56.0,4.0,27.0,22.0
993,58.0,10.0,11.0,17.0,28.0,64.0,48.0,5.0,40.0,23.0
994,58.0,10.0,11.0,17.0,28.0,64.0,48.0,5.0,40.0,23.0
995,44.0,11.0,13.0,13.0,22.0,56.0,50.0,5.0,16.0,21.0
996,44.0,11.0,13.0,13.0,22.0,56.0,50.0,5.0,16.0,21.0
997,55.0,17.0,3.0,20.0,18.0,61.0,84.0,3.0,17.0,22.0
998,55.0,17.0,3.0,20.0,18.0,61.0,84.0,3.0,17.0,22.0
999,59.0,22.0,4.0,26.0,12.0,73.0,75.0,2.0,17.0,24.0
