,traffic-nj511-minutes-route_4_from_fort_lee_to_the_alexander_hamilton_bridge_via_the_lower_level,traffic-nj511-minutes-i-95_from_i-80_to_the_alexander_hamilton_bridge_via_lower_level,traffic-nj511-minutes-route_46_from_fort_lee_to_the_alexander_hamilton_bridge_via_the_lower_level,traffic-nj511-minutes-route_4_from_fort_lee_to_the_alexander_hamilton_bridge_via_the_upper_level,traffic-nj511-minutes-i-95_from_i-80_to_the_alexander_hamilton_bridge_via_upper_level
0,10.0,16.0,14.0,5.0,12.0
1,10.0,16.0,13.0,5.0,13.0
2,11.0,16.0,13.0,5.0,13.0
3,10.0,16.0,12.0,5.0,14.0
4,10.0,16.0,13.0,5.0,14.0
5,10.0,16.0,12.0,5.0,15.0
6,10.0,16.0,12.0,5.0,15.0
7,9.0,14.0,10.0,5.0,15.0
8,9.0,14.0,10.0,5.0,15.0
9,8.0,13.0,9.0,5.0,15.0
10,7.0,13.0,9.0,5.0,16.0
11,7.0,11.0,8.0,5.0,16.0
12,6.0,11.0,7.0,5.0,16.0
13,6.0,10.0,7.0,5.0,16.0
14,7.0,11.0,7.0,5.0,17.0
15,9.0,13.0,9.0,5.0,17.0
16,11.0,14.0,12.0,8.0,18.0
17,12.0,16.0,14.0,9.0,19.0
18,13.0,17.0,15.0,9.0,19.0
19,15.0,20.0,17.0,9.0,19.0
20,16.0,21.0,18.0,8.0,19.0
21,17.0,23.0,20.0,8.0,19.0
22,17.0,23.0,21.0,6.0,19.0
23,18.0,24.0,21.0,6.0,19.0
24,17.0,24.0,21.0,5.0,19.0
25,18.0,24.0,21.0,5.0,18.0
26,18.0,24.0,21.0,5.0,17.0
27,18.0,24.0,22.0,5.0,17.0
28,17.0,24.0,21.0,5.0,17.0
29,17.0,24.0,21.0,5.0,17.0
30,17.0,24.0,20.0,5.0,16.0
31,17.0,24.0,20.0,5.0,16.0
32,17.0,24.0,21.0,5.0,15.0
33,17.0,24.0,21.0,5.0,15.0
34,17.0,25.0,22.0,5.0,14.0
35,18.0,25.0,22.0,5.0,14.0
36,18.0,26.0,23.0,5.0,14.0
37,18.0,26.0,23.0,5.0,14.0
38,18.0,26.0,23.0,5.0,14.0
39,18.0,26.0,24.0,5.0,14.0
40,18.0,27.0,23.0,5.0,14.0
41,18.0,26.0,23.0,5.0,14.0
42,17.0,26.0,22.0,5.0,14.0
43,18.0,26.0,23.0,5.0,14.0
44,18.0,26.0,23.0,5.0,13.0
45,18.0,27.0,24.0,5.0,13.0
46,18.0,26.0,23.0,5.0,13.0
47,19.0,26.0,23.0,5.0,13.0
48,18.0,26.0,22.0,5.0,12.0
49,19.0,26.0,22.0,5.0,12.0
50,19.0,26.0,22.0,5.0,12.0
51,19.0,27.0,23.0,5.0,12.0
52,18.0,25.0,22.0,5.0,12.0
53,18.0,25.0,22.0,5.0,12.0
54,18.0,24.0,22.0,6.0,11.0
55,18.0,25.0,21.0,6.0,10.0
56,18.0,24.0,20.0,7.0,10.0
57,18.0,23.0,20.0,7.0,10.0
58,18.0,23.0,20.0,7.0,10.0
59,18.0,23.0,20.0,6.0,10.0
60,18.0,23.0,19.0,6.0,10.0
61,18.0,23.0,20.0,6.0,10.0
62,18.0,23.0,20.0,5.0,10.0
63,18.0,23.0,19.0,5.0,10.0
64,17.0,23.0,18.0,5.0,10.0
65,17.0,22.0,18.0,5.0,10.0
66,16.0,22.0,17.0,5.0,10.0
67,16.0,21.0,17.0,5.0,10.0
68,16.0,20.0,16.0,5.0,10.0
69,15.0,20.0,16.0,5.0,10.0
70,14.0,18.0,15.0,5.0,10.0
71,14.0,18.0,14.0,5.0,9.0
72,12.0,16.0,13.0,5.0,10.0
73,12.0,17.0,13.0,5.0,12.0
74,12.0,16.0,13.0,5.0,13.0
75,11.0,16.0,12.0,5.0,13.0
76,11.0,15.0,11.0,5.0,12.0
77,11.0,15.0,11.0,5.0,11.0
78,11.0,14.0,11.0,5.0,10.0
79,11.0,14.0,11.0,5.0,10.0
80,11.0,14.0,12.0,5.0,11.0
81,12.0,16.0,13.0,5.0,10.0
82,13.0,16.0,14.0,5.0,9.0
83,12.0,16.0,13.0,5.0,9.0
84,8.0,12.0,9.0,5.0,9.0
85,7.0,10.0,8.0,5.0,9.0
86,5.0,9.0,7.0,5.0,9.0
87,5.0,8.0,6.0,5.0,9.0
88,5.0,8.0,6.0,5.0,9.0
89,5.0,8.0,6.0,5.0,9.0
90,5.0,8.0,5.0,5.0,9.0
91,5.0,8.0,6.0,5.0,9.0
92,5.0,8.0,6.0,5.0,8.0
93,5.0,8.0,6.0,5.0,8.0
94,5.0,9.0,5.0,5.0,8.0
95,5.0,10.0,5.0,5.0,8.0
96,5.0,11.0,6.0,5.0,8.0
97,5.0,11.0,6.0,5.0,8.0
98,5.0,10.0,6.0,5.0,8.0
99,5.0,10.0,6.0,5.0,8.0
100,5.0,10.0,6.0,5.0,8.0
101,6.0,9.0,6.0,5.0,8.0
102,6.0,10.0,7.0,5.0,9.0
103,6.0,10.0,7.0,5.0,9.0
104,7.0,10.0,8.0,5.0,9.0
105,7.0,10.0,8.0,5.0,9.0
106,7.0,10.0,7.0,5.0,8.0
107,6.0,10.0,7.0,5.0,9.0
108,5.0,9.0,6.0,5.0,9.0
109,5.0,9.0,6.0,5.0,9.0
110,5.0,8.0,5.0,5.0,10.0
111,5.0,8.0,6.0,5.0,10.0
112,5.0,8.0,6.0,5.0,10.0
113,5.0,8.0,6.0,5.0,10.0
114,5.0,8.0,6.0,5.0,10.0
115,5.0,9.0,6.0,5.0,10.0
116,5.0,9.0,6.0,5.0,10.0
117,5.0,9.0,5.0,5.0,10.0
118,5.0,9.0,6.0,5.0,10.0
119,5.0,10.0,6.0,5.0,10.0
120,5.0,9.0,6.0,5.0,10.0
121,5.0,9.0,6.0,5.0,10.0
122,5.0,9.0,6.0,5.0,9.0
123,5.0,9.0,6.0,5.0,9.0
124,5.0,9.0,6.0,5.0,9.0
125,5.0,9.0,6.0,5.0,9.0
126,5.0,10.0,6.0,5.0,9.0
127,6.0,10.0,6.0,5.0,9.0
128,6.0,10.0,6.0,5.0,9.0
129,6.0,10.0,6.0,5.0,9.0
130,6.0,10.0,7.0,5.0,9.0
131,6.0,11.0,7.0,5.0,9.0
132,6.0,11.0,7.0,5.0,9.0
133,7.0,11.0,7.0,5.0,9.0
134,6.0,10.0,7.0,5.0,10.0
135,6.0,10.0,7.0,5.0,10.0
136,5.0,9.0,6.0,5.0,10.0
137,5.0,9.0,6.0,5.0,10.0
138,5.0,9.0,6.0,5.0,11.0
139,5.0,10.0,6.0,5.0,11.0
140,5.0,9.0,5.0,5.0,11.0
141,5.0,9.0,6.0,5.0,11.0
142,5.0,9.0,6.0,5.0,11.0
143,5.0,9.0,6.0,5.0,11.0
144,5.0,9.0,6.0,5.0,11.0
145,5.0,9.0,6.0,5.0,11.0
146,5.0,9.0,6.0,5.0,11.0
147,6.0,10.0,6.0,5.0,11.0
148,6.0,10.0,6.0,5.0,12.0
149,5.0,10.0,6.0,5.0,12.0
150,5.0,10.0,6.0,5.0,13.0
151,5.0,10.0,6.0,5.0,13.0
152,5.0,10.0,6.0,5.0,12.0
153,5.0,10.0,6.0,5.0,12.0
154,5.0,10.0,6.0,5.0,11.0
155,5.0,10.0,6.0,5.0,11.0
156,5.0,9.0,6.0,5.0,11.0
157,5.0,9.0,6.0,5.0,11.0
158,6.0,10.0,6.0,5.0,12.0
159,6.0,10.0,6.0,5.0,12.0
160,6.0,11.0,7.0,5.0,13.0
161,7.0,11.0,7.0,5.0,12.0
162,7.0,12.0,7.0,5.0,12.0
163,7.0,12.0,8.0,5.0,12.0
164,9.0,13.0,9.0,5.0,13.0
165,9.0,14.0,10.0,5.0,13.0
166,10.0,14.0,10.0,5.0,13.0
167,9.0,14.0,9.0,5.0,13.0
168,9.0,14.0,10.0,5.0,14.0
169,8.0,13.0,9.0,5.0,15.0
170,7.0,12.0,8.0,5.0,16.0
171,6.0,11.0,8.0,5.0,17.0
172,6.0,11.0,7.0,6.0,19.0
173,6.0,10.0,6.0,6.0,20.0
174,6.0,10.0,6.0,5.0,23.0
175,6.0,11.0,6.0,5.0,22.0
176,6.0,11.0,7.0,5.0,20.0
177,6.0,11.0,7.0,5.0,18.0
178,6.0,11.0,6.0,5.0,15.0
179,6.0,11.0,6.0,5.0,15.0
180,6.0,11.0,7.0,5.0,14.0
181,6.0,12.0,7.0,5.0,13.0
182,8.0,13.0,8.0,5.0,15.0
183,8.0,13.0,8.0,5.0,15.0
184,8.0,13.0,8.0,5.0,14.0
185,7.0,12.0,7.0,5.0,14.0
186,7.0,11.0,7.0,5.0,13.0
187,7.0,11.0,7.0,5.0,12.0
188,7.0,12.0,8.0,5.0,11.0
189,7.0,12.0,8.0,5.0,10.0
190,7.0,12.0,7.0,5.0,9.0
191,6.0,12.0,7.0,5.0,9.0
192,6.0,12.0,7.0,5.0,9.0
193,7.0,12.0,7.0,5.0,9.0
194,7.0,13.0,8.0,5.0,9.0
195,7.0,13.0,8.0,5.0,9.0
196,8.0,14.0,8.0,5.0,8.0
197,8.0,13.0,8.0,5.0,9.0
198,8.0,13.0,9.0,5.0,9.0
199,7.0,13.0,9.0,5.0,8.0
200,7.0,12.0,8.0,6.0,8.0
201,7.0,11.0,7.0,6.0,8.0
202,6.0,11.0,7.0,6.0,8.0
203,6.0,11.0,7.0,7.0,8.0
204,7.0,12.0,8.0,7.0,7.0
205,7.0,12.0,7.0,8.0,7.0
206,6.0,11.0,7.0,8.0,7.0
207,7.0,11.0,7.0,8.0,7.0
208,6.0,11.0,7.0,9.0,7.0
209,6.0,11.0,7.0,9.0,7.0
210,6.0,11.0,7.0,9.0,7.0
211,6.0,11.0,7.0,9.0,7.0
212,6.0,11.0,7.0,10.0,7.0
213,6.0,11.0,7.0,10.0,7.0
214,6.0,10.0,6.0,10.0,7.0
215,5.0,10.0,6.0,11.0,7.0
216,5.0,9.0,6.0,11.0,7.0
217,5.0,9.0,6.0,11.0,7.0
218,5.0,8.0,6.0,12.0,7.0
219,5.0,8.0,6.0,12.0,8.0
220,5.0,8.0,5.0,12.0,10.0
221,5.0,8.0,6.0,12.0,14.0
222,5.0,8.0,6.0,12.0,14.0
223,5.0,8.0,6.0,13.0,13.0
224,5.0,8.0,6.0,13.0,12.0
225,5.0,8.0,5.0,13.0,11.0
226,5.0,8.0,5.0,13.0,9.0
227,5.0,10.0,6.0,13.0,8.0
228,5.0,9.0,6.0,12.0,7.0
229,5.0,10.0,5.0,12.0,7.0
230,5.0,8.0,5.0,11.0,7.0
231,5.0,8.0,6.0,11.0,7.0
232,5.0,8.0,6.0,11.0,7.0
233,5.0,8.0,6.0,11.0,8.0
234,5.0,8.0,6.0,11.0,8.0
235,5.0,8.0,5.0,11.0,8.0
236,5.0,8.0,5.0,11.0,7.0
237,5.0,8.0,5.0,11.0,8.0
238,5.0,8.0,5.0,11.0,8.0
239,5.0,8.0,5.0,11.0,8.0
240,5.0,8.0,5.0,11.0,8.0
241,5.0,8.0,5.0,12.0,8.0
242,5.0,24.0,6.0,12.0,8.0
243,5.0,24.0,6.0,12.0,8.0
244,5.0,10.0,6.0,14.0,7.0
245,5.0,10.0,6.0,14.0,7.0
246,5.0,9.0,6.0,14.0,8.0
247,5.0,9.0,6.0,13.0,8.0
248,5.0,8.0,6.0,14.0,8.0
249,5.0,8.0,6.0,15.0,8.0
250,5.0,8.0,6.0,16.0,7.0
251,5.0,8.0,5.0,16.0,7.0
252,5.0,8.0,5.0,16.0,7.0
253,5.0,8.0,5.0,16.0,7.0
254,5.0,8.0,5.0,16.0,7.0
255,5.0,8.0,5.0,17.0,7.0
256,5.0,8.0,5.0,17.0,7.0
257,5.0,8.0,5.0,17.0,8.0
258,5.0,8.0,6.0,17.0,9.0
259,5.0,8.0,6.0,16.0,10.0
260,5.0,8.0,6.0,14.0,10.0
261,5.0,8.0,6.0,13.0,10.0
262,5.0,8.0,5.0,12.0,9.0
263,5.0,9.0,5.0,11.0,9.0
264,5.0,9.0,5.0,11.0,8.0
265,5.0,9.0,5.0,12.0,8.0
266,5.0,8.0,5.0,12.0,8.0
267,5.0,8.0,5.0,11.0,8.0
268,5.0,8.0,5.0,11.0,8.0
269,5.0,8.0,5.0,11.0,8.0
270,5.0,8.0,5.0,11.0,8.0
271,5.0,8.0,5.0,11.0,8.0
272,5.0,8.0,5.0,12.0,7.0
273,5.0,8.0,5.0,12.0,7.0
274,5.0,8.0,6.0,12.0,7.0
275,6.0,8.0,6.0,12.0,7.0
276,7.0,11.0,6.0,12.0,7.0
277,7.0,12.0,6.0,13.0,7.0
278,6.0,11.0,6.0,12.0,7.0
279,6.0,11.0,6.0,12.0,7.0
280,6.0,11.0,6.0,11.0,7.0
281,8.0,13.0,7.0,12.0,7.0
282,6.0,11.0,6.0,11.0,8.0
283,6.0,11.0,6.0,10.0,7.0
284,5.0,8.0,5.0,11.0,7.0
285,5.0,8.0,5.0,11.0,8.0
286,5.0,8.0,5.0,12.0,7.0
287,5.0,8.0,5.0,12.0,7.0
288,5.0,8.0,5.0,12.0,7.0
289,5.0,8.0,5.0,12.0,7.0
290,5.0,8.0,5.0,12.0,7.0
291,5.0,8.0,5.0,11.0,7.0
292,5.0,8.0,5.0,11.0,7.0
293,5.0,8.0,5.0,11.0,7.0
294,5.0,8.0,5.0,11.0,7.0
295,5.0,8.0,5.0,11.0,7.0
296,5.0,8.0,5.0,11.0,8.0
297,5.0,8.0,5.0,11.0,8.0
298,5.0,7.0,5.0,11.0,7.0
299,5.0,8.0,5.0,11.0,7.0
300,5.0,8.0,5.0,11.0,7.0
301,5.0,8.0,5.0,11.0,7.0
302,5.0,8.0,5.0,11.0,7.0
303,5.0,8.0,5.0,11.0,8.0
304,5.0,8.0,5.0,10.0,7.0
305,5.0,8.0,5.0,10.0,7.0
306,5.0,8.0,5.0,10.0,7.0
307,5.0,8.0,5.0,10.0,7.0
308,5.0,8.0,5.0,10.0,7.0
309,5.0,8.0,5.0,10.0,7.0
310,5.0,8.0,5.0,10.0,8.0
311,5.0,7.0,5.0,10.0,7.0
312,5.0,7.0,5.0,10.0,7.0
313,5.0,8.0,5.0,10.0,7.0
314,5.0,8.0,5.0,10.0,8.0
315,5.0,8.0,5.0,10.0,8.0
316,5.0,8.0,5.0,9.0,8.0
317,5.0,8.0,5.0,10.0,7.0
318,5.0,8.0,5.0,10.0,7.0
319,5.0,8.0,6.0,10.0,7.0
320,5.0,8.0,6.0,10.0,7.0
321,5.0,8.0,5.0,10.0,7.0
322,5.0,9.0,6.0,12.0,7.0
323,5.0,9.0,6.0,13.0,7.0
324,5.0,9.0,6.0,13.0,7.0
325,5.0,9.0,6.0,14.0,7.0
326,5.0,9.0,6.0,13.0,7.0
327,6.0,10.0,6.0,11.0,7.0
328,6.0,10.0,7.0,10.0,7.0
329,6.0,11.0,7.0,9.0,7.0
330,7.0,12.0,8.0,9.0,8.0
331,7.0,13.0,9.0,8.0,7.0
332,8.0,14.0,9.0,8.0,7.0
333,9.0,14.0,10.0,8.0,7.0
334,9.0,15.0,10.0,8.0,7.0
335,9.0,15.0,11.0,8.0,7.0
336,9.0,16.0,11.0,8.0,7.0
337,9.0,17.0,11.0,8.0,7.0
338,9.0,17.0,11.0,8.0,7.0
339,9.0,17.0,11.0,8.0,7.0
340,9.0,17.0,12.0,8.0,7.0
341,10.0,17.0,12.0,8.0,7.0
342,10.0,18.0,13.0,8.0,7.0
343,10.0,17.0,13.0,8.0,7.0
344,11.0,17.0,13.0,8.0,7.0
345,11.0,18.0,13.0,8.0,7.0
346,12.0,19.0,14.0,8.0,7.0
347,13.0,19.0,14.0,7.0,7.0
348,12.0,19.0,13.0,7.0,7.0
349,13.0,19.0,13.0,6.0,7.0
350,12.0,19.0,13.0,6.0,7.0
351,12.0,19.0,14.0,5.0,7.0
352,13.0,20.0,15.0,5.0,7.0
353,13.0,21.0,15.0,5.0,7.0
354,14.0,21.0,16.0,5.0,7.0
355,14.0,21.0,16.0,5.0,7.0
356,13.0,21.0,15.0,6.0,8.0
357,12.0,20.0,15.0,5.0,8.0
358,12.0,18.0,14.0,5.0,7.0
359,11.0,18.0,13.0,5.0,8.0
360,12.0,18.0,14.0,5.0,7.0
361,11.0,17.0,13.0,5.0,7.0
362,10.0,17.0,12.0,5.0,7.0
363,10.0,17.0,12.0,5.0,7.0
364,9.0,16.0,11.0,5.0,7.0
365,9.0,16.0,11.0,5.0,7.0
366,10.0,18.0,12.0,5.0,7.0
367,11.0,18.0,12.0,5.0,7.0
368,11.0,20.0,13.0,6.0,7.0
369,11.0,19.0,13.0,6.0,7.0
370,10.0,18.0,12.0,6.0,7.0
371,9.0,18.0,11.0,6.0,7.0
372,9.0,18.0,11.0,6.0,7.0
373,9.0,18.0,12.0,6.0,7.0
374,12.0,21.0,14.0,6.0,8.0
375,13.0,22.0,16.0,6.0,8.0
376,16.0,24.0,19.0,5.0,9.0
377,17.0,26.0,21.0,5.0,8.0
378,20.0,27.0,23.0,6.0,9.0
379,20.0,27.0,23.0,6.0,8.0
380,18.0,27.0,23.0,6.0,8.0
381,18.0,27.0,22.0,6.0,8.0
382,18.0,27.0,22.0,6.0,8.0
383,17.0,27.0,22.0,6.0,7.0
384,18.0,27.0,21.0,5.0,7.0
385,18.0,27.0,22.0,5.0,7.0
386,19.0,27.0,22.0,5.0,8.0
387,20.0,28.0,22.0,5.0,8.0
388,19.0,27.0,21.0,5.0,8.0
389,19.0,28.0,21.0,5.0,8.0
390,18.0,28.0,21.0,5.0,8.0
391,18.0,28.0,21.0,5.0,7.0
392,18.0,28.0,21.0,6.0,8.0
393,18.0,28.0,21.0,6.0,7.0
394,17.0,27.0,21.0,6.0,8.0
395,17.0,26.0,21.0,5.0,7.0
396,16.0,25.0,21.0,5.0,7.0
397,16.0,26.0,21.0,5.0,7.0
398,15.0,24.0,20.0,5.0,8.0
399,15.0,23.0,21.0,5.0,8.0
400,15.0,22.0,21.0,5.0,8.0
401,15.0,22.0,21.0,5.0,8.0
402,15.0,23.0,20.0,5.0,8.0
403,15.0,23.0,20.0,5.0,8.0
404,16.0,24.0,20.0,5.0,8.0
405,16.0,23.0,20.0,5.0,8.0
406,16.0,24.0,19.0,6.0,9.0
407,16.0,23.0,19.0,5.0,9.0
408,16.0,23.0,19.0,5.0,10.0
409,16.0,23.0,19.0,5.0,10.0
410,16.0,23.0,19.0,5.0,11.0
411,16.0,23.0,19.0,5.0,11.0
412,16.0,22.0,19.0,6.0,12.0
413,16.0,23.0,19.0,6.0,12.0
414,15.0,23.0,19.0,6.0,13.0
415,15.0,23.0,19.0,6.0,13.0
416,15.0,22.0,18.0,6.0,14.0
417,15.0,22.0,18.0,6.0,14.0
418,15.0,21.0,17.0,6.0,15.0
419,15.0,21.0,16.0,6.0,16.0
420,15.0,20.0,16.0,6.0,16.0
421,15.0,21.0,15.0,6.0,17.0
422,15.0,20.0,15.0,6.0,17.0
423,15.0,20.0,16.0,5.0,17.0
424,15.0,20.0,16.0,5.0,18.0
425,13.0,18.0,14.0,5.0,18.0
426,13.0,18.0,14.0,5.0,18.0
427,12.0,17.0,13.0,5.0,19.0
428,11.0,16.0,12.0,5.0,20.0
429,11.0,16.0,12.0,5.0,20.0
430,10.0,15.0,11.0,5.0,20.0
431,10.0,16.0,11.0,5.0,19.0
432,10.0,16.0,11.0,5.0,18.0
433,11.0,16.0,12.0,5.0,17.0
434,11.0,16.0,12.0,6.0,16.0
435,11.0,15.0,12.0,6.0,16.0
436,10.0,15.0,11.0,6.0,16.0
437,10.0,14.0,11.0,6.0,15.0
438,10.0,14.0,11.0,5.0,15.0
439,10.0,15.0,11.0,5.0,15.0
440,10.0,15.0,11.0,5.0,16.0
441,9.0,15.0,10.0,5.0,16.0
442,9.0,15.0,10.0,6.0,16.0
443,10.0,15.0,11.0,6.0,17.0
444,10.0,15.0,11.0,6.0,17.0
445,10.0,15.0,10.0,6.0,17.0
446,10.0,15.0,10.0,7.0,17.0
447,11.0,15.0,11.0,7.0,17.0
448,11.0,15.0,11.0,8.0,19.0
449,11.0,15.0,12.0,8.0,19.0
450,13.0,16.0,13.0,8.0,19.0
451,13.0,17.0,14.0,8.0,19.0
452,12.0,16.0,13.0,8.0,19.0
453,11.0,14.0,12.0,8.0,21.0
454,9.0,13.0,11.0,8.0,23.0
455,7.0,12.0,8.0,7.0,23.0
456,6.0,11.0,7.0,7.0,23.0
457,5.0,10.0,6.0,6.0,23.0
458,5.0,10.0,6.0,6.0,23.0
459,5.0,10.0,6.0,6.0,25.0
460,6.0,10.0,6.0,6.0,25.0
461,6.0,10.0,6.0,6.0,24.0
462,5.0,10.0,6.0,6.0,24.0
463,5.0,9.0,6.0,6.0,23.0
464,5.0,9.0,6.0,7.0,20.0
465,5.0,10.0,6.0,7.0,19.0
466,5.0,10.0,5.0,7.0,17.0
467,5.0,10.0,6.0,8.0,17.0
468,5.0,10.0,6.0,8.0,17.0
469,5.0,9.0,6.0,9.0,17.0
470,5.0,9.0,6.0,9.0,17.0
471,5.0,8.0,6.0,9.0,17.0
472,5.0,8.0,5.0,10.0,17.0
473,5.0,8.0,5.0,10.0,16.0
474,5.0,8.0,5.0,8.0,17.0
475,5.0,8.0,6.0,7.0,17.0
476,5.0,8.0,6.0,6.0,18.0
477,5.0,8.0,6.0,5.0,18.0
478,5.0,8.0,5.0,5.0,19.0
479,5.0,8.0,6.0,5.0,19.0
480,5.0,9.0,6.0,5.0,19.0
481,6.0,9.0,6.0,5.0,19.0
482,6.0,9.0,6.0,5.0,18.0
483,5.0,9.0,6.0,5.0,18.0
484,5.0,9.0,6.0,5.0,19.0
485,5.0,9.0,5.0,5.0,20.0
486,5.0,9.0,5.0,5.0,17.0
487,5.0,9.0,5.0,5.0,16.0
488,5.0,9.0,5.0,5.0,16.0
489,5.0,9.0,6.0,5.0,16.0
490,5.0,9.0,6.0,5.0,17.0
491,6.0,9.0,6.0,5.0,18.0
492,6.0,9.0,6.0,5.0,18.0
493,6.0,10.0,6.0,5.0,18.0
494,6.0,10.0,6.0,20.0,18.0
495,5.0,9.0,6.0,10.0,17.0
496,5.0,9.0,6.0,8.0,17.0
497,5.0,9.0,5.0,8.0,16.0
498,5.0,9.0,6.0,8.0,16.0
499,5.0,9.0,6.0,6.0,16.0
500,5.0,9.0,6.0,6.0,16.0
501,5.0,9.0,6.0,5.0,16.0
502,5.0,9.0,6.0,5.0,16.0
503,5.0,9.0,6.0,5.0,17.0
504,5.0,9.0,6.0,5.0,16.0
505,5.0,8.0,6.0,5.0,16.0
506,5.0,9.0,6.0,5.0,16.0
507,5.0,9.0,6.0,5.0,16.0
508,5.0,9.0,6.0,5.0,15.0
509,5.0,9.0,6.0,5.0,15.0
510,5.0,9.0,6.0,6.0,14.0
511,5.0,9.0,6.0,6.0,14.0
512,5.0,9.0,6.0,5.0,14.0
513,5.0,9.0,5.0,5.0,14.0
514,5.0,9.0,5.0,5.0,14.0
515,5.0,9.0,6.0,5.0,14.0
516,5.0,10.0,6.0,5.0,14.0
517,5.0,10.0,6.0,5.0,14.0
518,6.0,10.0,6.0,5.0,14.0
519,6.0,10.0,7.0,5.0,14.0
520,7.0,11.0,7.0,5.0,13.0
521,7.0,10.0,7.0,5.0,14.0
522,6.0,10.0,7.0,5.0,14.0
523,6.0,9.0,7.0,5.0,14.0
524,5.0,9.0,6.0,5.0,14.0
525,5.0,9.0,6.0,5.0,14.0
526,5.0,9.0,6.0,5.0,14.0
527,5.0,10.0,6.0,5.0,16.0
528,5.0,9.0,6.0,5.0,16.0
529,5.0,10.0,6.0,5.0,18.0
530,5.0,10.0,6.0,5.0,17.0
531,5.0,11.0,5.0,6.0,15.0
532,5.0,11.0,6.0,6.0,14.0
533,5.0,10.0,6.0,7.0,13.0
534,5.0,10.0,6.0,7.0,12.0
535,5.0,10.0,6.0,7.0,11.0
536,5.0,10.0,6.0,7.0,11.0
537,5.0,10.0,6.0,7.0,11.0
538,5.0,10.0,6.0,6.0,11.0
539,5.0,10.0,6.0,6.0,11.0
540,5.0,9.0,6.0,6.0,11.0
541,5.0,9.0,5.0,6.0,11.0
542,5.0,9.0,5.0,6.0,11.0
543,5.0,10.0,6.0,6.0,11.0
544,5.0,9.0,6.0,6.0,11.0
545,5.0,10.0,6.0,6.0,11.0
546,5.0,10.0,6.0,6.0,11.0
547,5.0,10.0,6.0,5.0,11.0
548,5.0,10.0,6.0,6.0,11.0
549,5.0,11.0,6.0,5.0,11.0
550,5.0,12.0,6.0,6.0,11.0
551,5.0,9.0,6.0,6.0,11.0
552,5.0,9.0,6.0,5.0,10.0
553,5.0,9.0,6.0,5.0,10.0
554,5.0,9.0,6.0,5.0,10.0
555,5.0,9.0,6.0,5.0,9.0
556,5.0,9.0,6.0,5.0,9.0
557,5.0,9.0,6.0,5.0,8.0
558,5.0,9.0,6.0,5.0,8.0
559,5.0,9.0,6.0,5.0,8.0
560,5.0,9.0,6.0,5.0,8.0
561,5.0,10.0,7.0,5.0,8.0
562,5.0,10.0,6.0,5.0,8.0
563,5.0,11.0,6.0,5.0,8.0
564,5.0,11.0,7.0,5.0,8.0
565,5.0,10.0,7.0,5.0,8.0
566,6.0,10.0,7.0,5.0,8.0
567,6.0,10.0,7.0,5.0,8.0
568,6.0,10.0,7.0,5.0,8.0
569,6.0,10.0,6.0,5.0,8.0
570,6.0,10.0,7.0,5.0,8.0
571,6.0,12.0,7.0,5.0,9.0
572,7.0,12.0,8.0,5.0,9.0
573,8.0,13.0,9.0,5.0,9.0
574,9.0,13.0,10.0,5.0,9.0
575,9.0,14.0,11.0,5.0,10.0
576,9.0,14.0,11.0,5.0,10.0
577,9.0,13.0,10.0,5.0,9.0
578,9.0,13.0,9.0,5.0,9.0
579,8.0,13.0,9.0,5.0,8.0
580,7.0,12.0,8.0,5.0,8.0
581,7.0,11.0,8.0,5.0,9.0
582,6.0,11.0,7.0,5.0,9.0
583,6.0,10.0,7.0,5.0,9.0
584,6.0,11.0,6.0,5.0,9.0
585,6.0,10.0,6.0,6.0,9.0
586,5.0,10.0,6.0,6.0,9.0
587,6.0,10.0,6.0,6.0,9.0
588,5.0,9.0,6.0,5.0,8.0
589,5.0,9.0,6.0,5.0,8.0
590,5.0,9.0,6.0,5.0,9.0
591,5.0,9.0,6.0,5.0,8.0
592,5.0,9.0,6.0,5.0,8.0
593,5.0,9.0,6.0,5.0,8.0
594,5.0,9.0,6.0,5.0,8.0
595,5.0,8.0,6.0,5.0,8.0
596,5.0,8.0,6.0,5.0,8.0
597,5.0,9.0,6.0,5.0,8.0
598,5.0,8.0,6.0,5.0,8.0
599,5.0,9.0,5.0,5.0,8.0
600,5.0,8.0,5.0,5.0,8.0
601,5.0,8.0,5.0,5.0,8.0
602,5.0,8.0,6.0,5.0,8.0
603,5.0,8.0,5.0,5.0,8.0
604,5.0,8.0,5.0,5.0,8.0
605,5.0,8.0,5.0,5.0,8.0
606,5.0,8.0,5.0,5.0,8.0
607,5.0,8.0,5.0,5.0,8.0
608,5.0,8.0,6.0,5.0,8.0
609,5.0,8.0,6.0,5.0,8.0
610,5.0,8.0,6.0,5.0,8.0
611,5.0,10.0,6.0,5.0,8.0
612,5.0,10.0,6.0,5.0,8.0
613,5.0,10.0,6.0,5.0,8.0
614,5.0,9.0,6.0,5.0,8.0
615,5.0,8.0,6.0,5.0,9.0
616,5.0,8.0,6.0,5.0,9.0
617,5.0,8.0,6.0,5.0,9.0
618,5.0,8.0,6.0,5.0,10.0
619,5.0,8.0,6.0,5.0,9.0
620,5.0,8.0,6.0,5.0,10.0
621,5.0,8.0,5.0,5.0,10.0
622,5.0,8.0,5.0,5.0,10.0
623,5.0,8.0,5.0,5.0,9.0
624,5.0,8.0,5.0,5.0,9.0
625,5.0,8.0,5.0,5.0,9.0
626,5.0,9.0,6.0,5.0,9.0
627,5.0,9.0,6.0,5.0,9.0
628,5.0,8.0,6.0,5.0,8.0
629,5.0,8.0,6.0,5.0,9.0
630,5.0,8.0,6.0,5.0,9.0
631,5.0,8.0,6.0,5.0,9.0
632,5.0,8.0,6.0,5.0,9.0
633,5.0,8.0,5.0,5.0,8.0
634,5.0,8.0,5.0,5.0,8.0
635,5.0,8.0,5.0,5.0,8.0
636,5.0,8.0,5.0,5.0,9.0
637,5.0,8.0,5.0,5.0,9.0
638,5.0,8.0,5.0,5.0,9.0
639,5.0,9.0,5.0,5.0,9.0
640,5.0,8.0,5.0,5.0,9.0
641,5.0,8.0,5.0,5.0,9.0
642,5.0,8.0,5.0,5.0,9.0
643,5.0,8.0,6.0,5.0,9.0
644,7.0,11.0,6.0,5.0,9.0
645,7.0,12.0,7.0,5.0,9.0
646,6.0,9.0,6.0,5.0,9.0
647,5.0,8.0,6.0,5.0,9.0
648,5.0,8.0,6.0,5.0,9.0
649,5.0,8.0,6.0,5.0,10.0
650,5.0,8.0,6.0,5.0,10.0
651,5.0,8.0,6.0,5.0,11.0
652,5.0,8.0,5.0,5.0,11.0
653,5.0,8.0,5.0,5.0,11.0
654,5.0,8.0,6.0,5.0,11.0
655,5.0,8.0,5.0,5.0,11.0
656,5.0,8.0,5.0,5.0,11.0
657,5.0,7.0,5.0,5.0,11.0
658,5.0,7.0,5.0,5.0,11.0
659,5.0,7.0,5.0,5.0,10.0
660,5.0,7.0,6.0,5.0,10.0
661,5.0,7.0,6.0,5.0,10.0
662,5.0,7.0,6.0,5.0,10.0
663,5.0,7.0,6.0,5.0,9.0
664,5.0,7.0,6.0,5.0,9.0
665,5.0,7.0,5.0,5.0,9.0
666,5.0,7.0,5.0,5.0,10.0
667,5.0,7.0,5.0,5.0,10.0
668,5.0,7.0,5.0,5.0,10.0
669,5.0,7.0,5.0,5.0,10.0
670,5.0,7.0,5.0,5.0,11.0
671,5.0,7.0,5.0,5.0,11.0
672,5.0,7.0,6.0,5.0,11.0
673,5.0,8.0,6.0,5.0,12.0
674,5.0,8.0,7.0,5.0,13.0
675,5.0,8.0,6.0,5.0,13.0
676,6.0,9.0,7.0,5.0,13.0
677,7.0,10.0,8.0,5.0,13.0
678,8.0,11.0,8.0,5.0,11.0
679,8.0,11.0,9.0,5.0,10.0
680,8.0,11.0,8.0,5.0,9.0
681,7.0,10.0,7.0,5.0,8.0
682,7.0,10.0,7.0,6.0,8.0
683,7.0,10.0,7.0,6.0,7.0
684,6.0,9.0,7.0,6.0,7.0
685,6.0,9.0,7.0,7.0,8.0
686,6.0,9.0,7.0,7.0,8.0
687,6.0,9.0,7.0,7.0,7.0
688,6.0,9.0,6.0,7.0,7.0
689,6.0,10.0,6.0,8.0,7.0
690,6.0,10.0,7.0,8.0,7.0
691,7.0,11.0,8.0,9.0,7.0
692,8.0,12.0,9.0,9.0,7.0
693,8.0,13.0,10.0,10.0,7.0
694,9.0,14.0,10.0,10.0,7.0
695,9.0,15.0,11.0,10.0,7.0
696,9.0,15.0,12.0,10.0,7.0
697,9.0,16.0,12.0,10.0,7.0
698,9.0,16.0,12.0,10.0,7.0
699,9.0,16.0,12.0,10.0,16.0
700,9.0,16.0,12.0,10.0,13.0
701,9.0,16.0,12.0,11.0,12.0
702,9.0,16.0,12.0,11.0,12.0
703,9.0,16.0,12.0,10.0,9.0
704,9.0,16.0,12.0,10.0,8.0
705,10.0,16.0,12.0,10.0,8.0
706,12.0,17.0,14.0,10.0,7.0
707,13.0,19.0,15.0,10.0,8.0
708,14.0,21.0,17.0,10.0,8.0
709,17.0,23.0,19.0,10.0,8.0
710,20.0,25.0,21.0,11.0,7.0
711,21.0,29.0,21.0,11.0,7.0
712,21.0,29.0,22.0,12.0,7.0
713,21.0,31.0,23.0,13.0,7.0
714,21.0,32.0,24.0,13.0,8.0
715,23.0,33.0,26.0,13.0,8.0
716,24.0,33.0,27.0,13.0,8.0
717,23.0,34.0,27.0,14.0,8.0
718,21.0,32.0,25.0,14.0,8.0
719,20.0,29.0,19.0,15.0,8.0
720,17.0,28.0,19.0,16.0,8.0
721,15.0,25.0,17.0,16.0,7.0
722,15.0,25.0,16.0,16.0,7.0
723,14.0,24.0,16.0,16.0,8.0
724,13.0,23.0,16.0,16.0,8.0
725,13.0,23.0,17.0,16.0,8.0
726,12.0,22.0,17.0,15.0,8.0
727,13.0,22.0,17.0,15.0,8.0
728,13.0,22.0,18.0,14.0,8.0
729,12.0,20.0,18.0,13.0,7.0
730,12.0,20.0,17.0,13.0,7.0
731,12.0,20.0,17.0,13.0,7.0
732,12.0,20.0,17.0,14.0,7.0
733,13.0,21.0,18.0,15.0,7.0
734,13.0,21.0,19.0,15.0,7.0
735,13.0,22.0,19.0,15.0,9.0
736,13.0,22.0,19.0,16.0,10.0
737,14.0,23.0,20.0,16.0,10.0
738,14.0,23.0,21.0,16.0,10.0
739,15.0,24.0,21.0,17.0,10.0
740,15.0,24.0,20.0,17.0,9.0
741,14.0,23.0,18.0,17.0,9.0
742,13.0,22.0,18.0,16.0,9.0
743,12.0,21.0,16.0,15.0,9.0
744,10.0,19.0,14.0,15.0,9.0
745,9.0,19.0,12.0,15.0,9.0
746,9.0,18.0,11.0,15.0,9.0
747,8.0,17.0,10.0,16.0,8.0
748,8.0,17.0,10.0,16.0,8.0
749,8.0,17.0,10.0,15.0,8.0
750,9.0,17.0,11.0,14.0,8.0
751,9.0,16.0,11.0,13.0,8.0
752,8.0,15.0,11.0,13.0,8.0
753,8.0,14.0,10.0,12.0,8.0
754,8.0,14.0,10.0,12.0,8.0
755,9.0,14.0,10.0,12.0,8.0
756,8.0,14.0,10.0,12.0,8.0
757,8.0,13.0,10.0,11.0,8.0
758,7.0,13.0,10.0,11.0,8.0
759,7.0,12.0,9.0,11.0,8.0
760,7.0,12.0,9.0,11.0,8.0
761,7.0,12.0,8.0,11.0,8.0
762,7.0,12.0,8.0,11.0,8.0
763,7.0,12.0,9.0,11.0,8.0
764,7.0,11.0,8.0,10.0,7.0
765,7.0,11.0,8.0,9.0,7.0
766,6.0,10.0,7.0,9.0,7.0
767,6.0,11.0,7.0,9.0,7.0
768,7.0,11.0,8.0,10.0,7.0
769,8.0,12.0,9.0,10.0,7.0
770,9.0,13.0,9.0,11.0,7.0
771,9.0,14.0,10.0,12.0,8.0
772,10.0,15.0,10.0,13.0,7.0
773,12.0,17.0,12.0,14.0,7.0
774,13.0,21.0,14.0,14.0,8.0
775,14.0,21.0,15.0,13.0,8.0
776,13.0,19.0,15.0,13.0,8.0
777,11.0,17.0,14.0,12.0,8.0
778,10.0,16.0,13.0,12.0,8.0
779,9.0,15.0,11.0,12.0,8.0
780,8.0,15.0,10.0,11.0,8.0
781,8.0,14.0,9.0,11.0,7.0
782,7.0,14.0,9.0,11.0,7.0
783,7.0,14.0,8.0,11.0,7.0
784,6.0,12.0,7.0,10.0,7.0
785,6.0,11.0,7.0,11.0,7.0
786,6.0,10.0,7.0,11.0,7.0
787,5.0,10.0,6.0,11.0,7.0
788,5.0,10.0,6.0,11.0,8.0
789,6.0,10.0,6.0,11.0,9.0
790,6.0,10.0,6.0,12.0,9.0
791,6.0,11.0,7.0,12.0,8.0
792,6.0,11.0,7.0,11.0,8.0
793,6.0,11.0,7.0,11.0,8.0
794,7.0,11.0,8.0,11.0,8.0
795,8.0,12.0,9.0,11.0,7.0
796,9.0,12.0,9.0,11.0,7.0
797,9.0,13.0,10.0,11.0,7.0
798,9.0,13.0,11.0,11.0,7.0
799,9.0,13.0,11.0,11.0,7.0
800,9.0,13.0,11.0,10.0,7.0
801,8.0,12.0,11.0,10.0,7.0
802,8.0,12.0,10.0,10.0,7.0
803,7.0,11.0,9.0,9.0,7.0
804,7.0,11.0,8.0,9.0,7.0
805,7.0,11.0,7.0,9.0,7.0
806,5.0,10.0,6.0,9.0,7.0
807,6.0,10.0,6.0,9.0,7.0
808,6.0,10.0,5.0,8.0,7.0
809,6.0,10.0,6.0,8.0,7.0
810,5.0,9.0,6.0,7.0,7.0
811,5.0,9.0,6.0,7.0,7.0
812,5.0,9.0,6.0,7.0,7.0
813,5.0,9.0,6.0,6.0,7.0
814,5.0,9.0,5.0,6.0,7.0
815,5.0,9.0,6.0,6.0,7.0
816,5.0,10.0,6.0,5.0,7.0
817,5.0,10.0,6.0,5.0,7.0
818,5.0,9.0,6.0,5.0,7.0
819,5.0,10.0,6.0,5.0,7.0
820,5.0,10.0,6.0,5.0,7.0
821,5.0,10.0,6.0,5.0,7.0
822,6.0,10.0,6.0,5.0,7.0
823,6.0,10.0,6.0,5.0,7.0
824,6.0,10.0,6.0,6.0,7.0
825,6.0,10.0,6.0,6.0,7.0
826,6.0,11.0,6.0,6.0,7.0
827,6.0,10.0,7.0,7.0,7.0
828,6.0,10.0,7.0,7.0,7.0
829,6.0,11.0,7.0,9.0,7.0
830,5.0,10.0,6.0,9.0,7.0
831,5.0,9.0,6.0,10.0,7.0
832,5.0,9.0,6.0,10.0,7.0
833,5.0,9.0,6.0,10.0,7.0
834,6.0,11.0,6.0,10.0,7.0
835,6.0,11.0,6.0,10.0,7.0
836,6.0,10.0,6.0,10.0,7.0
837,5.0,10.0,6.0,10.0,7.0
838,5.0,10.0,6.0,10.0,7.0
839,5.0,10.0,6.0,11.0,7.0
840,5.0,9.0,6.0,11.0,7.0
841,5.0,10.0,6.0,11.0,7.0
842,5.0,10.0,6.0,10.0,7.0
843,5.0,10.0,6.0,10.0,7.0
844,5.0,10.0,7.0,11.0,7.0
845,5.0,10.0,7.0,11.0,7.0
846,5.0,10.0,6.0,11.0,7.0
847,6.0,10.0,7.0,10.0,7.0
848,6.0,10.0,7.0,10.0,7.0
849,6.0,11.0,7.0,10.0,7.0
850,6.0,11.0,8.0,9.0,7.0
851,7.0,12.0,9.0,9.0,7.0
852,7.0,12.0,9.0,9.0,7.0
853,8.0,12.0,10.0,8.0,8.0
854,8.0,13.0,10.0,7.0,8.0
855,8.0,13.0,10.0,7.0,8.0
856,8.0,13.0,9.0,7.0,8.0
857,8.0,12.0,8.0,7.0,7.0
858,7.0,12.0,8.0,7.0,7.0
859,6.0,11.0,7.0,7.0,7.0
860,6.0,11.0,6.0,8.0,7.0
861,5.0,10.0,6.0,8.0,7.0
862,5.0,10.0,6.0,8.0,7.0
863,5.0,9.0,6.0,9.0,7.0
864,5.0,9.0,5.0,9.0,7.0
865,5.0,9.0,6.0,9.0,7.0
866,5.0,9.0,6.0,8.0,7.0
867,5.0,10.0,6.0,8.0,7.0
868,5.0,10.0,6.0,8.0,7.0
869,5.0,10.0,6.0,8.0,7.0
870,5.0,10.0,6.0,7.0,7.0
871,5.0,11.0,6.0,7.0,7.0
872,5.0,11.0,6.0,7.0,7.0
873,5.0,10.0,6.0,8.0,8.0
874,5.0,9.0,6.0,8.0,7.0
875,5.0,9.0,6.0,8.0,7.0
876,5.0,10.0,6.0,9.0,7.0
877,5.0,9.0,6.0,9.0,8.0
878,5.0,9.0,6.0,9.0,8.0
879,5.0,9.0,6.0,9.0,8.0
880,5.0,9.0,6.0,9.0,7.0
881,5.0,10.0,5.0,9.0,7.0
882,5.0,10.0,6.0,8.0,7.0
883,5.0,10.0,6.0,8.0,7.0
884,5.0,10.0,6.0,8.0,7.0
885,5.0,10.0,6.0,9.0,8.0
886,5.0,10.0,6.0,9.0,8.0
887,5.0,10.0,6.0,10.0,9.0
888,5.0,11.0,6.0,10.0,9.0
889,5.0,11.0,6.0,10.0,9.0
890,5.0,11.0,7.0,9.0,9.0
891,5.0,10.0,7.0,9.0,10.0
892,5.0,10.0,7.0,9.0,11.0
893,6.0,10.0,8.0,8.0,11.0
894,6.0,11.0,9.0,7.0,12.0
895,7.0,11.0,9.0,7.0,12.0
896,7.0,12.0,9.0,7.0,12.0
897,7.0,12.0,9.0,7.0,13.0
898,7.0,12.0,9.0,7.0,14.0
899,8.0,12.0,9.0,8.0,14.0
900,8.0,13.0,9.0,8.0,14.0
901,8.0,13.0,9.0,9.0,15.0
902,8.0,14.0,9.0,9.0,15.0
903,7.0,12.0,9.0,10.0,16.0
904,7.0,12.0,8.0,10.0,16.0
905,6.0,10.0,6.0,10.0,16.0
906,5.0,10.0,6.0,10.0,16.0
907,5.0,10.0,6.0,11.0,15.0
908,5.0,10.0,6.0,11.0,15.0
909,5.0,10.0,6.0,11.0,15.0
910,5.0,11.0,6.0,10.0,15.0
911,5.0,11.0,6.0,9.0,15.0
912,5.0,12.0,6.0,9.0,15.0
913,5.0,11.0,6.0,9.0,15.0
914,6.0,11.0,7.0,9.0,16.0
915,6.0,10.0,7.0,9.0,17.0
916,6.0,11.0,7.0,8.0,17.0
917,6.0,11.0,7.0,8.0,19.0
918,6.0,11.0,7.0,8.0,19.0
919,6.0,11.0,7.0,9.0,20.0
920,6.0,11.0,7.0,9.0,20.0
921,6.0,11.0,7.0,9.0,22.0
922,6.0,11.0,7.0,9.0,22.0
923,6.0,11.0,6.0,9.0,23.0
924,6.0,11.0,6.0,9.0,25.0
925,6.0,11.0,6.0,9.0,25.0
926,6.0,10.0,6.0,10.0,25.0
927,6.0,10.0,7.0,10.0,25.0
928,6.0,10.0,6.0,10.0,25.0
929,6.0,10.0,6.0,10.0,25.0
930,6.0,10.0,6.0,9.0,24.0
931,5.0,10.0,6.0,9.0,22.0
932,5.0,10.0,6.0,9.0,22.0
933,6.0,10.0,7.0,8.0,20.0
934,6.0,10.0,7.0,8.0,19.0
935,6.0,10.0,7.0,8.0,19.0
936,6.0,10.0,6.0,8.0,19.0
937,6.0,10.0,7.0,8.0,21.0
938,6.0,10.0,7.0,8.0,22.0
939,6.0,10.0,7.0,8.0,21.0
940,6.0,10.0,7.0,8.0,22.0
941,6.0,11.0,7.0,8.0,24.0
942,6.0,11.0,7.0,9.0,24.0
943,6.0,10.0,6.0,10.0,25.0
944,6.0,10.0,6.0,10.0,25.0
945,6.0,11.0,6.0,11.0,25.0
946,6.0,10.0,6.0,11.0,25.0
947,6.0,11.0,7.0,11.0,23.0
948,6.0,11.0,7.0,11.0,23.0
949,6.0,11.0,8.0,10.0,22.0
950,6.0,11.0,8.0,10.0,22.0
951,7.0,11.0,9.0,10.0,23.0
952,7.0,11.0,9.0,10.0,23.0
953,7.0,12.0,10.0,10.0,22.0
954,8.0,13.0,10.0,10.0,21.0
955,8.0,13.0,11.0,10.0,19.0
956,9.0,13.0,10.0,9.0,18.0
957,9.0,13.0,10.0,9.0,17.0
958,9.0,14.0,10.0,10.0,17.0
959,9.0,14.0,10.0,11.0,16.0
960,9.0,14.0,10.0,12.0,16.0
961,9.0,14.0,10.0,14.0,15.0
962,9.0,15.0,10.0,16.0,15.0
963,9.0,15.0,10.0,17.0,15.0
964,8.0,15.0,9.0,18.0,15.0
965,8.0,15.0,9.0,17.0,14.0
966,8.0,14.0,8.0,15.0,14.0
967,8.0,13.0,8.0,13.0,14.0
968,7.0,12.0,8.0,11.0,14.0
969,7.0,11.0,9.0,10.0,13.0
970,8.0,12.0,9.0,10.0,13.0
971,8.0,12.0,9.0,10.0,13.0
972,8.0,13.0,9.0,11.0,14.0
973,9.0,13.0,10.0,11.0,14.0
974,9.0,13.0,10.0,16.0,15.0
975,9.0,24.0,11.0,10.0,17.0
976,9.0,15.0,11.0,9.0,18.0
977,9.0,14.0,10.0,9.0,19.0
978,9.0,14.0,10.0,9.0,21.0
979,9.0,14.0,10.0,8.0,19.0
980,9.0,13.0,9.0,8.0,18.0
981,8.0,12.0,8.0,8.0,17.0
982,7.0,11.0,8.0,9.0,17.0
983,6.0,10.0,7.0,9.0,17.0
984,6.0,10.0,7.0,8.0,17.0
985,5.0,9.0,6.0,7.0,17.0
986,5.0,9.0,6.0,6.0,16.0
987,5.0,9.0,6.0,6.0,16.0
988,5.0,9.0,6.0,5.0,15.0
989,5.0,9.0,6.0,5.0,15.0
990,5.0,9.0,6.0,5.0,15.0
991,5.0,9.0,6.0,5.0,15.0
992,5.0,9.0,6.0,5.0,15.0
993,5.0,9.0,6.0,5.0,15.0
994,5.0,9.0,6.0,5.0,15.0
995,5.0,8.0,6.0,5.0,16.0
996,5.0,8.0,6.0,5.0,15.0
997,5.0,8.0,6.0,5.0,15.0
998,5.0,9.0,6.0,5.0,14.0
999,5.0,9.0,6.0,5.0,14.0
