,emojitracker-twitter-pouting_cat_face,emojitracker-twitter-grinning_cat_face_with_smiling_eyes,emojitracker-twitter-smiling_cat_face_with_heart-shaped_eyes,emojitracker-twitter-kissing_cat_face_with_closed_eyes,emojitracker-twitter-cat_face_with_tears_of_joy,emojitracker-twitter-smiling_cat_face_with_open_mouth,emojitracker-twitter-cat_face_with_wry_smile,emojitracker-twitter-cat_face,emojitracker-twitter-crying_cat_face
0,12.0,7.0,14.0,7.0,8.0,1.0,8.0,6.0,7.0
1,5.0,9.0,10.0,11.0,18.0,2.0,15.0,6.0,8.0
2,11.0,2.0,16.0,9.0,7.0,3.0,11.0,8.0,6.0
3,4.0,4.0,15.0,9.0,15.0,3.0,9.0,5.0,10.0
4,3.0,7.0,9.0,8.0,14.0,5.0,12.0,4.0,12.0
5,6.0,1.0,13.0,6.0,12.0,2.0,23.0,4.0,5.0
6,7.0,3.0,18.0,7.0,5.0,4.0,12.0,4.0,12.0
7,2.0,5.0,15.0,6.0,15.0,3.0,9.0,6.0,7.0
8,8.0,3.0,18.0,7.0,5.0,6.0,12.0,4.0,16.0
9,2.0,4.0,12.0,3.0,16.0,3.0,13.0,3.0,6.0
10,3.0,4.0,12.0,5.0,18.0,3.0,16.0,6.0,7.0
11,12.0,4.0,17.0,11.0,19.0,3.0,15.0,10.0,7.0
12,6.0,4.0,15.0,7.0,12.0,4.0,5.0,1.0,12.0
13,6.0,7.0,11.0,9.0,13.0,2.0,16.0,2.0,10.0
14,4.0,2.0,11.0,3.0,21.0,3.0,15.0,2.0,9.0
15,12.0,6.0,14.0,7.0,16.0,8.0,14.0,5.0,2.0
16,6.0,6.0,8.0,9.0,16.0,3.0,15.0,3.0,9.0
17,5.0,2.0,9.0,6.0,19.0,6.0,17.0,5.0,9.0
18,6.0,5.0,10.0,12.0,21.0,5.0,10.0,3.0,12.0
19,6.0,6.0,14.0,5.0,22.0,4.0,17.0,7.0,7.0
20,11.0,4.0,13.0,3.0,22.0,6.0,13.0,7.0,2.0
21,9.0,6.0,11.0,4.0,14.0,4.0,17.0,9.0,14.0
22,6.0,10.0,15.0,6.0,14.0,3.0,13.0,6.0,6.0
23,9.0,4.0,10.0,4.0,15.0,2.0,13.0,3.0,7.0
24,6.0,7.0,15.0,3.0,16.0,2.0,5.0,4.0,11.0
25,3.0,6.0,13.0,7.0,13.0,1.0,16.0,3.0,9.0
26,7.0,7.0,11.0,5.0,7.0,3.0,8.0,12.0,9.0
27,4.0,4.0,9.0,7.0,11.0,7.0,12.0,6.0,4.0
28,4.0,1.0,9.0,13.0,7.0,4.0,12.0,10.0,12.0
29,5.0,6.0,12.0,4.0,12.0,4.0,12.0,8.0,7.0
30,8.0,5.0,10.0,3.0,16.0,5.0,14.0,8.0,10.0
31,6.0,5.0,18.0,8.0,16.0,3.0,11.0,7.0,12.0
32,9.0,2.0,19.0,8.0,16.0,3.0,13.0,6.0,16.0
33,6.0,6.0,19.0,9.0,17.0,5.0,10.0,5.0,8.0
34,3.0,4.0,19.0,5.0,11.0,4.0,13.0,5.0,9.0
35,5.0,4.0,6.0,4.0,11.0,3.0,13.0,4.0,7.0
36,6.0,7.0,23.0,4.0,9.0,1.0,15.0,7.0,12.0
37,5.0,8.0,16.0,9.0,10.0,4.0,16.0,1.0,11.0
38,8.0,4.0,20.0,11.0,14.0,1.0,14.0,3.0,8.0
39,7.0,8.0,14.0,6.0,17.0,3.0,10.0,2.0,5.0
40,12.0,3.0,9.0,7.0,9.0,6.0,23.0,5.0,11.0
41,14.0,2.0,15.0,6.0,13.0,2.0,5.0,8.0,13.0
42,6.0,6.0,17.0,5.0,16.0,5.0,15.0,5.0,11.0
43,14.0,3.0,20.0,6.0,17.0,2.0,14.0,2.0,6.0
44,4.0,5.0,9.0,7.0,18.0,4.0,12.0,6.0,8.0
45,11.0,3.0,18.0,7.0,5.0,3.0,11.0,3.0,6.0
46,6.0,2.0,15.0,8.0,14.0,5.0,11.0,9.0,8.0
47,6.0,4.0,17.0,7.0,20.0,2.0,16.0,4.0,8.0
48,7.0,1.0,11.0,3.0,17.0,5.0,14.0,5.0,4.0
49,6.0,3.0,12.0,5.0,22.0,2.0,12.0,8.0,14.0
50,6.0,4.0,16.0,4.0,18.0,4.0,29.0,1.0,7.0
51,8.0,6.0,18.0,7.0,7.0,2.0,19.0,3.0,4.0
52,5.0,1.0,14.0,7.0,15.0,2.0,15.0,8.0,9.0
53,5.0,5.0,16.0,6.0,7.0,5.0,13.0,4.0,3.0
54,4.0,2.0,16.0,3.0,16.0,2.0,13.0,2.0,6.0
55,6.0,5.0,18.0,3.0,10.0,2.0,11.0,4.0,8.0
56,8.0,3.0,16.0,7.0,12.0,2.0,16.0,3.0,9.0
57,8.0,4.0,16.0,5.0,15.0,1.0,10.0,2.0,6.0
58,10.0,8.0,13.0,6.0,13.0,1.0,12.0,3.0,15.0
59,10.0,5.0,12.0,13.0,12.0,4.0,16.0,2.0,11.0
60,5.0,8.0,12.0,8.0,16.0,3.0,8.0,2.0,9.0
61,6.0,6.0,7.0,2.0,17.0,3.0,18.0,2.0,10.0
62,5.0,3.0,14.0,11.0,16.0,4.0,18.0,6.0,5.0
63,9.0,4.0,16.0,3.0,18.0,6.0,11.0,4.0,7.0
64,4.0,5.0,17.0,9.0,18.0,1.0,19.0,2.0,9.0
65,7.0,3.0,16.0,3.0,9.0,2.0,13.0,3.0,8.0
66,8.0,4.0,11.0,13.0,14.0,1.0,11.0,1.0,7.0
67,11.0,4.0,18.0,8.0,7.0,4.0,16.0,1.0,13.0
68,3.0,4.0,13.0,9.0,16.0,2.0,14.0,4.0,6.0
69,3.0,7.0,8.0,5.0,17.0,2.0,16.0,6.0,7.0
70,8.0,6.0,20.0,8.0,9.0,7.0,15.0,7.0,11.0
71,6.0,2.0,20.0,6.0,16.0,2.0,23.0,4.0,11.0
72,3.0,5.0,23.0,7.0,15.0,4.0,13.0,6.0,7.0
73,5.0,5.0,14.0,5.0,16.0,2.0,10.0,6.0,13.0
74,8.0,9.0,19.0,6.0,9.0,6.0,7.0,4.0,10.0
75,3.0,5.0,16.0,8.0,29.0,5.0,13.0,6.0,7.0
76,9.0,4.0,20.0,11.0,15.0,1.0,20.0,8.0,7.0
77,8.0,6.0,18.0,11.0,14.0,6.0,6.0,2.0,9.0
78,10.0,2.0,16.0,6.0,15.0,6.0,15.0,5.0,12.0
79,6.0,3.0,23.0,7.0,13.0,3.0,21.0,7.0,9.0
80,7.0,4.0,20.0,8.0,17.0,3.0,11.0,6.0,7.0
81,6.0,4.0,11.0,11.0,17.0,3.0,8.0,10.0,4.0
82,11.0,8.0,12.0,14.0,16.0,1.0,16.0,8.0,6.0
83,9.0,4.0,11.0,9.0,23.0,3.0,16.0,8.0,11.0
84,3.0,3.0,17.0,7.0,17.0,3.0,10.0,7.0,8.0
85,8.0,8.0,10.0,2.0,17.0,3.0,11.0,4.0,13.0
86,8.0,7.0,15.0,8.0,20.0,1.0,21.0,6.0,8.0
87,6.0,4.0,18.0,12.0,12.0,5.0,20.0,4.0,10.0
88,6.0,4.0,18.0,8.0,16.0,4.0,8.0,4.0,7.0
89,5.0,3.0,15.0,7.0,27.0,0.0,12.0,6.0,9.0
90,4.0,4.0,14.0,7.0,18.0,1.0,9.0,8.0,7.0
91,11.0,7.0,17.0,3.0,19.0,2.0,13.0,6.0,8.0
92,8.0,6.0,14.0,6.0,20.0,6.0,11.0,6.0,6.0
93,9.0,3.0,23.0,11.0,23.0,2.0,22.0,5.0,10.0
94,9.0,1.0,19.0,9.0,27.0,2.0,15.0,7.0,8.0
95,11.0,5.0,20.0,8.0,17.0,2.0,12.0,6.0,6.0
96,8.0,6.0,15.0,7.0,14.0,4.0,13.0,9.0,8.0
97,8.0,9.0,21.0,8.0,16.0,5.0,16.0,7.0,12.0
98,13.0,3.0,11.0,6.0,18.0,2.0,8.0,5.0,10.0
99,5.0,6.0,21.0,12.0,12.0,3.0,12.0,3.0,5.0
100,7.0,3.0,21.0,6.0,21.0,4.0,10.0,1.0,7.0
101,8.0,6.0,15.0,6.0,12.0,3.0,18.0,4.0,9.0
102,9.0,6.0,17.0,14.0,11.0,4.0,12.0,3.0,12.0
103,6.0,4.0,7.0,8.0,15.0,4.0,13.0,6.0,11.0
104,3.0,7.0,17.0,9.0,11.0,6.0,16.0,4.0,7.0
105,3.0,5.0,11.0,10.0,14.0,5.0,15.0,4.0,12.0
106,3.0,6.0,24.0,6.0,14.0,5.0,20.0,4.0,9.0
107,4.0,8.0,21.0,3.0,26.0,3.0,13.0,6.0,14.0
108,6.0,2.0,15.0,6.0,11.0,1.0,11.0,5.0,10.0
109,4.0,7.0,19.0,13.0,22.0,3.0,19.0,5.0,11.0
110,10.0,2.0,11.0,7.0,19.0,5.0,11.0,5.0,4.0
111,7.0,4.0,21.0,8.0,16.0,2.0,12.0,3.0,10.0
112,6.0,1.0,22.0,9.0,17.0,2.0,19.0,3.0,10.0
113,10.0,3.0,14.0,5.0,14.0,3.0,12.0,2.0,11.0
114,6.0,3.0,25.0,8.0,20.0,3.0,16.0,1.0,15.0
115,8.0,5.0,12.0,6.0,7.0,2.0,16.0,3.0,16.0
116,6.0,4.0,14.0,9.0,19.0,2.0,10.0,3.0,14.0
117,7.0,5.0,15.0,6.0,18.0,6.0,14.0,2.0,6.0
118,13.0,5.0,17.0,8.0,17.0,2.0,12.0,4.0,3.0
119,12.0,6.0,13.0,10.0,17.0,2.0,18.0,6.0,16.0
120,6.0,3.0,10.0,6.0,14.0,4.0,11.0,8.0,11.0
121,14.0,6.0,16.0,1.0,14.0,6.0,16.0,5.0,8.0
122,12.0,6.0,15.0,2.0,9.0,4.0,16.0,2.0,10.0
123,3.0,10.0,16.0,8.0,12.0,6.0,11.0,2.0,9.0
124,13.0,6.0,10.0,8.0,21.0,3.0,11.0,4.0,14.0
125,9.0,3.0,22.0,5.0,15.0,5.0,12.0,8.0,5.0
126,7.0,6.0,18.0,9.0,16.0,2.0,11.0,7.0,11.0
127,9.0,1.0,17.0,10.0,17.0,3.0,20.0,3.0,9.0
128,11.0,1.0,15.0,9.0,17.0,4.0,14.0,5.0,11.0
129,6.0,3.0,16.0,11.0,24.0,7.0,11.0,6.0,9.0
130,10.0,4.0,19.0,11.0,16.0,2.0,15.0,9.0,10.0
131,10.0,4.0,14.0,12.0,15.0,4.0,13.0,5.0,8.0
132,10.0,4.0,17.0,11.0,19.0,4.0,26.0,2.0,10.0
133,10.0,6.0,13.0,9.0,19.0,5.0,16.0,7.0,8.0
134,7.0,7.0,17.0,6.0,18.0,2.0,23.0,8.0,10.0
135,8.0,18.0,20.0,8.0,13.0,6.0,15.0,3.0,9.0
136,8.0,14.0,19.0,6.0,16.0,5.0,17.0,7.0,12.0
137,6.0,8.0,16.0,11.0,18.0,5.0,21.0,8.0,12.0
138,8.0,9.0,15.0,8.0,14.0,6.0,17.0,3.0,16.0
139,11.0,3.0,15.0,11.0,8.0,3.0,27.0,5.0,8.0
140,5.0,4.0,14.0,7.0,14.0,5.0,13.0,6.0,8.0
141,6.0,8.0,24.0,11.0,18.0,0.0,14.0,2.0,8.0
142,6.0,9.0,20.0,8.0,19.0,2.0,13.0,5.0,5.0
143,5.0,10.0,21.0,10.0,16.0,1.0,22.0,10.0,17.0
144,5.0,6.0,22.0,11.0,24.0,2.0,14.0,3.0,14.0
145,4.0,9.0,23.0,13.0,13.0,3.0,21.0,6.0,13.0
146,8.0,2.0,23.0,7.0,16.0,3.0,18.0,7.0,11.0
147,7.0,5.0,15.0,8.0,14.0,4.0,16.0,9.0,13.0
148,5.0,9.0,15.0,7.0,9.0,4.0,15.0,4.0,10.0
149,7.0,13.0,18.0,11.0,19.0,5.0,24.0,4.0,8.0
150,12.0,8.0,23.0,10.0,18.0,1.0,27.0,5.0,14.0
151,7.0,10.0,19.0,8.0,17.0,1.0,21.0,4.0,16.0
152,12.0,9.0,21.0,6.0,19.0,9.0,20.0,7.0,16.0
153,10.0,5.0,19.0,12.0,9.0,7.0,12.0,4.0,20.0
154,8.0,6.0,19.0,6.0,11.0,3.0,25.0,6.0,11.0
155,6.0,13.0,28.0,10.0,9.0,6.0,14.0,4.0,7.0
156,2.0,3.0,17.0,12.0,18.0,3.0,22.0,6.0,12.0
157,8.0,7.0,17.0,9.0,19.0,1.0,18.0,8.0,6.0
158,9.0,4.0,17.0,8.0,16.0,11.0,27.0,10.0,12.0
159,8.0,8.0,12.0,5.0,17.0,4.0,20.0,6.0,16.0
160,5.0,4.0,11.0,11.0,26.0,5.0,16.0,4.0,9.0
161,3.0,4.0,20.0,4.0,19.0,1.0,15.0,7.0,16.0
162,8.0,6.0,25.0,9.0,21.0,3.0,16.0,8.0,9.0
163,7.0,8.0,12.0,11.0,15.0,6.0,16.0,4.0,15.0
164,14.0,11.0,24.0,10.0,18.0,3.0,22.0,9.0,10.0
165,16.0,12.0,13.0,5.0,15.0,4.0,20.0,8.0,7.0
166,4.0,10.0,17.0,3.0,19.0,6.0,18.0,15.0,10.0
167,9.0,8.0,20.0,11.0,18.0,3.0,16.0,7.0,13.0
168,5.0,7.0,15.0,7.0,17.0,6.0,21.0,5.0,10.0
169,3.0,5.0,17.0,8.0,18.0,2.0,16.0,2.0,9.0
170,9.0,4.0,25.0,8.0,15.0,7.0,24.0,9.0,4.0
171,3.0,5.0,16.0,8.0,18.0,2.0,19.0,6.0,13.0
172,5.0,9.0,15.0,8.0,17.0,4.0,15.0,6.0,12.0
173,5.0,10.0,15.0,5.0,14.0,6.0,20.0,7.0,12.0
174,14.0,4.0,19.0,5.0,18.0,6.0,13.0,7.0,12.0
175,6.0,6.0,14.0,16.0,18.0,7.0,13.0,4.0,11.0
176,11.0,6.0,19.0,10.0,21.0,11.0,15.0,3.0,12.0
177,11.0,5.0,18.0,12.0,9.0,6.0,22.0,7.0,7.0
178,12.0,9.0,18.0,13.0,21.0,2.0,22.0,8.0,14.0
179,14.0,7.0,16.0,12.0,12.0,7.0,13.0,10.0,10.0
180,6.0,6.0,21.0,7.0,18.0,1.0,16.0,8.0,10.0
181,7.0,13.0,19.0,11.0,22.0,1.0,16.0,7.0,11.0
182,7.0,10.0,26.0,17.0,12.0,4.0,15.0,6.0,14.0
183,18.0,13.0,23.0,8.0,16.0,7.0,24.0,11.0,13.0
184,17.0,7.0,17.0,7.0,19.0,4.0,15.0,4.0,13.0
185,8.0,9.0,20.0,8.0,23.0,6.0,17.0,7.0,15.0
186,8.0,6.0,10.0,12.0,14.0,4.0,21.0,9.0,10.0
187,15.0,11.0,20.0,10.0,22.0,5.0,24.0,3.0,12.0
188,6.0,4.0,17.0,10.0,13.0,8.0,16.0,7.0,16.0
189,14.0,7.0,25.0,5.0,17.0,5.0,20.0,2.0,7.0
190,13.0,5.0,21.0,10.0,12.0,5.0,17.0,9.0,9.0
191,11.0,2.0,21.0,10.0,26.0,2.0,18.0,4.0,12.0
192,11.0,7.0,20.0,10.0,14.0,7.0,22.0,8.0,18.0
193,21.0,6.0,24.0,17.0,10.0,4.0,19.0,16.0,14.0
194,10.0,10.0,16.0,12.0,17.0,7.0,13.0,4.0,10.0
195,7.0,7.0,17.0,9.0,18.0,2.0,19.0,5.0,11.0
196,11.0,4.0,12.0,17.0,16.0,1.0,25.0,9.0,10.0
197,11.0,5.0,18.0,14.0,14.0,2.0,24.0,10.0,14.0
198,13.0,10.0,25.0,12.0,19.0,3.0,16.0,4.0,8.0
199,7.0,10.0,15.0,4.0,22.0,0.0,18.0,7.0,12.0
200,6.0,3.0,27.0,14.0,21.0,4.0,15.0,11.0,11.0
201,8.0,2.0,17.0,10.0,15.0,4.0,26.0,8.0,13.0
202,10.0,8.0,22.0,7.0,18.0,0.0,16.0,7.0,19.0
203,15.0,9.0,16.0,16.0,24.0,2.0,33.0,5.0,14.0
204,12.0,8.0,18.0,10.0,16.0,2.0,20.0,9.0,13.0
205,8.0,3.0,16.0,9.0,15.0,5.0,18.0,6.0,15.0
206,10.0,3.0,18.0,12.0,17.0,4.0,19.0,12.0,18.0
207,13.0,7.0,21.0,7.0,22.0,4.0,21.0,12.0,18.0
208,8.0,2.0,18.0,17.0,14.0,3.0,18.0,5.0,12.0
209,7.0,6.0,35.0,11.0,16.0,6.0,24.0,5.0,12.0
210,13.0,5.0,18.0,11.0,19.0,3.0,21.0,8.0,8.0
211,15.0,4.0,22.0,10.0,26.0,1.0,27.0,8.0,12.0
212,7.0,8.0,17.0,10.0,18.0,5.0,14.0,2.0,16.0
213,10.0,8.0,22.0,13.0,15.0,3.0,24.0,7.0,12.0
214,10.0,6.0,14.0,5.0,12.0,6.0,25.0,6.0,11.0
215,5.0,9.0,14.0,13.0,14.0,5.0,17.0,9.0,15.0
216,9.0,7.0,23.0,7.0,12.0,6.0,16.0,6.0,18.0
217,10.0,5.0,16.0,11.0,19.0,7.0,26.0,7.0,12.0
218,8.0,10.0,12.0,14.0,19.0,3.0,17.0,7.0,10.0
219,6.0,7.0,17.0,13.0,29.0,8.0,27.0,10.0,15.0
220,11.0,3.0,22.0,12.0,18.0,9.0,19.0,8.0,10.0
221,8.0,7.0,24.0,10.0,28.0,7.0,20.0,2.0,13.0
222,13.0,3.0,21.0,10.0,19.0,6.0,19.0,2.0,7.0
223,13.0,8.0,24.0,15.0,11.0,9.0,16.0,7.0,11.0
224,12.0,5.0,22.0,8.0,13.0,7.0,18.0,4.0,15.0
225,12.0,4.0,26.0,13.0,17.0,3.0,17.0,12.0,10.0
226,6.0,8.0,18.0,6.0,26.0,6.0,20.0,9.0,20.0
227,8.0,5.0,19.0,8.0,20.0,0.0,26.0,5.0,8.0
228,7.0,13.0,22.0,10.0,17.0,1.0,19.0,11.0,12.0
229,7.0,6.0,23.0,10.0,26.0,4.0,23.0,2.0,18.0
230,9.0,9.0,26.0,10.0,18.0,6.0,19.0,7.0,13.0
231,14.0,7.0,23.0,10.0,21.0,6.0,14.0,11.0,18.0
232,6.0,5.0,26.0,7.0,27.0,5.0,21.0,12.0,14.0
233,10.0,11.0,24.0,8.0,24.0,4.0,12.0,7.0,17.0
234,9.0,7.0,31.0,11.0,24.0,7.0,16.0,5.0,14.0
235,12.0,3.0,22.0,18.0,18.0,4.0,25.0,6.0,14.0
236,4.0,5.0,30.0,12.0,14.0,5.0,18.0,8.0,20.0
237,11.0,7.0,18.0,7.0,21.0,8.0,24.0,8.0,17.0
238,6.0,6.0,20.0,18.0,20.0,7.0,30.0,7.0,12.0
239,7.0,5.0,20.0,8.0,11.0,10.0,27.0,3.0,15.0
240,10.0,5.0,19.0,9.0,24.0,7.0,19.0,13.0,15.0
241,14.0,6.0,19.0,12.0,18.0,4.0,21.0,3.0,19.0
242,4.0,5.0,16.0,8.0,14.0,7.0,30.0,8.0,13.0
243,12.0,4.0,20.0,11.0,26.0,5.0,22.0,6.0,13.0
244,12.0,13.0,19.0,5.0,21.0,6.0,20.0,9.0,16.0
245,9.0,7.0,18.0,9.0,16.0,4.0,25.0,7.0,13.0
246,7.0,17.0,28.0,7.0,20.0,6.0,31.0,9.0,18.0
247,16.0,4.0,17.0,16.0,19.0,2.0,22.0,9.0,11.0
248,15.0,6.0,23.0,14.0,23.0,8.0,18.0,9.0,14.0
249,11.0,9.0,18.0,8.0,24.0,9.0,26.0,8.0,13.0
250,8.0,6.0,20.0,8.0,20.0,3.0,23.0,9.0,10.0
251,9.0,7.0,25.0,14.0,23.0,2.0,26.0,7.0,11.0
252,17.0,8.0,29.0,11.0,21.0,4.0,19.0,15.0,8.0
253,7.0,7.0,18.0,10.0,21.0,6.0,21.0,9.0,15.0
254,9.0,5.0,16.0,6.0,18.0,8.0,26.0,12.0,23.0
255,9.0,6.0,24.0,14.0,21.0,4.0,15.0,4.0,7.0
256,9.0,4.0,20.0,11.0,18.0,4.0,23.0,5.0,13.0
257,14.0,7.0,14.0,11.0,16.0,3.0,18.0,10.0,15.0
258,10.0,4.0,18.0,5.0,20.0,7.0,22.0,7.0,18.0
259,5.0,12.0,29.0,11.0,20.0,4.0,18.0,3.0,13.0
260,9.0,11.0,22.0,7.0,10.0,4.0,18.0,9.0,18.0
261,8.0,8.0,14.0,4.0,16.0,1.0,14.0,8.0,11.0
262,9.0,8.0,20.0,9.0,18.0,5.0,21.0,4.0,9.0
263,13.0,5.0,22.0,12.0,23.0,4.0,20.0,9.0,14.0
264,5.0,5.0,14.0,7.0,16.0,5.0,31.0,10.0,17.0
265,7.0,9.0,18.0,9.0,18.0,3.0,17.0,10.0,26.0
266,7.0,6.0,15.0,4.0,22.0,6.0,17.0,9.0,7.0
267,10.0,4.0,13.0,11.0,22.0,8.0,22.0,10.0,17.0
268,8.0,10.0,18.0,9.0,23.0,4.0,21.0,6.0,11.0
269,12.0,8.0,29.0,9.0,22.0,2.0,23.0,12.0,13.0
270,9.0,6.0,15.0,13.0,20.0,2.0,24.0,14.0,16.0
271,9.0,7.0,19.0,11.0,13.0,7.0,20.0,11.0,9.0
272,16.0,9.0,30.0,12.0,25.0,3.0,28.0,6.0,11.0
273,7.0,9.0,27.0,6.0,22.0,3.0,24.0,9.0,12.0
274,5.0,5.0,24.0,7.0,21.0,5.0,29.0,10.0,17.0
275,7.0,12.0,29.0,4.0,17.0,1.0,28.0,9.0,20.0
276,11.0,10.0,15.0,11.0,20.0,4.0,21.0,9.0,15.0
277,7.0,6.0,28.0,10.0,22.0,3.0,24.0,7.0,20.0
278,9.0,5.0,22.0,16.0,20.0,5.0,30.0,6.0,12.0
279,13.0,5.0,16.0,12.0,22.0,5.0,19.0,9.0,17.0
280,6.0,7.0,31.0,13.0,18.0,5.0,21.0,4.0,14.0
281,10.0,4.0,24.0,14.0,21.0,5.0,31.0,10.0,14.0
282,10.0,2.0,17.0,6.0,17.0,7.0,36.0,9.0,13.0
283,11.0,8.0,28.0,12.0,17.0,6.0,23.0,6.0,15.0
284,12.0,8.0,16.0,8.0,22.0,4.0,23.0,7.0,12.0
285,9.0,7.0,22.0,7.0,14.0,2.0,28.0,5.0,17.0
286,5.0,7.0,19.0,8.0,26.0,1.0,19.0,7.0,8.0
287,16.0,9.0,18.0,5.0,20.0,3.0,25.0,9.0,17.0
288,5.0,6.0,19.0,11.0,12.0,1.0,15.0,6.0,16.0
289,9.0,5.0,20.0,7.0,21.0,1.0,20.0,10.0,15.0
290,6.0,6.0,18.0,12.0,21.0,6.0,28.0,7.0,16.0
291,0.0,10.0,18.0,0.0,21.0,10.0,26.0,0.0,15.0
292,8.0,0.0,29.0,2.0,24.0,2.0,18.0,0.0,14.0
293,15.0,2.0,0.0,14.0,1.0,7.0,2.0,7.0,0.0
294,6.0,7.0,6.0,12.0,13.0,9.0,10.0,9.0,7.0
295,6.0,8.0,24.0,9.0,22.0,3.0,19.0,4.0,13.0
296,8.0,4.0,26.0,6.0,18.0,0.0,17.0,9.0,14.0
297,8.0,10.0,28.0,6.0,15.0,0.0,16.0,3.0,7.0
298,8.0,10.0,16.0,5.0,21.0,0.0,16.0,2.0,16.0
299,0.0,6.0,26.0,0.0,11.0,4.0,19.0,0.0,16.0
300,4.0,0.0,6.0,1.0,11.0,0.0,12.0,4.0,8.0
301,1.0,2.0,0.0,3.0,0.0,0.0,0.0,2.0,0.0
302,2.0,0.0,3.0,2.0,5.0,0.0,4.0,1.0,2.0
303,2.0,2.0,2.0,0.0,5.0,1.0,4.0,4.0,2.0
304,2.0,1.0,1.0,3.0,3.0,0.0,2.0,0.0,1.0
305,2.0,1.0,3.0,1.0,6.0,1.0,3.0,1.0,1.0
306,0.0,2.0,2.0,2.0,3.0,0.0,0.0,1.0,1.0
307,2.0,1.0,2.0,1.0,3.0,0.0,4.0,0.0,3.0
308,3.0,0.0,0.0,2.0,3.0,1.0,4.0,3.0,3.0
309,1.0,0.0,3.0,2.0,5.0,0.0,7.0,0.0,2.0
310,2.0,0.0,2.0,3.0,6.0,2.0,5.0,0.0,6.0
311,0.0,1.0,3.0,1.0,4.0,1.0,2.0,2.0,1.0
312,0.0,2.0,5.0,0.0,3.0,2.0,4.0,0.0,2.0
313,4.0,0.0,3.0,2.0,3.0,2.0,6.0,0.0,4.0
314,6.0,0.0,0.0,2.0,0.0,1.0,0.0,2.0,0.0
315,1.0,1.0,2.0,2.0,3.0,0.0,1.0,2.0,2.0
316,4.0,0.0,3.0,2.0,1.0,1.0,3.0,1.0,3.0
317,2.0,5.0,3.0,1.0,2.0,2.0,2.0,2.0,5.0
318,2.0,1.0,4.0,1.0,5.0,0.0,9.0,2.0,3.0
319,2.0,1.0,4.0,0.0,2.0,1.0,4.0,3.0,5.0
320,2.0,1.0,2.0,1.0,2.0,0.0,3.0,1.0,6.0
321,2.0,1.0,3.0,3.0,2.0,1.0,3.0,0.0,4.0
322,1.0,1.0,0.0,1.0,2.0,0.0,4.0,1.0,0.0
323,3.0,0.0,0.0,3.0,0.0,1.0,5.0,0.0,1.0
324,2.0,1.0,1.0,2.0,1.0,0.0,3.0,0.0,3.0
325,1.0,2.0,5.0,1.0,5.0,0.0,2.0,3.0,2.0
326,2.0,0.0,3.0,0.0,4.0,3.0,9.0,3.0,2.0
327,1.0,0.0,3.0,0.0,2.0,0.0,6.0,0.0,4.0
328,1.0,1.0,3.0,3.0,5.0,0.0,4.0,1.0,3.0
329,4.0,0.0,0.0,2.0,5.0,1.0,6.0,2.0,2.0
330,2.0,1.0,2.0,2.0,7.0,2.0,9.0,0.0,3.0
331,1.0,1.0,7.0,4.0,3.0,2.0,2.0,1.0,1.0
332,1.0,2.0,5.0,2.0,4.0,1.0,5.0,2.0,4.0
333,1.0,3.0,3.0,2.0,3.0,0.0,11.0,3.0,3.0
334,3.0,0.0,4.0,3.0,0.0,0.0,5.0,2.0,3.0
335,0.0,2.0,5.0,3.0,4.0,0.0,3.0,1.0,2.0
336,1.0,0.0,2.0,1.0,3.0,1.0,5.0,2.0,1.0
337,1.0,1.0,1.0,0.0,4.0,0.0,2.0,0.0,1.0
338,3.0,0.0,0.0,0.0,5.0,0.0,3.0,0.0,5.0
339,3.0,2.0,6.0,2.0,7.0,2.0,5.0,0.0,1.0
340,3.0,2.0,3.0,1.0,7.0,0.0,3.0,0.0,4.0
341,1.0,0.0,2.0,0.0,5.0,1.0,6.0,1.0,3.0
342,1.0,0.0,5.0,1.0,3.0,1.0,4.0,0.0,4.0
343,1.0,1.0,4.0,1.0,3.0,1.0,4.0,1.0,1.0
344,1.0,0.0,1.0,4.0,1.0,2.0,1.0,2.0,2.0
345,1.0,2.0,2.0,2.0,8.0,1.0,4.0,0.0,2.0
346,0.0,1.0,3.0,0.0,8.0,0.0,4.0,1.0,4.0
347,2.0,1.0,5.0,1.0,6.0,1.0,3.0,2.0,7.0
348,2.0,1.0,3.0,5.0,6.0,3.0,3.0,2.0,4.0
349,1.0,2.0,5.0,2.0,3.0,2.0,5.0,2.0,1.0
350,6.0,1.0,7.0,5.0,3.0,2.0,3.0,4.0,3.0
351,8.0,2.0,4.0,15.0,4.0,1.0,3.0,4.0,4.0
352,12.0,7.0,14.0,14.0,14.0,3.0,13.0,5.0,5.0
353,10.0,11.0,15.0,9.0,21.0,3.0,18.0,5.0,14.0
354,19.0,7.0,23.0,9.0,20.0,1.0,32.0,9.0,11.0
355,8.0,10.0,19.0,12.0,13.0,7.0,22.0,3.0,15.0
356,8.0,5.0,18.0,13.0,21.0,2.0,22.0,3.0,9.0
357,10.0,9.0,22.0,15.0,23.0,2.0,29.0,8.0,13.0
358,5.0,6.0,18.0,13.0,24.0,6.0,23.0,4.0,14.0
359,11.0,6.0,20.0,8.0,20.0,4.0,34.0,0.0,15.0
360,11.0,3.0,21.0,8.0,23.0,4.0,11.0,5.0,14.0
361,4.0,9.0,16.0,7.0,23.0,5.0,18.0,1.0,17.0
362,13.0,9.0,24.0,9.0,26.0,2.0,23.0,6.0,14.0
363,13.0,5.0,19.0,11.0,24.0,3.0,21.0,6.0,19.0
364,15.0,7.0,20.0,8.0,23.0,7.0,25.0,8.0,11.0
365,12.0,10.0,21.0,8.0,21.0,5.0,25.0,13.0,27.0
366,10.0,9.0,19.0,9.0,17.0,5.0,34.0,10.0,24.0
367,7.0,5.0,18.0,9.0,24.0,7.0,25.0,13.0,27.0
368,10.0,4.0,19.0,12.0,24.0,0.0,27.0,7.0,18.0
369,9.0,4.0,18.0,11.0,22.0,1.0,22.0,6.0,12.0
370,10.0,8.0,20.0,11.0,22.0,0.0,20.0,6.0,22.0
371,12.0,5.0,21.0,7.0,16.0,7.0,24.0,4.0,18.0
372,8.0,5.0,20.0,14.0,22.0,6.0,39.0,7.0,13.0
373,19.0,7.0,22.0,5.0,17.0,2.0,33.0,6.0,16.0
374,5.0,4.0,26.0,10.0,25.0,2.0,33.0,6.0,20.0
375,15.0,8.0,26.0,7.0,16.0,4.0,23.0,8.0,19.0
376,8.0,5.0,20.0,13.0,18.0,5.0,20.0,6.0,25.0
377,6.0,4.0,25.0,6.0,23.0,2.0,23.0,10.0,13.0
378,13.0,11.0,26.0,5.0,22.0,2.0,28.0,9.0,21.0
379,12.0,8.0,21.0,8.0,16.0,5.0,19.0,5.0,20.0
380,14.0,5.0,27.0,7.0,26.0,3.0,26.0,6.0,13.0
381,8.0,7.0,17.0,13.0,19.0,5.0,31.0,10.0,14.0
382,13.0,7.0,24.0,9.0,20.0,4.0,22.0,5.0,15.0
383,11.0,2.0,22.0,15.0,21.0,6.0,21.0,10.0,17.0
384,7.0,6.0,32.0,7.0,25.0,3.0,47.0,5.0,16.0
385,6.0,9.0,28.0,10.0,26.0,5.0,33.0,7.0,11.0
386,10.0,3.0,19.0,12.0,20.0,5.0,17.0,6.0,14.0
387,12.0,3.0,20.0,15.0,14.0,2.0,22.0,4.0,15.0
388,13.0,9.0,22.0,8.0,30.0,0.0,25.0,5.0,24.0
389,7.0,10.0,25.0,10.0,22.0,7.0,21.0,7.0,21.0
390,10.0,9.0,19.0,7.0,24.0,4.0,27.0,6.0,9.0
391,11.0,9.0,27.0,10.0,26.0,3.0,25.0,11.0,15.0
392,10.0,8.0,20.0,7.0,19.0,5.0,21.0,6.0,12.0
393,8.0,5.0,20.0,7.0,13.0,2.0,23.0,7.0,11.0
394,12.0,7.0,16.0,12.0,21.0,8.0,12.0,4.0,16.0
395,7.0,9.0,24.0,11.0,18.0,2.0,31.0,10.0,17.0
396,9.0,3.0,19.0,10.0,18.0,3.0,18.0,1.0,18.0
397,17.0,11.0,21.0,9.0,14.0,5.0,17.0,6.0,11.0
398,12.0,5.0,16.0,9.0,16.0,6.0,33.0,7.0,16.0
399,12.0,8.0,24.0,11.0,30.0,2.0,20.0,4.0,26.0
400,9.0,6.0,23.0,15.0,14.0,4.0,29.0,5.0,15.0
401,11.0,6.0,24.0,5.0,30.0,6.0,29.0,5.0,18.0
402,7.0,5.0,21.0,12.0,30.0,3.0,33.0,5.0,13.0
403,8.0,5.0,15.0,9.0,28.0,3.0,23.0,9.0,19.0
404,8.0,8.0,27.0,6.0,25.0,3.0,17.0,7.0,6.0
405,5.0,10.0,27.0,10.0,21.0,4.0,24.0,8.0,13.0
406,13.0,6.0,27.0,9.0,18.0,4.0,22.0,10.0,12.0
407,8.0,7.0,14.0,5.0,24.0,4.0,16.0,4.0,19.0
408,10.0,7.0,16.0,10.0,18.0,3.0,32.0,6.0,18.0
409,8.0,10.0,18.0,14.0,21.0,3.0,23.0,5.0,18.0
410,16.0,7.0,25.0,9.0,26.0,5.0,31.0,4.0,18.0
411,8.0,7.0,21.0,16.0,17.0,4.0,28.0,9.0,12.0
412,14.0,7.0,20.0,9.0,12.0,3.0,25.0,6.0,19.0
413,9.0,8.0,22.0,9.0,23.0,4.0,30.0,1.0,12.0
414,6.0,4.0,11.0,11.0,19.0,7.0,28.0,5.0,14.0
415,14.0,5.0,15.0,8.0,24.0,4.0,25.0,7.0,24.0
416,11.0,11.0,21.0,9.0,30.0,5.0,35.0,5.0,9.0
417,8.0,6.0,23.0,12.0,21.0,3.0,30.0,6.0,19.0
418,9.0,2.0,18.0,7.0,29.0,3.0,29.0,8.0,20.0
419,10.0,7.0,20.0,13.0,16.0,8.0,29.0,7.0,16.0
420,9.0,6.0,23.0,11.0,17.0,5.0,31.0,8.0,13.0
421,6.0,7.0,14.0,5.0,18.0,6.0,23.0,6.0,13.0
422,10.0,4.0,23.0,12.0,23.0,4.0,26.0,5.0,11.0
423,13.0,5.0,20.0,5.0,24.0,7.0,17.0,3.0,12.0
424,5.0,6.0,24.0,8.0,25.0,4.0,20.0,6.0,21.0
425,11.0,5.0,20.0,10.0,17.0,6.0,31.0,7.0,13.0
426,11.0,9.0,31.0,9.0,25.0,4.0,27.0,7.0,17.0
427,8.0,5.0,21.0,10.0,26.0,1.0,24.0,7.0,11.0
428,9.0,9.0,22.0,7.0,24.0,4.0,20.0,8.0,18.0
429,9.0,5.0,24.0,5.0,21.0,3.0,33.0,3.0,16.0
430,11.0,9.0,17.0,7.0,22.0,5.0,26.0,9.0,12.0
431,5.0,6.0,21.0,11.0,21.0,6.0,19.0,4.0,16.0
432,16.0,6.0,24.0,7.0,22.0,6.0,33.0,1.0,11.0
433,11.0,4.0,21.0,12.0,25.0,1.0,28.0,9.0,13.0
434,12.0,5.0,18.0,4.0,16.0,5.0,19.0,6.0,18.0
435,9.0,8.0,26.0,11.0,28.0,3.0,29.0,6.0,14.0
436,9.0,10.0,22.0,8.0,21.0,7.0,20.0,7.0,12.0
437,10.0,4.0,19.0,7.0,23.0,4.0,22.0,8.0,22.0
438,11.0,3.0,26.0,13.0,19.0,6.0,28.0,5.0,19.0
439,7.0,2.0,25.0,6.0,27.0,3.0,26.0,4.0,14.0
440,16.0,6.0,19.0,7.0,19.0,5.0,27.0,6.0,18.0
441,6.0,8.0,22.0,7.0,20.0,2.0,31.0,5.0,18.0
442,14.0,9.0,17.0,4.0,25.0,4.0,24.0,9.0,18.0
443,6.0,5.0,22.0,7.0,22.0,2.0,26.0,5.0,18.0
444,9.0,7.0,27.0,6.0,20.0,4.0,19.0,3.0,17.0
445,5.0,4.0,16.0,15.0,26.0,6.0,19.0,4.0,16.0
446,14.0,10.0,22.0,9.0,22.0,1.0,29.0,4.0,13.0
447,8.0,3.0,24.0,8.0,20.0,6.0,25.0,5.0,16.0
448,8.0,4.0,11.0,7.0,22.0,6.0,26.0,9.0,14.0
449,10.0,6.0,28.0,8.0,25.0,3.0,24.0,7.0,21.0
450,14.0,4.0,15.0,5.0,16.0,8.0,36.0,7.0,16.0
451,8.0,4.0,16.0,6.0,16.0,6.0,22.0,7.0,16.0
452,8.0,6.0,23.0,6.0,21.0,4.0,17.0,4.0,11.0
453,15.0,9.0,18.0,6.0,15.0,5.0,20.0,4.0,18.0
454,13.0,7.0,20.0,13.0,22.0,7.0,25.0,2.0,22.0
455,12.0,7.0,22.0,5.0,29.0,5.0,27.0,3.0,7.0
456,11.0,3.0,21.0,10.0,20.0,3.0,19.0,5.0,9.0
457,10.0,12.0,27.0,4.0,25.0,4.0,22.0,7.0,17.0
458,13.0,3.0,24.0,7.0,21.0,4.0,19.0,10.0,23.0
459,17.0,3.0,18.0,9.0,25.0,4.0,18.0,9.0,12.0
460,6.0,7.0,22.0,12.0,20.0,6.0,24.0,7.0,18.0
461,8.0,5.0,28.0,8.0,27.0,3.0,23.0,7.0,14.0
462,14.0,6.0,19.0,1.0,22.0,4.0,24.0,5.0,11.0
463,9.0,5.0,16.0,10.0,14.0,9.0,18.0,3.0,16.0
464,7.0,5.0,17.0,10.0,21.0,3.0,30.0,7.0,17.0
465,9.0,9.0,26.0,10.0,25.0,2.0,18.0,7.0,21.0
466,8.0,6.0,20.0,6.0,25.0,5.0,31.0,9.0,12.0
467,6.0,9.0,23.0,19.0,25.0,3.0,19.0,6.0,8.0
468,4.0,4.0,18.0,9.0,16.0,2.0,21.0,10.0,13.0
469,11.0,4.0,17.0,11.0,33.0,0.0,24.0,11.0,12.0
470,8.0,4.0,20.0,5.0,23.0,7.0,31.0,9.0,15.0
471,8.0,5.0,22.0,9.0,24.0,6.0,16.0,3.0,15.0
472,13.0,6.0,23.0,9.0,25.0,2.0,19.0,8.0,10.0
473,10.0,6.0,13.0,10.0,22.0,2.0,26.0,3.0,10.0
474,4.0,7.0,16.0,9.0,20.0,4.0,18.0,3.0,12.0
475,10.0,5.0,33.0,16.0,26.0,1.0,29.0,5.0,12.0
476,9.0,7.0,29.0,9.0,20.0,6.0,23.0,9.0,19.0
477,4.0,3.0,23.0,4.0,12.0,4.0,18.0,6.0,14.0
478,5.0,5.0,19.0,9.0,24.0,2.0,30.0,5.0,14.0
479,3.0,7.0,15.0,7.0,11.0,6.0,23.0,5.0,19.0
480,18.0,3.0,20.0,11.0,19.0,3.0,27.0,2.0,14.0
481,6.0,6.0,24.0,5.0,20.0,3.0,22.0,2.0,12.0
482,13.0,9.0,22.0,6.0,21.0,5.0,20.0,6.0,10.0
483,11.0,1.0,25.0,7.0,20.0,5.0,18.0,9.0,7.0
484,9.0,11.0,23.0,5.0,31.0,4.0,14.0,1.0,15.0
485,10.0,6.0,15.0,6.0,18.0,3.0,18.0,1.0,12.0
486,9.0,2.0,14.0,7.0,22.0,2.0,20.0,5.0,6.0
487,12.0,6.0,12.0,6.0,15.0,3.0,17.0,2.0,21.0
488,9.0,5.0,22.0,11.0,22.0,2.0,16.0,2.0,11.0
489,9.0,4.0,23.0,4.0,18.0,2.0,19.0,1.0,10.0
490,9.0,9.0,16.0,4.0,25.0,2.0,22.0,4.0,15.0
491,14.0,5.0,16.0,6.0,15.0,0.0,36.0,7.0,14.0
492,6.0,8.0,17.0,5.0,20.0,1.0,19.0,2.0,18.0
493,13.0,7.0,10.0,8.0,18.0,2.0,16.0,5.0,14.0
494,10.0,4.0,26.0,8.0,16.0,5.0,32.0,8.0,15.0
495,13.0,2.0,19.0,7.0,10.0,4.0,37.0,6.0,20.0
496,10.0,5.0,16.0,3.0,15.0,11.0,22.0,5.0,12.0
497,13.0,2.0,18.0,9.0,14.0,8.0,20.0,6.0,13.0
498,8.0,3.0,27.0,8.0,16.0,5.0,20.0,11.0,13.0
499,11.0,6.0,23.0,9.0,27.0,5.0,31.0,5.0,11.0
500,8.0,7.0,21.0,9.0,18.0,4.0,22.0,7.0,15.0
501,10.0,10.0,18.0,9.0,22.0,7.0,25.0,3.0,13.0
502,16.0,9.0,24.0,7.0,25.0,8.0,26.0,6.0,17.0
503,10.0,6.0,25.0,6.0,33.0,4.0,19.0,5.0,11.0
504,12.0,7.0,12.0,5.0,18.0,3.0,20.0,2.0,12.0
505,8.0,7.0,27.0,7.0,31.0,8.0,16.0,6.0,14.0
506,8.0,13.0,20.0,6.0,16.0,4.0,12.0,4.0,14.0
507,6.0,5.0,20.0,7.0,22.0,6.0,29.0,6.0,11.0
508,10.0,4.0,17.0,8.0,22.0,6.0,19.0,1.0,12.0
509,13.0,3.0,23.0,6.0,20.0,8.0,25.0,3.0,13.0
510,3.0,5.0,19.0,4.0,18.0,1.0,35.0,8.0,13.0
511,6.0,2.0,12.0,10.0,25.0,6.0,41.0,3.0,10.0
512,11.0,9.0,19.0,7.0,19.0,5.0,46.0,3.0,6.0
513,10.0,6.0,20.0,12.0,24.0,3.0,57.0,3.0,12.0
514,4.0,4.0,28.0,6.0,26.0,6.0,40.0,3.0,12.0
515,12.0,8.0,25.0,12.0,18.0,5.0,41.0,6.0,14.0
516,8.0,7.0,17.0,2.0,22.0,3.0,45.0,3.0,12.0
517,6.0,11.0,17.0,13.0,26.0,6.0,28.0,5.0,13.0
518,6.0,7.0,21.0,3.0,16.0,3.0,33.0,6.0,10.0
519,18.0,4.0,8.0,9.0,17.0,5.0,28.0,7.0,18.0
520,6.0,4.0,18.0,9.0,21.0,3.0,25.0,5.0,13.0
521,15.0,7.0,28.0,6.0,29.0,3.0,33.0,4.0,12.0
522,5.0,9.0,14.0,4.0,25.0,5.0,28.0,5.0,18.0
523,5.0,6.0,14.0,6.0,23.0,3.0,29.0,5.0,9.0
524,10.0,4.0,27.0,7.0,24.0,5.0,34.0,6.0,7.0
525,9.0,4.0,27.0,10.0,25.0,8.0,33.0,7.0,12.0
526,8.0,4.0,17.0,7.0,20.0,6.0,32.0,4.0,13.0
527,4.0,5.0,27.0,11.0,18.0,5.0,32.0,7.0,9.0
528,10.0,6.0,20.0,4.0,27.0,1.0,27.0,4.0,14.0
529,15.0,4.0,25.0,10.0,26.0,7.0,29.0,4.0,13.0
530,9.0,6.0,24.0,6.0,25.0,6.0,35.0,5.0,17.0
531,5.0,4.0,12.0,7.0,22.0,6.0,15.0,3.0,17.0
532,7.0,1.0,25.0,4.0,28.0,2.0,25.0,6.0,11.0
533,9.0,4.0,26.0,8.0,22.0,6.0,15.0,4.0,17.0
534,7.0,5.0,17.0,7.0,18.0,2.0,23.0,2.0,11.0
535,15.0,4.0,19.0,12.0,17.0,3.0,15.0,4.0,14.0
536,14.0,4.0,17.0,5.0,22.0,1.0,22.0,4.0,16.0
537,9.0,8.0,26.0,5.0,17.0,0.0,23.0,6.0,11.0
538,7.0,4.0,15.0,6.0,24.0,5.0,23.0,6.0,13.0
539,8.0,5.0,24.0,8.0,26.0,4.0,32.0,4.0,9.0
540,16.0,1.0,18.0,3.0,14.0,6.0,28.0,2.0,18.0
541,9.0,3.0,15.0,6.0,23.0,6.0,33.0,6.0,8.0
542,11.0,7.0,15.0,5.0,19.0,4.0,22.0,5.0,8.0
543,5.0,5.0,15.0,3.0,30.0,3.0,23.0,4.0,15.0
544,6.0,4.0,17.0,4.0,14.0,1.0,19.0,5.0,10.0
545,7.0,4.0,16.0,6.0,20.0,1.0,27.0,4.0,15.0
546,7.0,10.0,20.0,6.0,23.0,5.0,26.0,8.0,19.0
547,8.0,4.0,26.0,7.0,24.0,3.0,20.0,6.0,12.0
548,2.0,2.0,26.0,8.0,24.0,3.0,14.0,2.0,11.0
549,13.0,5.0,22.0,8.0,27.0,0.0,21.0,4.0,5.0
550,9.0,8.0,20.0,8.0,24.0,3.0,18.0,3.0,12.0
551,7.0,6.0,19.0,7.0,30.0,2.0,20.0,3.0,9.0
552,7.0,5.0,29.0,3.0,23.0,3.0,22.0,2.0,14.0
553,8.0,5.0,17.0,12.0,14.0,7.0,27.0,5.0,10.0
554,5.0,4.0,21.0,6.0,21.0,3.0,29.0,4.0,11.0
555,12.0,2.0,21.0,11.0,22.0,3.0,23.0,3.0,9.0
556,6.0,4.0,18.0,6.0,25.0,3.0,17.0,6.0,13.0
557,6.0,6.0,14.0,4.0,21.0,1.0,30.0,10.0,10.0
558,13.0,11.0,18.0,6.0,20.0,4.0,21.0,8.0,3.0
559,8.0,6.0,20.0,3.0,20.0,4.0,27.0,6.0,10.0
560,9.0,2.0,18.0,11.0,23.0,4.0,33.0,5.0,8.0
561,8.0,4.0,11.0,3.0,23.0,3.0,28.0,3.0,8.0
562,7.0,1.0,24.0,11.0,11.0,3.0,14.0,3.0,8.0
563,8.0,3.0,17.0,2.0,21.0,5.0,23.0,5.0,12.0
564,3.0,2.0,28.0,9.0,29.0,5.0,24.0,4.0,15.0
565,5.0,7.0,23.0,11.0,20.0,3.0,17.0,5.0,12.0
566,6.0,6.0,12.0,11.0,26.0,4.0,24.0,5.0,10.0
567,5.0,4.0,22.0,7.0,20.0,4.0,28.0,5.0,8.0
568,8.0,5.0,20.0,3.0,28.0,3.0,14.0,1.0,12.0
569,9.0,4.0,24.0,8.0,11.0,5.0,19.0,4.0,9.0
570,6.0,8.0,27.0,6.0,22.0,4.0,27.0,3.0,14.0
571,5.0,5.0,11.0,11.0,25.0,1.0,28.0,3.0,14.0
572,7.0,5.0,15.0,2.0,25.0,5.0,30.0,4.0,11.0
573,4.0,5.0,15.0,5.0,23.0,5.0,29.0,4.0,16.0
574,5.0,4.0,18.0,9.0,13.0,4.0,20.0,4.0,13.0
575,9.0,3.0,26.0,5.0,23.0,5.0,23.0,7.0,8.0
576,7.0,2.0,23.0,5.0,20.0,1.0,23.0,3.0,14.0
577,9.0,4.0,18.0,8.0,18.0,1.0,20.0,4.0,15.0
578,6.0,4.0,23.0,6.0,19.0,3.0,31.0,5.0,8.0
579,7.0,6.0,19.0,7.0,25.0,6.0,21.0,5.0,12.0
580,6.0,2.0,24.0,3.0,13.0,3.0,25.0,3.0,9.0
581,9.0,3.0,25.0,10.0,20.0,3.0,21.0,5.0,13.0
582,8.0,2.0,17.0,2.0,20.0,3.0,28.0,6.0,14.0
583,7.0,9.0,21.0,8.0,28.0,1.0,25.0,5.0,12.0
584,6.0,1.0,21.0,3.0,22.0,2.0,24.0,7.0,13.0
585,11.0,2.0,23.0,10.0,15.0,1.0,28.0,10.0,8.0
586,5.0,3.0,17.0,10.0,19.0,8.0,22.0,9.0,15.0
587,9.0,4.0,24.0,6.0,14.0,7.0,31.0,4.0,8.0
588,10.0,7.0,29.0,7.0,32.0,4.0,22.0,5.0,8.0
589,10.0,1.0,27.0,9.0,20.0,4.0,32.0,8.0,16.0
590,7.0,3.0,12.0,9.0,25.0,9.0,30.0,4.0,13.0
591,5.0,3.0,20.0,7.0,23.0,4.0,33.0,10.0,13.0
592,7.0,1.0,19.0,2.0,19.0,4.0,23.0,6.0,9.0
593,12.0,4.0,25.0,7.0,28.0,8.0,25.0,3.0,17.0
594,8.0,3.0,21.0,3.0,29.0,4.0,22.0,5.0,14.0
595,9.0,10.0,17.0,3.0,29.0,3.0,19.0,4.0,13.0
596,9.0,1.0,15.0,10.0,20.0,3.0,25.0,4.0,19.0
597,8.0,5.0,17.0,5.0,26.0,5.0,27.0,3.0,12.0
598,10.0,9.0,15.0,5.0,20.0,4.0,30.0,6.0,15.0
599,16.0,6.0,18.0,5.0,16.0,5.0,24.0,4.0,7.0
600,6.0,4.0,18.0,6.0,15.0,2.0,20.0,5.0,8.0
601,5.0,4.0,25.0,11.0,18.0,4.0,24.0,1.0,12.0
602,4.0,8.0,30.0,7.0,19.0,5.0,24.0,0.0,12.0
603,11.0,5.0,29.0,7.0,17.0,1.0,24.0,3.0,13.0
604,7.0,2.0,23.0,3.0,19.0,5.0,22.0,5.0,19.0
605,6.0,4.0,27.0,4.0,20.0,7.0,19.0,1.0,17.0
606,6.0,3.0,12.0,9.0,16.0,5.0,18.0,5.0,18.0
607,6.0,4.0,23.0,7.0,22.0,4.0,25.0,6.0,10.0
608,7.0,5.0,22.0,5.0,36.0,2.0,24.0,6.0,7.0
609,6.0,5.0,18.0,5.0,20.0,4.0,20.0,6.0,12.0
610,14.0,5.0,18.0,7.0,10.0,1.0,24.0,8.0,9.0
611,6.0,5.0,26.0,13.0,19.0,3.0,24.0,7.0,8.0
612,8.0,4.0,12.0,9.0,21.0,6.0,35.0,4.0,9.0
613,13.0,7.0,15.0,5.0,10.0,2.0,18.0,6.0,8.0
614,6.0,9.0,16.0,8.0,20.0,3.0,25.0,9.0,12.0
615,8.0,3.0,16.0,5.0,17.0,1.0,28.0,2.0,15.0
616,11.0,3.0,17.0,12.0,10.0,4.0,23.0,2.0,12.0
617,6.0,6.0,17.0,4.0,13.0,2.0,26.0,3.0,8.0
618,3.0,7.0,17.0,6.0,23.0,1.0,25.0,8.0,15.0
619,13.0,4.0,17.0,4.0,12.0,4.0,21.0,3.0,6.0
620,6.0,4.0,16.0,8.0,18.0,3.0,23.0,4.0,11.0
621,6.0,6.0,16.0,7.0,23.0,4.0,29.0,6.0,11.0
622,7.0,2.0,20.0,3.0,24.0,6.0,28.0,5.0,5.0
623,11.0,6.0,17.0,2.0,22.0,6.0,25.0,6.0,9.0
624,6.0,9.0,17.0,10.0,17.0,6.0,24.0,9.0,7.0
625,5.0,5.0,19.0,4.0,19.0,1.0,19.0,11.0,10.0
626,1.0,4.0,23.0,5.0,18.0,6.0,23.0,14.0,4.0
627,13.0,4.0,20.0,8.0,24.0,4.0,21.0,6.0,12.0
628,8.0,3.0,25.0,5.0,24.0,5.0,15.0,10.0,9.0
629,8.0,1.0,35.0,9.0,14.0,6.0,18.0,8.0,11.0
630,6.0,7.0,20.0,9.0,25.0,7.0,23.0,3.0,14.0
631,4.0,4.0,15.0,5.0,16.0,4.0,16.0,9.0,8.0
632,9.0,5.0,17.0,14.0,16.0,1.0,23.0,4.0,13.0
633,9.0,6.0,21.0,7.0,19.0,3.0,21.0,5.0,5.0
634,8.0,5.0,16.0,7.0,14.0,3.0,31.0,6.0,16.0
635,6.0,3.0,26.0,2.0,17.0,5.0,24.0,5.0,14.0
636,6.0,2.0,16.0,3.0,24.0,2.0,18.0,6.0,11.0
637,13.0,6.0,18.0,13.0,12.0,2.0,23.0,3.0,8.0
638,11.0,10.0,21.0,5.0,15.0,3.0,18.0,4.0,6.0
639,7.0,3.0,16.0,12.0,22.0,7.0,23.0,4.0,11.0
640,9.0,6.0,27.0,8.0,12.0,3.0,25.0,2.0,7.0
641,6.0,7.0,19.0,7.0,14.0,0.0,23.0,3.0,11.0
642,9.0,5.0,24.0,7.0,21.0,5.0,25.0,4.0,9.0
643,3.0,5.0,18.0,8.0,9.0,1.0,22.0,7.0,13.0
644,6.0,9.0,16.0,3.0,21.0,3.0,20.0,8.0,15.0
645,3.0,7.0,21.0,7.0,31.0,6.0,23.0,3.0,11.0
646,4.0,8.0,16.0,6.0,14.0,6.0,20.0,9.0,16.0
647,6.0,2.0,16.0,4.0,22.0,3.0,19.0,5.0,13.0
648,7.0,4.0,14.0,4.0,17.0,4.0,22.0,9.0,11.0
649,8.0,3.0,21.0,6.0,19.0,5.0,17.0,4.0,10.0
650,10.0,9.0,15.0,15.0,7.0,3.0,20.0,3.0,11.0
651,5.0,4.0,19.0,8.0,11.0,3.0,24.0,3.0,13.0
652,8.0,4.0,22.0,8.0,19.0,4.0,25.0,2.0,15.0
653,8.0,4.0,17.0,6.0,21.0,5.0,30.0,2.0,8.0
654,8.0,7.0,21.0,8.0,20.0,4.0,20.0,2.0,12.0
655,5.0,6.0,10.0,6.0,18.0,2.0,34.0,1.0,8.0
656,7.0,1.0,15.0,3.0,26.0,5.0,26.0,6.0,10.0
657,9.0,6.0,23.0,8.0,13.0,3.0,18.0,7.0,13.0
658,7.0,3.0,14.0,5.0,23.0,1.0,20.0,4.0,5.0
659,8.0,7.0,23.0,5.0,19.0,1.0,29.0,4.0,12.0
660,7.0,7.0,14.0,4.0,23.0,2.0,27.0,5.0,16.0
661,8.0,3.0,13.0,10.0,21.0,2.0,26.0,4.0,10.0
662,10.0,3.0,21.0,10.0,12.0,5.0,23.0,4.0,18.0
663,6.0,9.0,23.0,1.0,18.0,7.0,23.0,3.0,14.0
664,5.0,4.0,26.0,8.0,20.0,7.0,21.0,3.0,14.0
665,10.0,1.0,27.0,5.0,21.0,1.0,28.0,2.0,6.0
666,15.0,3.0,19.0,6.0,22.0,1.0,32.0,6.0,13.0
667,9.0,3.0,12.0,6.0,21.0,3.0,24.0,9.0,7.0
668,9.0,9.0,16.0,6.0,25.0,3.0,20.0,5.0,17.0
669,3.0,2.0,19.0,7.0,15.0,6.0,30.0,8.0,13.0
670,12.0,6.0,27.0,6.0,18.0,4.0,26.0,3.0,18.0
671,14.0,3.0,23.0,6.0,23.0,0.0,22.0,8.0,21.0
672,8.0,11.0,19.0,5.0,18.0,2.0,19.0,2.0,17.0
673,9.0,9.0,13.0,4.0,20.0,5.0,26.0,2.0,11.0
674,13.0,6.0,20.0,3.0,20.0,2.0,23.0,3.0,13.0
675,6.0,7.0,18.0,4.0,18.0,3.0,24.0,3.0,15.0
676,5.0,6.0,18.0,8.0,30.0,3.0,20.0,6.0,17.0
677,9.0,3.0,11.0,4.0,23.0,1.0,26.0,7.0,10.0
678,8.0,5.0,17.0,6.0,22.0,5.0,25.0,4.0,16.0
679,4.0,5.0,28.0,7.0,20.0,7.0,30.0,12.0,12.0
680,6.0,7.0,22.0,7.0,21.0,3.0,40.0,1.0,18.0
681,6.0,5.0,21.0,7.0,18.0,4.0,25.0,2.0,15.0
682,7.0,5.0,18.0,6.0,28.0,5.0,25.0,5.0,6.0
683,9.0,1.0,26.0,6.0,27.0,6.0,23.0,4.0,9.0
684,12.0,4.0,19.0,12.0,20.0,5.0,23.0,4.0,13.0
685,5.0,3.0,21.0,7.0,21.0,2.0,27.0,8.0,11.0
686,8.0,5.0,19.0,4.0,23.0,5.0,25.0,6.0,9.0
687,7.0,5.0,16.0,13.0,20.0,6.0,21.0,5.0,13.0
688,9.0,7.0,24.0,6.0,20.0,2.0,19.0,3.0,14.0
689,10.0,3.0,30.0,5.0,20.0,4.0,31.0,1.0,20.0
690,7.0,10.0,25.0,3.0,17.0,2.0,23.0,5.0,8.0
691,6.0,7.0,15.0,6.0,19.0,4.0,23.0,1.0,10.0
692,5.0,4.0,27.0,5.0,24.0,4.0,23.0,4.0,15.0
693,9.0,7.0,17.0,8.0,18.0,3.0,28.0,2.0,6.0
694,12.0,5.0,25.0,7.0,25.0,4.0,27.0,10.0,17.0
695,11.0,3.0,21.0,10.0,22.0,5.0,24.0,7.0,15.0
696,11.0,5.0,23.0,11.0,20.0,3.0,25.0,9.0,15.0
697,8.0,4.0,20.0,5.0,23.0,5.0,21.0,6.0,14.0
698,4.0,5.0,19.0,7.0,16.0,3.0,24.0,4.0,16.0
699,7.0,9.0,23.0,4.0,22.0,1.0,33.0,10.0,17.0
700,6.0,5.0,16.0,10.0,16.0,4.0,14.0,7.0,15.0
701,13.0,7.0,19.0,6.0,18.0,4.0,32.0,4.0,6.0
702,4.0,3.0,18.0,4.0,24.0,3.0,24.0,4.0,13.0
703,6.0,2.0,20.0,7.0,15.0,4.0,21.0,8.0,16.0
704,8.0,1.0,19.0,3.0,23.0,6.0,26.0,5.0,7.0
705,9.0,4.0,19.0,6.0,15.0,4.0,23.0,1.0,12.0
706,8.0,6.0,20.0,8.0,18.0,2.0,24.0,1.0,11.0
707,7.0,5.0,16.0,3.0,8.0,5.0,17.0,2.0,14.0
708,7.0,5.0,14.0,8.0,31.0,2.0,20.0,7.0,17.0
709,6.0,2.0,20.0,12.0,13.0,8.0,29.0,9.0,8.0
710,10.0,3.0,24.0,17.0,21.0,5.0,28.0,3.0,12.0
711,8.0,6.0,23.0,10.0,26.0,2.0,23.0,3.0,12.0
712,6.0,6.0,12.0,6.0,19.0,3.0,20.0,5.0,15.0
713,14.0,6.0,20.0,5.0,27.0,2.0,23.0,3.0,17.0
714,13.0,7.0,23.0,8.0,16.0,3.0,17.0,6.0,8.0
715,8.0,3.0,24.0,9.0,20.0,6.0,17.0,6.0,10.0
716,5.0,3.0,10.0,5.0,18.0,3.0,25.0,4.0,9.0
717,10.0,3.0,17.0,6.0,13.0,3.0,25.0,5.0,22.0
718,8.0,11.0,30.0,8.0,15.0,6.0,24.0,5.0,10.0
719,6.0,6.0,23.0,11.0,20.0,1.0,29.0,1.0,8.0
720,8.0,8.0,19.0,7.0,18.0,6.0,16.0,4.0,6.0
721,10.0,8.0,15.0,11.0,22.0,6.0,16.0,6.0,12.0
722,5.0,6.0,14.0,6.0,16.0,3.0,27.0,6.0,13.0
723,4.0,9.0,14.0,9.0,11.0,1.0,22.0,6.0,9.0
724,9.0,8.0,22.0,7.0,21.0,1.0,19.0,4.0,4.0
725,8.0,6.0,19.0,11.0,19.0,1.0,24.0,5.0,10.0
726,4.0,5.0,15.0,7.0,13.0,5.0,21.0,5.0,14.0
727,6.0,4.0,18.0,5.0,18.0,0.0,36.0,4.0,8.0
728,3.0,1.0,28.0,6.0,23.0,2.0,26.0,4.0,14.0
729,10.0,3.0,15.0,9.0,11.0,2.0,21.0,6.0,11.0
730,2.0,6.0,20.0,7.0,11.0,3.0,29.0,1.0,14.0
731,10.0,7.0,20.0,10.0,9.0,1.0,31.0,2.0,13.0
732,5.0,6.0,27.0,1.0,17.0,4.0,27.0,9.0,11.0
733,4.0,4.0,17.0,8.0,20.0,1.0,28.0,5.0,10.0
734,8.0,5.0,26.0,12.0,10.0,6.0,22.0,4.0,12.0
735,12.0,3.0,14.0,7.0,20.0,10.0,19.0,2.0,16.0
736,4.0,7.0,17.0,7.0,14.0,7.0,22.0,6.0,7.0
737,3.0,2.0,19.0,3.0,20.0,2.0,19.0,10.0,19.0
738,2.0,6.0,12.0,9.0,14.0,4.0,21.0,6.0,20.0
739,8.0,4.0,22.0,4.0,13.0,4.0,30.0,6.0,15.0
740,4.0,10.0,18.0,8.0,19.0,5.0,22.0,8.0,20.0
741,6.0,7.0,13.0,5.0,25.0,2.0,25.0,1.0,14.0
742,5.0,5.0,29.0,5.0,17.0,3.0,32.0,5.0,17.0
743,8.0,4.0,17.0,4.0,14.0,4.0,24.0,4.0,11.0
744,10.0,8.0,23.0,9.0,17.0,6.0,22.0,4.0,10.0
745,7.0,4.0,18.0,11.0,18.0,6.0,23.0,5.0,14.0
746,9.0,8.0,14.0,1.0,12.0,7.0,26.0,4.0,9.0
747,12.0,5.0,20.0,12.0,17.0,7.0,19.0,5.0,13.0
748,10.0,8.0,18.0,6.0,21.0,6.0,36.0,2.0,13.0
749,6.0,4.0,21.0,4.0,18.0,4.0,30.0,4.0,13.0
750,7.0,7.0,24.0,6.0,10.0,5.0,27.0,6.0,10.0
751,6.0,3.0,16.0,9.0,18.0,3.0,30.0,10.0,16.0
752,3.0,9.0,22.0,5.0,19.0,6.0,15.0,6.0,14.0
753,7.0,3.0,12.0,6.0,14.0,1.0,25.0,5.0,18.0
754,8.0,6.0,27.0,4.0,14.0,2.0,20.0,6.0,12.0
755,8.0,5.0,14.0,5.0,11.0,0.0,14.0,6.0,11.0
756,10.0,7.0,22.0,8.0,13.0,1.0,26.0,8.0,6.0
757,10.0,3.0,26.0,7.0,27.0,8.0,19.0,2.0,14.0
758,9.0,5.0,21.0,5.0,10.0,5.0,19.0,3.0,10.0
759,7.0,8.0,13.0,7.0,13.0,6.0,23.0,6.0,9.0
760,14.0,3.0,21.0,9.0,16.0,2.0,27.0,12.0,11.0
761,3.0,1.0,21.0,6.0,14.0,6.0,18.0,5.0,14.0
762,12.0,5.0,27.0,5.0,18.0,3.0,26.0,2.0,14.0
763,8.0,5.0,25.0,9.0,16.0,2.0,14.0,4.0,20.0
764,8.0,6.0,16.0,12.0,17.0,2.0,23.0,3.0,9.0
765,10.0,10.0,23.0,2.0,23.0,2.0,17.0,3.0,13.0
766,11.0,5.0,21.0,2.0,16.0,7.0,28.0,4.0,15.0
767,10.0,4.0,19.0,7.0,25.0,4.0,22.0,2.0,7.0
768,7.0,4.0,17.0,6.0,14.0,4.0,22.0,4.0,16.0
769,11.0,7.0,16.0,1.0,20.0,3.0,27.0,13.0,18.0
770,8.0,6.0,25.0,10.0,18.0,4.0,27.0,5.0,9.0
771,6.0,9.0,19.0,8.0,28.0,3.0,27.0,3.0,15.0
772,7.0,3.0,16.0,10.0,16.0,4.0,22.0,7.0,14.0
773,12.0,3.0,19.0,7.0,16.0,3.0,26.0,6.0,15.0
774,8.0,9.0,25.0,3.0,18.0,3.0,23.0,4.0,20.0
775,7.0,5.0,15.0,9.0,20.0,3.0,24.0,4.0,12.0
776,9.0,4.0,19.0,7.0,17.0,3.0,22.0,3.0,17.0
777,8.0,2.0,13.0,3.0,14.0,2.0,28.0,5.0,18.0
778,10.0,7.0,14.0,6.0,15.0,4.0,33.0,9.0,19.0
779,5.0,6.0,22.0,9.0,19.0,2.0,25.0,8.0,10.0
780,4.0,7.0,17.0,9.0,18.0,3.0,17.0,2.0,20.0
781,3.0,3.0,28.0,11.0,18.0,3.0,22.0,8.0,12.0
782,6.0,4.0,16.0,5.0,16.0,2.0,21.0,3.0,11.0
783,7.0,9.0,18.0,8.0,11.0,4.0,22.0,6.0,14.0
784,4.0,7.0,19.0,10.0,17.0,0.0,17.0,6.0,9.0
785,8.0,5.0,20.0,5.0,14.0,3.0,22.0,2.0,13.0
786,8.0,6.0,17.0,9.0,14.0,1.0,21.0,2.0,9.0
787,8.0,3.0,13.0,7.0,14.0,4.0,27.0,6.0,15.0
788,10.0,5.0,18.0,8.0,15.0,5.0,27.0,1.0,10.0
789,4.0,5.0,12.0,4.0,14.0,3.0,18.0,5.0,14.0
790,6.0,3.0,21.0,6.0,14.0,6.0,25.0,6.0,15.0
791,8.0,4.0,15.0,9.0,13.0,3.0,32.0,3.0,16.0
792,7.0,10.0,22.0,7.0,20.0,2.0,26.0,7.0,9.0
793,11.0,3.0,18.0,3.0,14.0,4.0,33.0,3.0,12.0
794,6.0,7.0,20.0,10.0,10.0,2.0,25.0,3.0,19.0
795,9.0,4.0,15.0,12.0,21.0,1.0,30.0,13.0,13.0
796,8.0,2.0,21.0,3.0,19.0,5.0,23.0,5.0,10.0
797,4.0,4.0,12.0,2.0,14.0,3.0,23.0,3.0,14.0
798,6.0,4.0,20.0,5.0,11.0,3.0,22.0,5.0,9.0
799,2.0,5.0,19.0,10.0,18.0,2.0,16.0,7.0,10.0
800,10.0,3.0,14.0,8.0,17.0,5.0,28.0,7.0,8.0
801,9.0,4.0,18.0,12.0,18.0,0.0,27.0,5.0,8.0
802,13.0,6.0,20.0,7.0,18.0,4.0,24.0,2.0,13.0
803,9.0,7.0,20.0,13.0,17.0,2.0,21.0,6.0,15.0
804,6.0,6.0,19.0,11.0,17.0,5.0,27.0,3.0,11.0
805,4.0,3.0,21.0,10.0,19.0,6.0,28.0,4.0,12.0
806,8.0,4.0,22.0,9.0,17.0,2.0,15.0,5.0,12.0
807,11.0,8.0,17.0,7.0,22.0,0.0,14.0,5.0,17.0
808,6.0,4.0,28.0,10.0,18.0,6.0,23.0,4.0,19.0
809,2.0,4.0,16.0,5.0,12.0,5.0,19.0,4.0,10.0
810,5.0,6.0,26.0,6.0,16.0,2.0,28.0,6.0,13.0
811,10.0,2.0,16.0,13.0,20.0,3.0,19.0,4.0,14.0
812,12.0,1.0,23.0,9.0,9.0,1.0,17.0,6.0,19.0
813,8.0,3.0,12.0,2.0,18.0,3.0,33.0,7.0,11.0
814,11.0,4.0,17.0,8.0,17.0,4.0,32.0,7.0,12.0
815,11.0,7.0,18.0,10.0,21.0,1.0,17.0,5.0,15.0
816,15.0,7.0,19.0,9.0,11.0,3.0,32.0,5.0,20.0
817,10.0,6.0,21.0,5.0,15.0,3.0,16.0,2.0,9.0
818,8.0,10.0,25.0,5.0,12.0,2.0,22.0,3.0,12.0
819,6.0,4.0,21.0,8.0,19.0,4.0,27.0,8.0,14.0
820,2.0,7.0,19.0,9.0,17.0,2.0,20.0,7.0,16.0
821,3.0,3.0,17.0,10.0,14.0,2.0,21.0,2.0,20.0
822,8.0,7.0,17.0,13.0,21.0,3.0,27.0,7.0,26.0
823,5.0,3.0,23.0,4.0,18.0,1.0,20.0,4.0,8.0
824,14.0,7.0,23.0,4.0,10.0,5.0,16.0,5.0,20.0
825,8.0,7.0,24.0,10.0,20.0,8.0,17.0,3.0,16.0
826,14.0,5.0,16.0,4.0,19.0,3.0,21.0,2.0,15.0
827,5.0,2.0,18.0,6.0,12.0,1.0,27.0,3.0,11.0
828,6.0,6.0,20.0,5.0,11.0,5.0,21.0,2.0,13.0
829,13.0,5.0,25.0,6.0,6.0,4.0,25.0,3.0,18.0
830,12.0,8.0,20.0,10.0,12.0,2.0,20.0,2.0,15.0
831,11.0,6.0,15.0,7.0,7.0,2.0,21.0,3.0,13.0
832,4.0,6.0,18.0,10.0,15.0,3.0,15.0,7.0,14.0
833,3.0,2.0,20.0,5.0,9.0,4.0,17.0,6.0,11.0
834,12.0,6.0,19.0,5.0,15.0,5.0,34.0,4.0,10.0
835,7.0,5.0,15.0,10.0,21.0,4.0,26.0,4.0,15.0
836,3.0,3.0,17.0,8.0,18.0,2.0,24.0,5.0,16.0
837,7.0,3.0,25.0,8.0,17.0,2.0,23.0,7.0,20.0
838,8.0,5.0,34.0,11.0,15.0,4.0,25.0,3.0,12.0
839,5.0,6.0,28.0,15.0,14.0,3.0,23.0,3.0,11.0
840,8.0,3.0,22.0,9.0,19.0,5.0,26.0,3.0,15.0
841,7.0,5.0,39.0,9.0,17.0,4.0,27.0,3.0,21.0
842,9.0,3.0,21.0,9.0,7.0,5.0,27.0,2.0,16.0
843,6.0,4.0,27.0,9.0,18.0,2.0,18.0,2.0,8.0
844,10.0,8.0,22.0,9.0,24.0,3.0,21.0,5.0,12.0
845,8.0,6.0,16.0,8.0,11.0,4.0,21.0,1.0,15.0
846,4.0,3.0,20.0,6.0,22.0,6.0,28.0,1.0,9.0
847,11.0,6.0,16.0,7.0,15.0,3.0,21.0,8.0,18.0
848,7.0,0.0,13.0,10.0,10.0,2.0,15.0,4.0,10.0
849,8.0,3.0,16.0,4.0,9.0,1.0,29.0,2.0,8.0
850,7.0,3.0,19.0,5.0,20.0,2.0,31.0,8.0,6.0
851,11.0,4.0,26.0,6.0,18.0,8.0,18.0,2.0,19.0
852,6.0,1.0,27.0,8.0,12.0,2.0,24.0,5.0,15.0
853,8.0,5.0,31.0,6.0,12.0,3.0,26.0,4.0,11.0
854,8.0,6.0,30.0,8.0,21.0,4.0,23.0,10.0,13.0
855,8.0,6.0,20.0,10.0,10.0,1.0,21.0,9.0,10.0
856,9.0,6.0,18.0,10.0,20.0,2.0,18.0,9.0,23.0
857,5.0,8.0,21.0,10.0,15.0,3.0,15.0,3.0,15.0
858,7.0,8.0,20.0,10.0,20.0,2.0,17.0,5.0,12.0
859,12.0,4.0,19.0,13.0,12.0,4.0,34.0,3.0,12.0
860,11.0,5.0,21.0,4.0,17.0,2.0,23.0,9.0,13.0
861,7.0,2.0,18.0,10.0,17.0,6.0,36.0,4.0,14.0
862,7.0,3.0,12.0,11.0,16.0,5.0,26.0,6.0,11.0
863,11.0,11.0,16.0,9.0,15.0,1.0,26.0,7.0,10.0
864,5.0,5.0,22.0,4.0,12.0,3.0,29.0,1.0,12.0
865,10.0,8.0,10.0,9.0,11.0,1.0,23.0,2.0,9.0
866,6.0,5.0,12.0,16.0,14.0,7.0,28.0,0.0,9.0
867,6.0,7.0,17.0,9.0,12.0,3.0,21.0,7.0,11.0
868,12.0,6.0,22.0,13.0,16.0,5.0,20.0,6.0,12.0
869,8.0,4.0,23.0,19.0,18.0,7.0,17.0,3.0,12.0
870,10.0,3.0,17.0,18.0,10.0,4.0,25.0,8.0,9.0
871,3.0,4.0,16.0,9.0,16.0,6.0,31.0,4.0,9.0
872,5.0,3.0,17.0,12.0,17.0,7.0,29.0,4.0,9.0
873,7.0,1.0,21.0,15.0,11.0,3.0,23.0,4.0,11.0
874,7.0,6.0,21.0,6.0,12.0,5.0,28.0,5.0,24.0
875,6.0,3.0,13.0,3.0,21.0,2.0,23.0,1.0,18.0
876,8.0,7.0,17.0,7.0,14.0,1.0,20.0,2.0,16.0
877,9.0,10.0,24.0,9.0,17.0,3.0,27.0,4.0,8.0
878,5.0,4.0,15.0,7.0,13.0,3.0,26.0,5.0,18.0
879,11.0,5.0,15.0,11.0,22.0,2.0,19.0,4.0,9.0
880,7.0,5.0,14.0,10.0,13.0,4.0,38.0,6.0,14.0
881,7.0,7.0,19.0,7.0,11.0,1.0,23.0,3.0,15.0
882,9.0,10.0,21.0,6.0,10.0,2.0,23.0,10.0,14.0
883,9.0,5.0,11.0,6.0,11.0,3.0,23.0,9.0,12.0
884,7.0,9.0,17.0,8.0,18.0,5.0,21.0,5.0,11.0
885,12.0,6.0,30.0,10.0,22.0,7.0,16.0,5.0,10.0
886,8.0,5.0,15.0,11.0,11.0,2.0,26.0,3.0,15.0
887,9.0,9.0,10.0,8.0,10.0,3.0,30.0,4.0,17.0
888,12.0,4.0,23.0,9.0,14.0,2.0,23.0,2.0,12.0
889,5.0,6.0,25.0,11.0,20.0,3.0,16.0,6.0,11.0
890,9.0,5.0,14.0,10.0,18.0,3.0,21.0,5.0,13.0
891,9.0,1.0,24.0,10.0,12.0,4.0,21.0,1.0,12.0
892,4.0,6.0,21.0,6.0,20.0,4.0,30.0,3.0,9.0
893,10.0,2.0,14.0,13.0,14.0,2.0,27.0,3.0,15.0
894,7.0,6.0,20.0,4.0,14.0,2.0,27.0,5.0,12.0
895,7.0,3.0,20.0,2.0,11.0,1.0,28.0,3.0,14.0
896,13.0,10.0,18.0,10.0,14.0,1.0,24.0,6.0,17.0
897,8.0,5.0,11.0,11.0,19.0,0.0,18.0,5.0,10.0
898,6.0,11.0,29.0,6.0,15.0,3.0,25.0,2.0,13.0
899,8.0,2.0,22.0,5.0,20.0,2.0,28.0,2.0,16.0
900,8.0,3.0,26.0,8.0,13.0,2.0,18.0,5.0,19.0
901,12.0,6.0,20.0,7.0,11.0,2.0,19.0,3.0,16.0
902,7.0,2.0,23.0,7.0,13.0,3.0,18.0,1.0,13.0
903,6.0,6.0,17.0,11.0,14.0,3.0,31.0,5.0,14.0
904,13.0,6.0,18.0,11.0,11.0,5.0,22.0,3.0,16.0
905,5.0,6.0,21.0,14.0,15.0,11.0,28.0,7.0,18.0
906,5.0,4.0,25.0,4.0,15.0,5.0,30.0,4.0,14.0
907,7.0,4.0,26.0,6.0,16.0,2.0,31.0,5.0,9.0
908,9.0,6.0,24.0,8.0,10.0,7.0,32.0,7.0,21.0
909,9.0,4.0,18.0,13.0,10.0,5.0,24.0,4.0,15.0
910,4.0,3.0,23.0,9.0,13.0,3.0,24.0,6.0,17.0
911,8.0,7.0,24.0,16.0,17.0,2.0,35.0,2.0,25.0
912,8.0,4.0,20.0,13.0,5.0,3.0,27.0,7.0,16.0
913,11.0,6.0,27.0,9.0,13.0,1.0,28.0,5.0,17.0
914,11.0,6.0,24.0,7.0,9.0,2.0,24.0,2.0,19.0
915,9.0,3.0,16.0,5.0,15.0,3.0,28.0,6.0,9.0
916,12.0,6.0,11.0,14.0,13.0,6.0,29.0,7.0,13.0
917,6.0,8.0,16.0,6.0,10.0,2.0,23.0,6.0,15.0
918,5.0,7.0,25.0,9.0,14.0,4.0,28.0,5.0,14.0
919,11.0,6.0,24.0,12.0,10.0,7.0,34.0,6.0,13.0
920,2.0,1.0,25.0,4.0,16.0,2.0,34.0,5.0,16.0
921,7.0,10.0,17.0,12.0,13.0,1.0,20.0,4.0,19.0
922,11.0,5.0,22.0,6.0,10.0,6.0,27.0,3.0,10.0
923,8.0,10.0,23.0,9.0,13.0,5.0,30.0,3.0,12.0
924,12.0,3.0,19.0,13.0,7.0,3.0,25.0,5.0,13.0
925,7.0,6.0,19.0,15.0,12.0,3.0,16.0,2.0,16.0
926,15.0,10.0,23.0,10.0,10.0,6.0,20.0,5.0,13.0
927,10.0,5.0,15.0,8.0,8.0,2.0,23.0,6.0,15.0
928,3.0,4.0,21.0,12.0,17.0,3.0,19.0,1.0,12.0
929,7.0,7.0,19.0,13.0,10.0,4.0,28.0,5.0,10.0
930,9.0,4.0,14.0,7.0,14.0,2.0,27.0,6.0,13.0
931,13.0,5.0,13.0,10.0,14.0,6.0,25.0,3.0,17.0
932,7.0,2.0,29.0,10.0,13.0,5.0,28.0,1.0,19.0
933,10.0,2.0,15.0,8.0,15.0,3.0,24.0,4.0,11.0
934,12.0,2.0,25.0,7.0,14.0,3.0,25.0,1.0,19.0
935,10.0,6.0,22.0,7.0,19.0,6.0,26.0,4.0,13.0
936,10.0,3.0,20.0,13.0,14.0,4.0,22.0,2.0,14.0
937,6.0,7.0,22.0,12.0,17.0,2.0,18.0,4.0,12.0
938,10.0,8.0,20.0,6.0,11.0,5.0,21.0,3.0,18.0
939,11.0,5.0,18.0,19.0,19.0,3.0,22.0,4.0,14.0
940,6.0,6.0,15.0,13.0,15.0,5.0,28.0,5.0,20.0
941,10.0,1.0,15.0,4.0,14.0,6.0,27.0,7.0,13.0
942,6.0,5.0,29.0,10.0,13.0,4.0,20.0,2.0,9.0
943,11.0,7.0,18.0,14.0,21.0,4.0,20.0,3.0,16.0
944,9.0,4.0,29.0,6.0,17.0,6.0,18.0,2.0,10.0
945,5.0,9.0,20.0,6.0,19.0,3.0,20.0,3.0,12.0
946,5.0,3.0,14.0,9.0,12.0,4.0,23.0,6.0,19.0
947,7.0,7.0,21.0,9.0,15.0,3.0,29.0,4.0,16.0
948,6.0,4.0,24.0,5.0,11.0,3.0,22.0,2.0,16.0
949,13.0,4.0,19.0,10.0,14.0,3.0,25.0,5.0,17.0
950,12.0,6.0,25.0,14.0,9.0,1.0,31.0,6.0,18.0
951,6.0,8.0,24.0,11.0,18.0,3.0,26.0,1.0,15.0
952,9.0,3.0,28.0,12.0,10.0,2.0,35.0,6.0,16.0
953,8.0,3.0,23.0,13.0,18.0,7.0,32.0,4.0,18.0
954,7.0,8.0,13.0,7.0,14.0,4.0,19.0,2.0,13.0
955,13.0,8.0,11.0,9.0,11.0,3.0,28.0,2.0,19.0
956,5.0,3.0,22.0,14.0,17.0,3.0,22.0,4.0,19.0
957,11.0,9.0,14.0,8.0,16.0,2.0,17.0,8.0,9.0
958,12.0,3.0,18.0,11.0,9.0,2.0,26.0,0.0,14.0
959,6.0,6.0,18.0,8.0,19.0,4.0,22.0,5.0,13.0
960,15.0,7.0,20.0,12.0,10.0,6.0,20.0,7.0,15.0
961,9.0,2.0,17.0,16.0,9.0,1.0,23.0,4.0,11.0
962,8.0,11.0,21.0,15.0,17.0,4.0,21.0,2.0,13.0
963,5.0,6.0,16.0,12.0,9.0,3.0,19.0,3.0,8.0
964,12.0,9.0,14.0,10.0,21.0,4.0,30.0,5.0,15.0
965,12.0,4.0,18.0,6.0,17.0,3.0,21.0,5.0,13.0
966,6.0,9.0,20.0,9.0,10.0,4.0,23.0,4.0,12.0
967,12.0,4.0,17.0,10.0,12.0,2.0,23.0,4.0,16.0
968,13.0,3.0,18.0,11.0,17.0,6.0,24.0,5.0,9.0
969,18.0,8.0,15.0,14.0,16.0,0.0,23.0,5.0,14.0
970,9.0,12.0,21.0,8.0,11.0,4.0,20.0,6.0,14.0
971,15.0,5.0,16.0,6.0,11.0,7.0,24.0,5.0,15.0
972,10.0,5.0,25.0,9.0,15.0,3.0,30.0,4.0,18.0
973,12.0,3.0,26.0,10.0,12.0,4.0,20.0,6.0,16.0
974,13.0,1.0,15.0,12.0,10.0,1.0,26.0,5.0,11.0
975,13.0,3.0,26.0,15.0,12.0,6.0,20.0,5.0,7.0
976,7.0,4.0,26.0,13.0,16.0,3.0,27.0,4.0,8.0
977,6.0,2.0,11.0,10.0,15.0,3.0,25.0,7.0,11.0
978,13.0,5.0,15.0,7.0,13.0,8.0,21.0,5.0,13.0
979,6.0,8.0,21.0,13.0,29.0,5.0,22.0,8.0,16.0
980,11.0,6.0,20.0,10.0,18.0,0.0,23.0,10.0,12.0
981,13.0,8.0,15.0,16.0,10.0,4.0,28.0,4.0,11.0
982,5.0,1.0,12.0,9.0,22.0,2.0,19.0,3.0,19.0
983,17.0,7.0,23.0,12.0,12.0,5.0,25.0,4.0,19.0
984,10.0,4.0,16.0,6.0,15.0,3.0,18.0,2.0,13.0
985,17.0,6.0,21.0,7.0,17.0,1.0,16.0,7.0,13.0
986,10.0,5.0,20.0,4.0,7.0,2.0,20.0,7.0,12.0
987,11.0,3.0,13.0,5.0,12.0,2.0,28.0,7.0,10.0
988,7.0,3.0,21.0,5.0,14.0,4.0,27.0,3.0,9.0
989,14.0,6.0,26.0,11.0,26.0,4.0,18.0,5.0,17.0
990,11.0,5.0,21.0,6.0,5.0,5.0,27.0,3.0,15.0
991,7.0,10.0,26.0,13.0,17.0,2.0,31.0,5.0,14.0
992,7.0,6.0,19.0,13.0,22.0,3.0,20.0,8.0,10.0
993,13.0,1.0,18.0,7.0,11.0,2.0,23.0,5.0,15.0
994,14.0,4.0,12.0,10.0,15.0,4.0,16.0,9.0,9.0
995,10.0,6.0,21.0,13.0,7.0,4.0,28.0,6.0,14.0
996,8.0,2.0,27.0,12.0,16.0,3.0,22.0,8.0,19.0
997,10.0,10.0,21.0,9.0,8.0,1.0,23.0,8.0,11.0
998,12.0,3.0,25.0,3.0,7.0,7.0,22.0,3.0,15.0
999,13.0,7.0,19.0,5.0,11.0,4.0,20.0,8.0,15.0
