,emojitracker-twitter-smiling_face_with_heart-shaped_eyes,emojitracker-twitter-smiling_face_with_smiling_eyes,emojitracker-twitter-smiling_face_with_open_mouth_and_tightly-closed_eyes,emojitracker-twitter-smiling_face_with_open_mouth_and_smiling_eyes
0,161.0,131.0,44.0,28.0
1,155.0,111.0,69.0,34.0
2,193.0,129.0,41.0,19.0
3,161.0,131.0,43.0,25.0
4,133.0,128.0,39.0,36.0
5,140.0,121.0,46.0,39.0
6,166.0,138.0,47.0,34.0
7,151.0,103.0,48.0,38.0
8,152.0,140.0,49.0,31.0
9,167.0,122.0,53.0,38.0
10,178.0,120.0,37.0,34.0
11,162.0,139.0,55.0,33.0
12,154.0,129.0,44.0,33.0
13,213.0,146.0,61.0,38.0
14,194.0,144.0,41.0,24.0
15,175.0,125.0,65.0,29.0
16,190.0,136.0,46.0,39.0
17,200.0,109.0,52.0,34.0
18,182.0,124.0,42.0,30.0
19,174.0,115.0,53.0,29.0
20,155.0,132.0,48.0,23.0
21,200.0,170.0,55.0,31.0
22,186.0,132.0,36.0,30.0
23,180.0,118.0,46.0,32.0
24,191.0,138.0,54.0,45.0
25,199.0,129.0,56.0,27.0
26,172.0,135.0,40.0,50.0
27,151.0,135.0,58.0,36.0
28,199.0,105.0,52.0,38.0
29,180.0,136.0,66.0,36.0
30,181.0,130.0,63.0,35.0
31,189.0,142.0,38.0,41.0
32,175.0,127.0,47.0,50.0
33,181.0,128.0,49.0,43.0
34,168.0,134.0,61.0,28.0
35,207.0,152.0,59.0,39.0
36,161.0,141.0,56.0,42.0
37,167.0,127.0,36.0,31.0
38,191.0,152.0,48.0,32.0
39,190.0,136.0,51.0,39.0
40,161.0,133.0,53.0,32.0
41,171.0,142.0,53.0,25.0
42,171.0,128.0,49.0,39.0
43,197.0,156.0,58.0,39.0
44,154.0,134.0,55.0,29.0
45,198.0,144.0,61.0,22.0
46,161.0,147.0,57.0,30.0
47,165.0,153.0,64.0,20.0
48,164.0,124.0,48.0,32.0
49,177.0,116.0,52.0,44.0
50,178.0,131.0,48.0,39.0
51,162.0,141.0,70.0,34.0
52,201.0,126.0,54.0,37.0
53,188.0,144.0,49.0,27.0
54,176.0,140.0,49.0,29.0
55,163.0,141.0,53.0,41.0
56,165.0,120.0,53.0,36.0
57,179.0,158.0,53.0,33.0
58,189.0,138.0,52.0,37.0
59,202.0,126.0,48.0,33.0
60,194.0,135.0,34.0,25.0
61,167.0,138.0,59.0,40.0
62,196.0,138.0,50.0,40.0
63,178.0,138.0,49.0,33.0
64,167.0,141.0,62.0,37.0
65,154.0,122.0,52.0,28.0
66,178.0,130.0,54.0,24.0
67,173.0,131.0,33.0,40.0
68,179.0,121.0,53.0,24.0
69,177.0,138.0,42.0,38.0
70,160.0,144.0,55.0,37.0
71,163.0,123.0,43.0,43.0
72,196.0,129.0,56.0,34.0
73,217.0,124.0,52.0,38.0
74,223.0,128.0,39.0,29.0
75,183.0,121.0,66.0,37.0
76,206.0,144.0,47.0,40.0
77,218.0,140.0,45.0,36.0
78,220.0,142.0,66.0,47.0
79,196.0,117.0,39.0,34.0
80,200.0,139.0,41.0,30.0
81,173.0,127.0,47.0,32.0
82,165.0,137.0,38.0,30.0
83,177.0,125.0,40.0,32.0
84,189.0,116.0,48.0,45.0
85,194.0,118.0,51.0,38.0
86,215.0,128.0,45.0,25.0
87,179.0,115.0,48.0,43.0
88,167.0,130.0,60.0,39.0
89,202.0,143.0,52.0,35.0
90,203.0,151.0,51.0,38.0
91,205.0,144.0,56.0,30.0
92,189.0,124.0,53.0,28.0
93,210.0,113.0,50.0,36.0
94,194.0,126.0,53.0,30.0
95,180.0,139.0,63.0,48.0
96,221.0,126.0,51.0,31.0
97,183.0,129.0,57.0,39.0
98,183.0,92.0,58.0,41.0
99,172.0,138.0,42.0,50.0
100,207.0,150.0,61.0,41.0
101,185.0,145.0,47.0,26.0
102,201.0,120.0,50.0,28.0
103,194.0,157.0,56.0,29.0
104,232.0,150.0,45.0,28.0
105,200.0,139.0,53.0,49.0
106,172.0,136.0,46.0,28.0
107,121.0,99.0,38.0,21.0
108,218.0,132.0,47.0,22.0
109,197.0,123.0,54.0,32.0
110,199.0,146.0,54.0,36.0
111,192.0,103.0,42.0,29.0
112,182.0,131.0,51.0,36.0
113,163.0,133.0,56.0,41.0
114,185.0,128.0,52.0,21.0
115,182.0,125.0,68.0,40.0
116,211.0,121.0,51.0,33.0
117,201.0,153.0,46.0,38.0
118,227.0,134.0,39.0,31.0
119,210.0,140.0,55.0,34.0
120,212.0,159.0,50.0,36.0
121,219.0,159.0,51.0,41.0
122,209.0,163.0,55.0,36.0
123,210.0,170.0,50.0,41.0
124,180.0,124.0,44.0,39.0
125,204.0,131.0,48.0,38.0
126,186.0,122.0,50.0,42.0
127,233.0,122.0,51.0,44.0
128,238.0,141.0,46.0,42.0
129,206.0,139.0,49.0,49.0
130,174.0,117.0,49.0,32.0
131,224.0,157.0,53.0,45.0
132,191.0,125.0,43.0,36.0
133,280.0,166.0,68.0,44.0
134,234.0,143.0,52.0,45.0
135,238.0,153.0,50.0,36.0
136,226.0,144.0,75.0,41.0
137,246.0,157.0,63.0,51.0
138,227.0,154.0,59.0,45.0
139,235.0,139.0,59.0,34.0
140,226.0,157.0,65.0,37.0
141,208.0,133.0,48.0,45.0
142,216.0,142.0,69.0,39.0
143,206.0,134.0,58.0,43.0
144,213.0,146.0,59.0,45.0
145,237.0,146.0,62.0,36.0
146,210.0,170.0,59.0,46.0
147,205.0,146.0,63.0,33.0
148,199.0,151.0,46.0,43.0
149,223.0,167.0,65.0,41.0
150,246.0,121.0,61.0,38.0
151,231.0,156.0,67.0,36.0
152,201.0,121.0,63.0,23.0
153,220.0,133.0,70.0,35.0
154,209.0,152.0,73.0,30.0
155,253.0,140.0,56.0,42.0
156,230.0,148.0,61.0,49.0
157,217.0,165.0,58.0,37.0
158,208.0,112.0,55.0,36.0
159,231.0,145.0,63.0,28.0
160,215.0,167.0,69.0,52.0
161,212.0,146.0,64.0,50.0
162,214.0,165.0,89.0,33.0
163,252.0,158.0,63.0,37.0
164,216.0,142.0,73.0,37.0
165,216.0,144.0,58.0,41.0
166,210.0,159.0,59.0,33.0
167,202.0,156.0,58.0,35.0
168,224.0,155.0,72.0,43.0
169,210.0,155.0,53.0,36.0
170,219.0,139.0,53.0,41.0
171,221.0,134.0,58.0,35.0
172,224.0,138.0,50.0,43.0
173,212.0,117.0,68.0,38.0
174,199.0,154.0,64.0,43.0
175,211.0,155.0,76.0,48.0
176,231.0,128.0,57.0,44.0
177,203.0,138.0,51.0,43.0
178,239.0,129.0,67.0,36.0
179,217.0,146.0,61.0,50.0
180,247.0,144.0,65.0,35.0
181,228.0,129.0,62.0,30.0
182,232.0,159.0,57.0,40.0
183,255.0,145.0,65.0,47.0
184,217.0,138.0,64.0,28.0
185,232.0,162.0,66.0,49.0
186,229.0,124.0,57.0,37.0
187,237.0,152.0,51.0,32.0
188,242.0,147.0,70.0,43.0
189,213.0,158.0,65.0,42.0
190,210.0,154.0,52.0,32.0
191,229.0,152.0,51.0,33.0
192,219.0,156.0,51.0,43.0
193,273.0,188.0,71.0,42.0
194,256.0,135.0,60.0,34.0
195,249.0,133.0,57.0,42.0
196,236.0,151.0,49.0,51.0
197,232.0,158.0,62.0,33.0
198,227.0,161.0,60.0,38.0
199,247.0,161.0,60.0,29.0
200,233.0,157.0,62.0,32.0
201,225.0,139.0,67.0,45.0
202,235.0,156.0,63.0,50.0
203,247.0,158.0,70.0,45.0
204,245.0,167.0,59.0,50.0
205,236.0,145.0,62.0,37.0
206,212.0,155.0,71.0,36.0
207,243.0,147.0,71.0,43.0
208,269.0,154.0,50.0,37.0
209,245.0,188.0,48.0,37.0
210,209.0,128.0,78.0,38.0
211,244.0,170.0,62.0,50.0
212,235.0,152.0,74.0,34.0
213,221.0,147.0,64.0,52.0
214,235.0,161.0,80.0,39.0
215,234.0,156.0,74.0,53.0
216,233.0,175.0,77.0,44.0
217,261.0,150.0,75.0,62.0
218,238.0,158.0,83.0,43.0
219,239.0,167.0,70.0,28.0
220,227.0,149.0,94.0,52.0
221,259.0,151.0,70.0,53.0
222,231.0,133.0,81.0,41.0
223,307.0,153.0,62.0,50.0
224,241.0,174.0,75.0,51.0
225,264.0,158.0,59.0,42.0
226,270.0,154.0,70.0,54.0
227,280.0,159.0,61.0,47.0
228,261.0,163.0,62.0,46.0
229,261.0,196.0,57.0,53.0
230,261.0,173.0,73.0,47.0
231,287.0,140.0,73.0,52.0
232,254.0,154.0,58.0,43.0
233,298.0,167.0,69.0,39.0
234,290.0,154.0,79.0,43.0
235,262.0,165.0,70.0,43.0
236,254.0,161.0,66.0,47.0
237,245.0,150.0,59.0,47.0
238,260.0,176.0,88.0,46.0
239,276.0,156.0,72.0,48.0
240,249.0,158.0,58.0,42.0
241,258.0,160.0,76.0,46.0
242,248.0,163.0,66.0,53.0
243,230.0,184.0,85.0,48.0
244,221.0,172.0,71.0,38.0
245,251.0,171.0,65.0,37.0
246,270.0,189.0,89.0,36.0
247,244.0,191.0,65.0,45.0
248,279.0,173.0,72.0,53.0
249,251.0,175.0,69.0,50.0
250,238.0,162.0,62.0,35.0
251,266.0,184.0,69.0,41.0
252,249.0,168.0,79.0,50.0
253,295.0,210.0,75.0,57.0
254,286.0,192.0,66.0,42.0
255,291.0,170.0,66.0,46.0
256,295.0,150.0,60.0,46.0
257,286.0,166.0,63.0,44.0
258,269.0,185.0,63.0,43.0
259,250.0,173.0,77.0,36.0
260,246.0,177.0,68.0,52.0
261,256.0,162.0,87.0,44.0
262,272.0,186.0,76.0,40.0
263,272.0,160.0,77.0,43.0
264,256.0,160.0,72.0,41.0
265,269.0,199.0,88.0,41.0
266,289.0,192.0,66.0,54.0
267,274.0,161.0,83.0,49.0
268,263.0,169.0,70.0,51.0
269,254.0,191.0,81.0,47.0
270,257.0,192.0,94.0,36.0
271,296.0,184.0,71.0,43.0
272,272.0,186.0,75.0,46.0
273,258.0,176.0,67.0,53.0
274,260.0,176.0,82.0,35.0
275,290.0,148.0,78.0,43.0
276,314.0,173.0,81.0,48.0
277,267.0,183.0,71.0,48.0
278,294.0,182.0,63.0,55.0
279,270.0,196.0,60.0,43.0
280,305.0,162.0,80.0,41.0
281,292.0,160.0,64.0,41.0
282,332.0,154.0,79.0,48.0
283,325.0,184.0,82.0,54.0
284,295.0,166.0,70.0,39.0
285,309.0,193.0,83.0,42.0
286,274.0,178.0,86.0,56.0
287,280.0,173.0,74.0,53.0
288,297.0,186.0,66.0,37.0
289,310.0,175.0,88.0,44.0
290,284.0,190.0,80.0,47.0
291,292.0,189.0,76.0,51.0
292,252.0,177.0,80.0,48.0
293,279.0,173.0,80.0,40.0
294,265.0,177.0,78.0,47.0
295,256.0,174.0,84.0,49.0
296,273.0,147.0,73.0,39.0
297,296.0,174.0,93.0,51.0
298,280.0,199.0,72.0,50.0
299,290.0,187.0,81.0,47.0
300,265.0,184.0,68.0,54.0
301,293.0,178.0,79.0,39.0
302,295.0,156.0,82.0,53.0
303,265.0,177.0,60.0,48.0
304,276.0,179.0,81.0,47.0
305,290.0,203.0,93.0,63.0
306,263.0,187.0,68.0,44.0
307,309.0,183.0,75.0,44.0
308,284.0,156.0,70.0,48.0
309,300.0,171.0,78.0,52.0
310,306.0,179.0,92.0,49.0
311,288.0,182.0,54.0,49.0
312,297.0,175.0,81.0,47.0
313,305.0,191.0,88.0,54.0
314,363.0,177.0,82.0,49.0
315,322.0,188.0,86.0,55.0
316,305.0,184.0,78.0,34.0
317,308.0,176.0,70.0,46.0
318,282.0,185.0,81.0,57.0
319,304.0,170.0,82.0,51.0
320,284.0,179.0,80.0,55.0
321,302.0,183.0,79.0,51.0
322,313.0,187.0,75.0,44.0
323,305.0,153.0,102.0,47.0
324,271.0,178.0,84.0,44.0
325,286.0,153.0,73.0,47.0
326,300.0,179.0,90.0,45.0
327,303.0,186.0,90.0,36.0
328,285.0,180.0,73.0,47.0
329,290.0,182.0,76.0,56.0
330,288.0,168.0,67.0,49.0
331,266.0,185.0,64.0,34.0
332,279.0,193.0,73.0,39.0
333,289.0,182.0,105.0,50.0
334,248.0,189.0,62.0,54.0
335,239.0,172.0,87.0,64.0
336,288.0,187.0,67.0,62.0
337,274.0,188.0,71.0,58.0
338,285.0,136.0,72.0,47.0
339,308.0,178.0,70.0,50.0
340,302.0,197.0,89.0,53.0
341,295.0,172.0,65.0,65.0
342,296.0,186.0,86.0,72.0
343,290.0,169.0,86.0,49.0
344,293.0,181.0,66.0,49.0
345,304.0,204.0,63.0,51.0
346,306.0,187.0,70.0,61.0
347,281.0,182.0,95.0,47.0
348,316.0,196.0,74.0,37.0
349,289.0,195.0,96.0,47.0
350,291.0,165.0,71.0,62.0
351,317.0,190.0,97.0,43.0
352,276.0,192.0,76.0,42.0
353,315.0,194.0,63.0,50.0
354,304.0,174.0,66.0,50.0
355,287.0,174.0,75.0,50.0
356,285.0,177.0,82.0,56.0
357,289.0,180.0,82.0,35.0
358,332.0,210.0,69.0,57.0
359,294.0,172.0,89.0,46.0
360,279.0,160.0,86.0,50.0
361,296.0,167.0,77.0,48.0
362,280.0,157.0,93.0,44.0
363,287.0,192.0,75.0,57.0
364,301.0,196.0,87.0,45.0
365,311.0,198.0,65.0,46.0
366,275.0,197.0,77.0,46.0
367,289.0,201.0,106.0,41.0
368,295.0,172.0,91.0,58.0
369,305.0,183.0,62.0,62.0
370,301.0,169.0,82.0,50.0
371,309.0,170.0,75.0,61.0
372,292.0,203.0,80.0,45.0
373,333.0,216.0,217.0,64.0
374,375.0,185.0,132.0,51.0
375,377.0,217.0,83.0,45.0
376,345.0,169.0,97.0,44.0
377,338.0,178.0,98.0,54.0
378,364.0,204.0,83.0,53.0
379,341.0,181.0,70.0,58.0
380,354.0,208.0,76.0,45.0
381,345.0,200.0,65.0,55.0
382,393.0,187.0,74.0,55.0
383,342.0,186.0,76.0,63.0
384,335.0,169.0,70.0,61.0
385,392.0,193.0,84.0,58.0
386,343.0,174.0,70.0,61.0
387,374.0,176.0,84.0,46.0
388,350.0,198.0,77.0,63.0
389,282.0,159.0,74.0,47.0
390,301.0,194.0,76.0,45.0
391,327.0,178.0,71.0,58.0
392,328.0,201.0,66.0,54.0
393,375.0,160.0,73.0,45.0
394,319.0,185.0,76.0,43.0
395,311.0,212.0,75.0,50.0
396,303.0,185.0,76.0,49.0
397,318.0,168.0,63.0,44.0
398,306.0,204.0,85.0,51.0
399,312.0,164.0,84.0,43.0
400,286.0,172.0,76.0,57.0
401,338.0,196.0,67.0,53.0
402,319.0,182.0,75.0,42.0
403,360.0,196.0,69.0,55.0
404,334.0,178.0,74.0,46.0
405,319.0,218.0,74.0,47.0
406,316.0,157.0,62.0,58.0
407,342.0,178.0,77.0,59.0
408,324.0,169.0,66.0,48.0
409,326.0,175.0,58.0,54.0
410,316.0,191.0,70.0,40.0
411,342.0,188.0,74.0,54.0
412,308.0,183.0,70.0,48.0
413,305.0,183.0,53.0,48.0
414,317.0,178.0,73.0,54.0
415,319.0,183.0,76.0,51.0
416,314.0,164.0,56.0,50.0
417,301.0,167.0,62.0,44.0
418,306.0,164.0,82.0,50.0
419,344.0,192.0,71.0,46.0
420,296.0,162.0,78.0,54.0
421,301.0,178.0,86.0,55.0
422,303.0,163.0,77.0,50.0
423,313.0,181.0,73.0,42.0
424,284.0,174.0,64.0,51.0
425,309.0,192.0,70.0,38.0
426,303.0,186.0,77.0,43.0
427,334.0,189.0,59.0,51.0
428,309.0,180.0,73.0,41.0
429,313.0,178.0,69.0,47.0
430,328.0,168.0,65.0,57.0
431,305.0,177.0,65.0,51.0
432,329.0,161.0,66.0,48.0
433,346.0,193.0,62.0,48.0
434,326.0,189.0,56.0,30.0
435,359.0,198.0,70.0,51.0
436,292.0,164.0,68.0,58.0
437,316.0,160.0,59.0,48.0
438,339.0,165.0,50.0,46.0
439,323.0,172.0,65.0,38.0
440,287.0,203.0,75.0,44.0
441,319.0,172.0,48.0,38.0
442,335.0,179.0,62.0,48.0
443,311.0,175.0,66.0,55.0
444,320.0,180.0,69.0,51.0
445,423.0,217.0,89.0,55.0
446,432.0,242.0,65.0,65.0
447,287.0,182.0,76.0,58.0
448,305.0,187.0,77.0,48.0
449,321.0,182.0,88.0,40.0
450,274.0,183.0,58.0,39.0
451,300.0,181.0,79.0,57.0
452,284.0,195.0,66.0,46.0
453,293.0,177.0,70.0,46.0
454,304.0,172.0,54.0,50.0
455,294.0,173.0,74.0,41.0
456,296.0,177.0,72.0,45.0
457,267.0,167.0,71.0,41.0
458,314.0,173.0,74.0,44.0
459,319.0,154.0,52.0,41.0
460,299.0,169.0,51.0,43.0
461,310.0,174.0,59.0,43.0
462,296.0,180.0,73.0,53.0
463,334.0,186.0,69.0,57.0
464,306.0,174.0,58.0,48.0
465,280.0,185.0,80.0,49.0
466,315.0,186.0,75.0,35.0
467,295.0,182.0,66.0,46.0
468,273.0,179.0,66.0,47.0
469,292.0,179.0,73.0,49.0
470,310.0,188.0,50.0,53.0
471,315.0,187.0,52.0,39.0
472,304.0,168.0,63.0,34.0
473,301.0,172.0,70.0,51.0
474,289.0,190.0,67.0,45.0
475,297.0,173.0,46.0,49.0
476,314.0,179.0,74.0,45.0
477,301.0,172.0,86.0,49.0
478,314.0,177.0,73.0,43.0
479,314.0,180.0,63.0,51.0
480,297.0,189.0,57.0,42.0
481,306.0,179.0,67.0,59.0
482,314.0,194.0,73.0,43.0
483,325.0,212.0,63.0,52.0
484,353.0,201.0,56.0,47.0
485,298.0,181.0,59.0,46.0
486,317.0,198.0,57.0,49.0
487,319.0,184.0,72.0,61.0
488,306.0,188.0,59.0,54.0
489,292.0,178.0,68.0,47.0
490,314.0,215.0,70.0,62.0
491,313.0,187.0,65.0,51.0
492,309.0,198.0,62.0,49.0
493,382.0,177.0,70.0,65.0
494,355.0,164.0,64.0,38.0
495,346.0,178.0,55.0,41.0
496,359.0,159.0,50.0,43.0
497,346.0,178.0,63.0,43.0
498,300.0,183.0,74.0,45.0
499,333.0,169.0,54.0,48.0
500,280.0,190.0,62.0,46.0
501,287.0,156.0,60.0,45.0
502,279.0,182.0,70.0,66.0
503,310.0,166.0,56.0,58.0
504,309.0,174.0,52.0,59.0
505,305.0,158.0,72.0,56.0
506,277.0,171.0,77.0,48.0
507,326.0,182.0,76.0,68.0
508,339.0,168.0,55.0,41.0
509,275.0,144.0,62.0,52.0
510,281.0,176.0,73.0,70.0
511,329.0,190.0,62.0,56.0
512,329.0,171.0,67.0,45.0
513,300.0,156.0,68.0,35.0
514,267.0,159.0,65.0,54.0
515,302.0,165.0,61.0,48.0
516,275.0,166.0,68.0,64.0
517,294.0,165.0,53.0,50.0
518,264.0,175.0,66.0,59.0
519,309.0,189.0,71.0,51.0
520,299.0,182.0,57.0,50.0
521,303.0,173.0,62.0,54.0
522,327.0,169.0,65.0,58.0
523,333.0,186.0,57.0,56.0
524,310.0,157.0,53.0,76.0
525,290.0,169.0,62.0,58.0
526,301.0,186.0,59.0,62.0
527,269.0,166.0,60.0,62.0
528,260.0,177.0,63.0,73.0
529,250.0,158.0,63.0,56.0
530,302.0,166.0,61.0,63.0
531,289.0,168.0,65.0,60.0
532,300.0,197.0,54.0,64.0
533,290.0,181.0,71.0,63.0
534,272.0,165.0,61.0,61.0
535,286.0,187.0,55.0,56.0
536,317.0,193.0,73.0,66.0
537,277.0,171.0,67.0,49.0
538,312.0,187.0,49.0,58.0
539,298.0,185.0,71.0,62.0
540,299.0,188.0,79.0,57.0
541,318.0,169.0,67.0,52.0
542,287.0,187.0,63.0,66.0
543,305.0,157.0,59.0,53.0
544,313.0,163.0,64.0,54.0
545,298.0,168.0,62.0,55.0
546,282.0,183.0,61.0,71.0
547,284.0,154.0,47.0,52.0
548,309.0,176.0,56.0,57.0
549,303.0,166.0,74.0,63.0
550,288.0,166.0,55.0,72.0
551,300.0,162.0,58.0,50.0
552,311.0,150.0,75.0,54.0
553,322.0,174.0,47.0,56.0
554,329.0,162.0,56.0,55.0
555,323.0,165.0,54.0,61.0
556,289.0,205.0,56.0,56.0
557,308.0,172.0,71.0,76.0
558,348.0,159.0,46.0,57.0
559,301.0,180.0,72.0,57.0
560,295.0,167.0,62.0,49.0
561,284.0,169.0,51.0,58.0
562,308.0,136.0,48.0,62.0
563,291.0,163.0,56.0,54.0
564,324.0,136.0,51.0,70.0
565,319.0,175.0,70.0,44.0
566,303.0,178.0,65.0,72.0
567,316.0,171.0,56.0,59.0
568,308.0,166.0,59.0,60.0
569,302.0,167.0,71.0,53.0
570,312.0,169.0,61.0,55.0
571,282.0,145.0,50.0,55.0
572,298.0,170.0,59.0,63.0
573,296.0,176.0,64.0,60.0
574,262.0,164.0,63.0,56.0
575,300.0,184.0,62.0,41.0
576,319.0,173.0,74.0,71.0
577,281.0,192.0,62.0,51.0
578,303.0,188.0,65.0,45.0
579,254.0,182.0,63.0,44.0
580,297.0,151.0,63.0,46.0
581,301.0,191.0,60.0,52.0
582,290.0,162.0,56.0,61.0
583,322.0,149.0,45.0,51.0
584,284.0,154.0,64.0,62.0
585,297.0,170.0,44.0,62.0
586,295.0,210.0,47.0,55.0
587,244.0,176.0,69.0,62.0
588,300.0,167.0,57.0,56.0
589,263.0,144.0,62.0,46.0
590,264.0,141.0,58.0,51.0
591,277.0,168.0,68.0,45.0
592,262.0,157.0,63.0,64.0
593,292.0,194.0,55.0,52.0
594,281.0,181.0,61.0,48.0
595,286.0,164.0,52.0,61.0
596,298.0,172.0,70.0,54.0
597,275.0,142.0,58.0,54.0
598,271.0,161.0,50.0,59.0
599,290.0,166.0,59.0,53.0
600,255.0,145.0,50.0,38.0
601,289.0,165.0,54.0,48.0
602,287.0,172.0,58.0,60.0
603,305.0,149.0,51.0,49.0
604,304.0,155.0,49.0,61.0
605,285.0,155.0,65.0,64.0
606,262.0,166.0,60.0,51.0
607,285.0,154.0,55.0,53.0
608,284.0,161.0,56.0,52.0
609,305.0,168.0,58.0,44.0
610,308.0,146.0,58.0,51.0
611,313.0,185.0,59.0,42.0
612,308.0,141.0,69.0,68.0
613,338.0,199.0,58.0,68.0
614,296.0,188.0,73.0,61.0
615,330.0,166.0,64.0,50.0
616,290.0,172.0,74.0,59.0
617,280.0,155.0,59.0,47.0
618,277.0,182.0,45.0,54.0
619,328.0,185.0,60.0,54.0
620,279.0,169.0,60.0,45.0
621,268.0,178.0,63.0,48.0
622,289.0,148.0,56.0,62.0
623,281.0,165.0,59.0,44.0
624,292.0,186.0,67.0,52.0
625,270.0,167.0,57.0,54.0
626,277.0,141.0,57.0,44.0
627,253.0,145.0,48.0,37.0
628,296.0,166.0,63.0,53.0
629,254.0,150.0,50.0,48.0
630,267.0,165.0,61.0,45.0
631,286.0,164.0,60.0,63.0
632,271.0,155.0,51.0,54.0
633,284.0,154.0,62.0,49.0
634,264.0,151.0,52.0,56.0
635,269.0,157.0,48.0,49.0
636,268.0,159.0,52.0,56.0
637,281.0,153.0,55.0,50.0
638,274.0,157.0,55.0,54.0
639,286.0,157.0,57.0,59.0
640,301.0,151.0,50.0,57.0
641,255.0,154.0,54.0,63.0
642,287.0,153.0,51.0,59.0
643,295.0,156.0,53.0,60.0
644,263.0,144.0,55.0,49.0
645,291.0,175.0,54.0,48.0
646,275.0,168.0,57.0,59.0
647,283.0,156.0,59.0,53.0
648,253.0,151.0,50.0,64.0
649,304.0,179.0,68.0,52.0
650,287.0,146.0,48.0,52.0
651,261.0,177.0,56.0,52.0
652,314.0,153.0,58.0,57.0
653,263.0,156.0,58.0,42.0
654,279.0,159.0,55.0,62.0
655,287.0,160.0,61.0,47.0
656,263.0,159.0,62.0,38.0
657,307.0,155.0,48.0,51.0
658,269.0,164.0,50.0,53.0
659,307.0,146.0,49.0,63.0
660,307.0,142.0,51.0,44.0
661,264.0,167.0,49.0,46.0
662,266.0,157.0,49.0,64.0
663,310.0,156.0,41.0,60.0
664,280.0,161.0,70.0,52.0
665,310.0,184.0,64.0,66.0
666,297.0,154.0,54.0,48.0
667,298.0,166.0,59.0,50.0
668,307.0,145.0,57.0,54.0
669,303.0,141.0,58.0,55.0
670,271.0,159.0,47.0,57.0
671,278.0,159.0,47.0,37.0
672,314.0,149.0,75.0,62.0
673,326.0,168.0,55.0,47.0
674,321.0,174.0,65.0,52.0
675,326.0,148.0,51.0,45.0
676,286.0,140.0,49.0,56.0
677,313.0,160.0,59.0,46.0
678,325.0,164.0,63.0,44.0
679,321.0,168.0,55.0,57.0
680,261.0,131.0,66.0,44.0
681,275.0,153.0,48.0,40.0
682,259.0,161.0,57.0,46.0
683,263.0,145.0,41.0,59.0
684,323.0,144.0,47.0,60.0
685,300.0,159.0,69.0,40.0
686,264.0,154.0,58.0,46.0
687,292.0,143.0,55.0,50.0
688,286.0,163.0,55.0,69.0
689,267.0,155.0,56.0,58.0
690,278.0,150.0,47.0,50.0
691,276.0,141.0,54.0,41.0
692,275.0,149.0,40.0,42.0
693,293.0,159.0,43.0,52.0
694,270.0,158.0,53.0,51.0
695,269.0,156.0,44.0,50.0
696,281.0,134.0,53.0,32.0
697,253.0,153.0,53.0,37.0
698,267.0,156.0,54.0,37.0
699,308.0,138.0,57.0,38.0
700,294.0,156.0,55.0,49.0
701,255.0,152.0,59.0,44.0
702,286.0,148.0,59.0,49.0
703,257.0,136.0,53.0,47.0
704,252.0,154.0,50.0,64.0
705,262.0,136.0,60.0,54.0
706,279.0,163.0,59.0,62.0
707,291.0,160.0,59.0,56.0
708,276.0,151.0,61.0,55.0
709,294.0,163.0,67.0,50.0
710,305.0,162.0,59.0,56.0
711,254.0,145.0,47.0,43.0
712,268.0,139.0,60.0,47.0
713,278.0,163.0,55.0,56.0
714,298.0,150.0,64.0,55.0
715,265.0,145.0,68.0,42.0
716,278.0,162.0,64.0,50.0
717,292.0,176.0,52.0,40.0
718,304.0,137.0,61.0,51.0
719,299.0,156.0,59.0,51.0
720,284.0,151.0,51.0,44.0
721,312.0,161.0,56.0,47.0
722,281.0,148.0,69.0,56.0
723,281.0,130.0,63.0,55.0
724,288.0,133.0,42.0,52.0
725,276.0,155.0,63.0,33.0
726,276.0,145.0,63.0,37.0
727,256.0,149.0,56.0,36.0
728,267.0,130.0,46.0,48.0
729,274.0,134.0,56.0,51.0
730,284.0,157.0,61.0,62.0
731,287.0,148.0,40.0,48.0
732,310.0,143.0,46.0,48.0
733,372.0,151.0,59.0,46.0
734,316.0,164.0,42.0,57.0
735,305.0,165.0,56.0,44.0
736,285.0,139.0,61.0,42.0
737,291.0,148.0,61.0,43.0
738,299.0,133.0,53.0,49.0
739,269.0,136.0,53.0,55.0
740,285.0,148.0,53.0,54.0
741,282.0,144.0,40.0,51.0
742,311.0,147.0,50.0,35.0
743,265.0,161.0,50.0,32.0
744,288.0,156.0,61.0,61.0
745,312.0,151.0,46.0,45.0
746,301.0,153.0,62.0,44.0
747,277.0,138.0,59.0,49.0
748,287.0,146.0,59.0,38.0
749,262.0,140.0,40.0,44.0
750,270.0,145.0,50.0,41.0
751,274.0,147.0,59.0,50.0
752,331.0,138.0,46.0,40.0
753,297.0,156.0,57.0,51.0
754,284.0,151.0,67.0,37.0
755,252.0,131.0,47.0,37.0
756,311.0,164.0,68.0,48.0
757,258.0,155.0,56.0,39.0
758,264.0,152.0,46.0,39.0
759,272.0,136.0,54.0,34.0
760,287.0,125.0,58.0,40.0
761,286.0,134.0,50.0,49.0
762,304.0,156.0,53.0,32.0
763,331.0,144.0,62.0,43.0
764,245.0,148.0,57.0,45.0
765,251.0,140.0,51.0,38.0
766,280.0,138.0,45.0,47.0
767,264.0,140.0,44.0,33.0
768,267.0,145.0,49.0,46.0
769,298.0,155.0,47.0,44.0
770,278.0,118.0,48.0,48.0
771,261.0,129.0,46.0,38.0
772,265.0,139.0,59.0,28.0
773,284.0,152.0,66.0,50.0
774,274.0,134.0,71.0,37.0
775,310.0,112.0,49.0,41.0
776,285.0,149.0,47.0,39.0
777,282.0,148.0,47.0,34.0
778,285.0,132.0,58.0,34.0
779,279.0,125.0,49.0,41.0
780,280.0,151.0,58.0,37.0
781,272.0,132.0,53.0,42.0
782,267.0,125.0,50.0,36.0
783,266.0,130.0,55.0,36.0
784,304.0,113.0,46.0,45.0
785,283.0,135.0,48.0,40.0
786,283.0,123.0,43.0,53.0
787,264.0,113.0,56.0,55.0
788,321.0,145.0,49.0,39.0
789,258.0,133.0,42.0,39.0
790,270.0,137.0,43.0,29.0
791,259.0,114.0,50.0,32.0
792,274.0,136.0,52.0,34.0
793,338.0,140.0,64.0,46.0
794,300.0,144.0,47.0,38.0
795,308.0,148.0,60.0,45.0
796,260.0,128.0,48.0,43.0
797,255.0,127.0,42.0,37.0
798,282.0,116.0,51.0,26.0
799,263.0,139.0,45.0,42.0
800,235.0,142.0,48.0,44.0
801,252.0,125.0,50.0,40.0
802,265.0,131.0,56.0,40.0
803,274.0,126.0,44.0,35.0
804,266.0,119.0,59.0,41.0
805,289.0,125.0,41.0,24.0
806,254.0,134.0,43.0,37.0
807,260.0,134.0,60.0,44.0
808,242.0,115.0,45.0,51.0
809,267.0,122.0,54.0,38.0
810,259.0,146.0,48.0,31.0
811,300.0,116.0,44.0,35.0
812,274.0,122.0,35.0,35.0
813,266.0,120.0,48.0,48.0
814,241.0,121.0,30.0,41.0
815,255.0,114.0,52.0,45.0
816,274.0,115.0,41.0,29.0
817,255.0,121.0,57.0,32.0
818,278.0,125.0,37.0,35.0
819,238.0,141.0,49.0,37.0
820,246.0,118.0,46.0,33.0
821,294.0,128.0,44.0,36.0
822,268.0,121.0,44.0,27.0
823,268.0,128.0,36.0,32.0
824,272.0,140.0,40.0,40.0
825,273.0,146.0,47.0,26.0
826,254.0,118.0,38.0,38.0
827,243.0,110.0,37.0,32.0
828,262.0,122.0,46.0,36.0
829,298.0,142.0,46.0,37.0
830,278.0,117.0,40.0,32.0
831,289.0,112.0,41.0,40.0
832,250.0,122.0,56.0,24.0
833,261.0,116.0,49.0,30.0
834,291.0,114.0,44.0,33.0
835,283.0,119.0,43.0,33.0
836,271.0,132.0,49.0,34.0
837,247.0,114.0,42.0,30.0
838,253.0,125.0,66.0,42.0
839,257.0,125.0,59.0,33.0
840,303.0,123.0,47.0,37.0
841,262.0,108.0,40.0,28.0
842,246.0,121.0,59.0,37.0
843,245.0,115.0,45.0,35.0
844,262.0,133.0,53.0,36.0
845,261.0,118.0,55.0,39.0
846,235.0,109.0,34.0,29.0
847,227.0,112.0,44.0,25.0
848,260.0,123.0,57.0,28.0
849,246.0,117.0,52.0,35.0
850,224.0,114.0,58.0,42.0
851,239.0,93.0,41.0,37.0
852,253.0,109.0,47.0,34.0
853,274.0,123.0,54.0,34.0
854,257.0,117.0,56.0,39.0
855,280.0,114.0,47.0,32.0
856,246.0,100.0,40.0,42.0
857,237.0,115.0,37.0,27.0
858,264.0,98.0,48.0,24.0
859,279.0,105.0,48.0,30.0
860,241.0,107.0,38.0,29.0
861,231.0,99.0,42.0,27.0
862,216.0,114.0,41.0,37.0
863,272.0,126.0,44.0,24.0
864,232.0,137.0,47.0,29.0
865,213.0,113.0,39.0,42.0
866,233.0,120.0,45.0,35.0
867,249.0,124.0,62.0,20.0
868,232.0,115.0,54.0,38.0
869,244.0,123.0,52.0,28.0
870,232.0,122.0,50.0,34.0
871,235.0,91.0,36.0,26.0
872,240.0,106.0,36.0,24.0
873,269.0,99.0,43.0,28.0
874,223.0,118.0,39.0,35.0
875,238.0,93.0,50.0,26.0
876,224.0,86.0,45.0,30.0
877,206.0,98.0,49.0,25.0
878,222.0,111.0,46.0,37.0
879,270.0,106.0,46.0,27.0
880,245.0,86.0,28.0,34.0
881,219.0,92.0,49.0,35.0
882,222.0,116.0,58.0,30.0
883,254.0,105.0,40.0,32.0
884,238.0,91.0,36.0,28.0
885,227.0,87.0,44.0,30.0
886,251.0,104.0,39.0,22.0
887,225.0,112.0,42.0,29.0
888,262.0,103.0,47.0,30.0
889,237.0,98.0,48.0,25.0
890,222.0,102.0,52.0,21.0
891,225.0,97.0,38.0,23.0
892,230.0,99.0,42.0,23.0
893,276.0,106.0,46.0,28.0
894,233.0,121.0,43.0,38.0
895,218.0,101.0,42.0,31.0
896,239.0,96.0,45.0,27.0
897,228.0,95.0,46.0,31.0
898,226.0,116.0,46.0,23.0
899,261.0,104.0,54.0,34.0
900,232.0,106.0,45.0,28.0
901,228.0,114.0,56.0,30.0
902,247.0,123.0,43.0,28.0
903,230.0,89.0,54.0,24.0
904,212.0,108.0,63.0,31.0
905,228.0,98.0,46.0,31.0
906,209.0,82.0,49.0,35.0
907,219.0,109.0,45.0,22.0
908,215.0,116.0,55.0,33.0
909,235.0,107.0,34.0,29.0
910,244.0,113.0,44.0,38.0
911,225.0,101.0,45.0,29.0
912,231.0,95.0,49.0,34.0
913,255.0,114.0,49.0,33.0
914,238.0,119.0,50.0,14.0
915,219.0,120.0,52.0,26.0
916,278.0,108.0,57.0,26.0
917,242.0,102.0,43.0,38.0
918,264.0,87.0,37.0,25.0
919,238.0,119.0,46.0,15.0
920,238.0,101.0,43.0,28.0
921,238.0,107.0,44.0,28.0
922,233.0,96.0,42.0,31.0
923,252.0,82.0,44.0,25.0
924,230.0,102.0,40.0,39.0
925,244.0,90.0,39.0,21.0
926,242.0,114.0,50.0,20.0
927,235.0,108.0,53.0,20.0
928,239.0,101.0,31.0,31.0
929,207.0,101.0,43.0,20.0
930,234.0,108.0,43.0,34.0
931,230.0,119.0,34.0,32.0
932,234.0,113.0,41.0,26.0
933,225.0,96.0,39.0,19.0
934,245.0,121.0,42.0,40.0
935,240.0,122.0,45.0,37.0
936,283.0,121.0,63.0,25.0
937,226.0,116.0,52.0,34.0
938,259.0,121.0,45.0,27.0
939,244.0,105.0,43.0,26.0
940,274.0,130.0,33.0,23.0
941,238.0,111.0,50.0,31.0
942,221.0,104.0,38.0,19.0
943,236.0,134.0,38.0,23.0
944,242.0,104.0,39.0,30.0
945,229.0,105.0,47.0,17.0
946,237.0,128.0,49.0,29.0
947,202.0,123.0,37.0,30.0
948,246.0,98.0,43.0,25.0
949,251.0,107.0,51.0,23.0
950,234.0,112.0,53.0,33.0
951,234.0,96.0,40.0,48.0
952,238.0,122.0,50.0,27.0
953,247.0,141.0,53.0,42.0
954,230.0,100.0,35.0,26.0
955,249.0,115.0,49.0,29.0
956,214.0,93.0,38.0,21.0
957,234.0,105.0,48.0,31.0
958,243.0,121.0,39.0,23.0
959,243.0,113.0,48.0,31.0
960,219.0,120.0,48.0,30.0
961,233.0,111.0,63.0,35.0
962,256.0,117.0,39.0,31.0
963,227.0,106.0,45.0,40.0
964,242.0,114.0,49.0,28.0
965,251.0,102.0,45.0,29.0
966,246.0,104.0,44.0,26.0
967,249.0,116.0,36.0,24.0
968,256.0,119.0,41.0,28.0
969,210.0,110.0,52.0,25.0
970,238.0,108.0,50.0,28.0
971,244.0,118.0,38.0,27.0
972,255.0,100.0,48.0,25.0
973,291.0,134.0,44.0,30.0
974,242.0,112.0,55.0,35.0
975,259.0,122.0,44.0,23.0
976,264.0,111.0,51.0,25.0
977,272.0,94.0,46.0,27.0
978,265.0,102.0,37.0,27.0
979,272.0,143.0,43.0,32.0
980,255.0,113.0,48.0,24.0
981,243.0,129.0,35.0,26.0
982,227.0,131.0,45.0,29.0
983,266.0,125.0,47.0,27.0
984,283.0,119.0,52.0,40.0
985,262.0,127.0,59.0,23.0
986,234.0,123.0,56.0,39.0
987,249.0,112.0,45.0,29.0
988,240.0,107.0,63.0,23.0
989,242.0,105.0,53.0,21.0
990,232.0,109.0,67.0,27.0
991,236.0,111.0,54.0,36.0
992,230.0,110.0,61.0,32.0
993,224.0,90.0,42.0,21.0
994,255.0,128.0,47.0,21.0
995,258.0,113.0,49.0,29.0
996,238.0,102.0,53.0,18.0
997,261.0,114.0,48.0,36.0
998,276.0,123.0,51.0,26.0
999,222.0,98.0,52.0,35.0
