,noaa_wind_direction_44005,noaa_wind_direction_41008,noaa_wind_speed_41008,noaa_wind_direction_46061,noaa_wind_speed_46061,noaa_wind_speed_44005
0,0.41944444444444445,0.9111111111111111,0.27,0.2833333333333333,0.11000000000000001,0.08
1,0.4027777777777778,0.2361111111111111,0.22000000000000003,0.35555555555555557,0.58,0.16999999999999998
2,0.4027777777777778,0.2361111111111111,0.22000000000000003,0.35555555555555557,0.58,0.16999999999999998
3,0.4027777777777778,0.2361111111111111,0.22000000000000003,0.35555555555555557,0.58,0.16999999999999998
4,0.25833333333333336,0.44166666666666665,0.2,0.35833333333333334,0.47000000000000003,0.2
5,0.25833333333333336,0.44166666666666665,0.2,0.35833333333333334,0.47000000000000003,0.2
6,0.41944444444444445,0.4583333333333333,0.21000000000000002,0.24722222222222223,0.11000000000000001,0.24
7,0.41944444444444445,0.4583333333333333,0.21000000000000002,0.24722222222222223,0.11000000000000001,0.24
8,0.39166666666666666,0.5444444444444444,0.3,0.16666666666666666,0.31,0.3
9,0.39166666666666666,0.5444444444444444,0.3,0.16666666666666666,0.31,0.3
10,0.39166666666666666,0.5444444444444444,0.3,0.16666666666666666,0.31,0.3
11,0.2861111111111111,0.85,0.16,0.19722222222222222,0.37,0.22000000000000003
12,0.2861111111111111,0.85,0.16,0.19722222222222222,0.37,0.22000000000000003
13,0.2861111111111111,0.85,0.16,0.19722222222222222,0.37,0.22000000000000003
14,0.25555555555555554,0.5305555555555556,0.5900000000000001,0.16944444444444445,0.52,0.35
15,0.25555555555555554,0.5305555555555556,0.5900000000000001,0.16944444444444445,0.52,0.35
16,0.25555555555555554,0.5305555555555556,0.5900000000000001,0.16944444444444445,0.52,0.35
17,0.31666666666666665,0.8638888888888889,0.29,0.16111111111111112,0.5599999999999999,0.25
18,0.31666666666666665,0.8638888888888889,0.29,0.16111111111111112,0.5599999999999999,0.25
19,0.31666666666666665,0.8638888888888889,0.29,0.16111111111111112,0.5599999999999999,0.25
20,0.5694444444444444,0.8777777777777778,0.16999999999999998,0.13333333333333333,0.44000000000000006,0.27
21,0.5694444444444444,0.8777777777777778,0.16999999999999998,0.13333333333333333,0.44000000000000006,0.27
22,0.5694444444444444,0.8777777777777778,0.16999999999999998,0.13333333333333333,0.44000000000000006,0.27
23,0.575,0.11388888888888889,0.22999999999999998,0.09722222222222222,0.51,0.18
24,0.575,0.11388888888888889,0.22999999999999998,0.09722222222222222,0.51,0.18
25,0.575,0.11388888888888889,0.22999999999999998,0.09722222222222222,0.51,0.18
26,0.6833333333333333,0.26944444444444443,0.16999999999999998,0.125,0.5,0.05
27,0.6833333333333333,0.26944444444444443,0.16999999999999998,0.125,0.5,0.05
28,0.7027777777777777,0.25833333333333336,0.2,0.025,0.62,0.09
29,0.8944444444444445,0.25833333333333336,0.2,0.125,0.47000000000000003,0.11000000000000001
30,0.8944444444444445,0.21666666666666667,0.2,0.125,0.47000000000000003,0.11000000000000001
31,0.9555555555555556,0.25555555555555554,0.13999999999999999,0.19444444444444445,0.61,0.22000000000000003
32,0.9555555555555556,0.25555555555555554,0.13999999999999999,0.19444444444444445,0.61,0.22000000000000003
33,0.9555555555555556,0.25555555555555554,0.13999999999999999,0.19444444444444445,0.61,0.22000000000000003
34,0.125,0.2972222222222222,0.22999999999999998,0.20833333333333334,0.7,0.79
35,0.125,0.2972222222222222,0.22999999999999998,0.20833333333333334,0.7,0.79
36,0.125,0.2972222222222222,0.22999999999999998,0.20833333333333334,0.7,0.79
37,0.13333333333333333,0.33055555555555555,0.3,0.23055555555555557,0.63,0.78
38,0.13333333333333333,0.33055555555555555,0.3,0.23055555555555557,0.63,0.78
39,0.13333333333333333,0.33055555555555555,0.3,0.23055555555555557,0.63,0.78
40,0.12777777777777777,0.23333333333333334,0.16999999999999998,0.3,1.09,0.6
41,0.12777777777777777,0.23333333333333334,0.16999999999999998,0.3,1.09,0.6
42,0.12777777777777777,0.23333333333333334,0.16999999999999998,0.3,1.09,0.6
43,0.013888888888888888,0.26666666666666666,0.21000000000000002,0.325,1.3699999999999999,0.99
44,0.013888888888888888,0.26666666666666666,0.21000000000000002,0.325,1.3699999999999999,0.99
45,0.013888888888888888,0.26666666666666666,0.21000000000000002,0.325,1.3699999999999999,0.99
46,0.002777777777777778,0.3111111111111111,0.29,0.33611111111111114,1.4300000000000002,0.89
47,0.002777777777777778,0.3111111111111111,0.29,0.33611111111111114,1.4300000000000002,0.89
48,0.002777777777777778,0.3111111111111111,0.29,0.33611111111111114,1.4300000000000002,0.89
49,0.9777777777777777,0.2916666666666667,0.33999999999999997,0.3416666666666667,1.48,0.96
50,0.9777777777777777,0.2916666666666667,0.33999999999999997,0.3416666666666667,1.48,0.96
51,0.9777777777777777,0.2916666666666667,0.33999999999999997,0.3416666666666667,1.48,0.96
52,0.008333333333333333,0.2777777777777778,0.27999999999999997,0.3416666666666667,1.54,1.01
53,0.008333333333333333,0.2777777777777778,0.27999999999999997,0.3416666666666667,1.54,1.01
54,0.008333333333333333,0.2777777777777778,0.27999999999999997,0.3416666666666667,1.54,1.01
55,0.03333333333333333,0.28055555555555556,0.35,0.3472222222222222,1.3699999999999999,0.89
56,0.03333333333333333,0.28055555555555556,0.35,0.3472222222222222,1.3699999999999999,0.89
57,0.03333333333333333,0.28055555555555556,0.35,0.3472222222222222,1.3699999999999999,0.89
58,0.011111111111111112,0.19166666666666668,0.25,0.3472222222222222,1.3900000000000001,0.77
59,0.011111111111111112,0.19166666666666668,0.25,0.3472222222222222,1.3900000000000001,0.77
60,0.9916666666666667,0.15555555555555556,0.22000000000000003,0.33611111111111114,1.47,0.77
61,0.9916666666666667,0.15555555555555556,0.22000000000000003,0.33611111111111114,1.47,0.77
62,0.9916666666666667,0.15555555555555556,0.22000000000000003,0.33611111111111114,1.47,0.77
63,0.9861111111111112,0.23055555555555557,0.25,0.3333333333333333,1.4300000000000002,0.73
64,0.9861111111111112,0.23055555555555557,0.25,0.3333333333333333,1.4300000000000002,0.73
65,0.9861111111111112,0.23055555555555557,0.25,0.3333333333333333,1.4300000000000002,0.73
66,0.9722222222222222,0.08611111111111111,0.22000000000000003,0.3416666666666667,1.46,0.7
67,0.9722222222222222,0.08611111111111111,0.22000000000000003,0.3416666666666667,1.46,0.7
68,0.9722222222222222,0.08611111111111111,0.22000000000000003,0.3416666666666667,1.46,0.7
69,0.9388888888888889,0.12222222222222222,0.16999999999999998,0.3333333333333333,1.41,0.52
70,0.9138888888888889,0.18055555555555555,0.29,0.33611111111111114,1.4300000000000002,0.55
71,0.9138888888888889,0.18055555555555555,0.29,0.33611111111111114,1.4300000000000002,0.55
72,0.9138888888888889,0.18055555555555555,0.29,0.33611111111111114,1.4300000000000002,0.55
73,0.9083333333333333,0.06388888888888888,0.27999999999999997,0.3388888888888889,1.42,0.6
74,0.9083333333333333,0.06388888888888888,0.27999999999999997,0.3388888888888889,1.42,0.6
75,0.9083333333333333,0.06388888888888888,0.27999999999999997,0.3388888888888889,1.42,0.6
76,0.8388888888888889,0.14444444444444443,0.37,0.35,1.3699999999999999,0.64
77,0.8388888888888889,0.14444444444444443,0.37,0.35,1.3699999999999999,0.64
78,0.8388888888888889,0.14444444444444443,0.37,0.35,1.3699999999999999,0.64
79,0.8222222222222222,0.05277777777777778,0.42000000000000004,0.35,1.3599999999999999,0.77
80,0.8222222222222222,0.05277777777777778,0.42000000000000004,0.35,1.3599999999999999,0.77
81,0.8222222222222222,0.05277777777777778,0.42000000000000004,0.35,1.3599999999999999,0.77
82,0.7944444444444444,0.07777777777777778,0.36,0.3527777777777778,1.28,0.73
83,0.7944444444444444,0.07777777777777778,0.36,0.3527777777777778,1.28,0.73
84,0.7944444444444444,0.07777777777777778,0.36,0.3527777777777778,1.28,0.73
85,0.8416666666666667,0.15555555555555556,0.43,0.3638888888888889,1.1400000000000001,0.74
86,0.8416666666666667,0.15555555555555556,0.43,0.3638888888888889,1.1400000000000001,0.74
87,0.8416666666666667,0.15555555555555556,0.43,0.3638888888888889,1.1400000000000001,0.74
88,0.8305555555555556,0.041666666666666664,0.43,0.3638888888888889,1.1199999999999999,0.85
89,0.8305555555555556,0.041666666666666664,0.43,0.3638888888888889,1.1199999999999999,0.85
90,0.8305555555555556,0.041666666666666664,0.43,0.3638888888888889,1.1199999999999999,0.85
91,0.8527777777777777,0.08611111111111111,0.36,0.37222222222222223,1.05,1.02
92,0.8638888888888889,0.10833333333333334,0.35,0.37222222222222223,1.0,0.9800000000000001
93,0.8777777777777778,0.13055555555555556,0.45,0.38055555555555554,0.89,0.85
94,0.8777777777777778,0.13055555555555556,0.45,0.38055555555555554,0.89,0.85
95,0.8777777777777778,0.13055555555555556,0.45,0.38055555555555554,0.89,0.85
96,0.8777777777777778,0.13055555555555556,0.45,0.38055555555555554,0.89,0.85
97,0.8777777777777778,0.13055555555555556,0.45,0.38055555555555554,0.89,0.85
98,0.8777777777777778,0.13055555555555556,0.45,0.38055555555555554,0.89,0.85
99,0.8777777777777778,0.13055555555555556,0.45,0.38055555555555554,0.89,0.85
100,0.8777777777777778,0.13055555555555556,0.45,0.38055555555555554,0.89,0.85
101,0.8777777777777778,0.13055555555555556,0.45,0.38055555555555554,0.89,0.85
102,0.8777777777777778,0.13055555555555556,0.45,0.38055555555555554,0.89,0.85
103,0.8777777777777778,0.13055555555555556,0.45,0.38055555555555554,0.89,0.85
104,0.8777777777777778,0.13055555555555556,0.45,0.38055555555555554,0.89,0.85
105,0.8777777777777778,0.13055555555555556,0.45,0.38055555555555554,0.89,0.85
106,0.8611111111111112,0.1388888888888889,0.32999999999999996,0.3333333333333333,0.79,0.8
107,0.8722222222222222,0.05277777777777778,0.44000000000000006,0.3333333333333333,0.78,0.76
108,0.9138888888888889,0.10277777777777777,0.31,0.33611111111111114,0.75,0.73
109,0.9333333333333333,0.2111111111111111,0.13999999999999999,0.33611111111111114,0.96,0.7
110,0.9333333333333333,0.2111111111111111,0.13999999999999999,0.33611111111111114,0.96,0.7
111,0.9333333333333333,0.13333333333333333,0.27999999999999997,0.33055555555555555,0.9199999999999999,0.73
112,0.9333333333333333,0.13333333333333333,0.27999999999999997,0.33055555555555555,0.9199999999999999,0.73
113,0.9333333333333333,0.13333333333333333,0.27999999999999997,0.33055555555555555,0.9199999999999999,0.73
114,0.925,0.06666666666666667,0.15,0.32222222222222224,1.01,0.7
115,0.925,0.06666666666666667,0.15,0.32222222222222224,1.01,0.7
116,0.925,0.06666666666666667,0.15,0.32222222222222224,1.01,0.7
117,0.9138888888888889,0.175,0.13,0.34444444444444444,0.99,0.5900000000000001
118,0.9138888888888889,0.175,0.13,0.34444444444444444,0.99,0.5900000000000001
119,0.9138888888888889,0.175,0.13,0.34444444444444444,0.99,0.5900000000000001
120,0.9416666666666667,0.06944444444444445,0.13999999999999999,0.34444444444444444,1.06,0.51
121,0.9416666666666667,0.06944444444444445,0.13999999999999999,0.34444444444444444,1.06,0.51
122,0.9416666666666667,0.06944444444444445,0.13999999999999999,0.34444444444444444,1.06,0.51
123,0.9388888888888889,0.35555555555555557,0.24,0.3333333333333333,1.0,0.5599999999999999
124,0.9388888888888889,0.35555555555555557,0.24,0.3333333333333333,1.0,0.5599999999999999
125,0.9694444444444444,0.4444444444444444,0.09,0.3277777777777778,0.95,0.61
126,0.9694444444444444,0.4444444444444444,0.09,0.3277777777777778,0.95,0.61
127,0.9694444444444444,0.4444444444444444,0.09,0.3277777777777778,0.95,0.61
128,0.975,0.6333333333333333,0.08,0.3194444444444444,0.9099999999999999,0.39
129,0.975,0.6333333333333333,0.08,0.3194444444444444,0.9099999999999999,0.39
130,0.975,0.6333333333333333,0.08,0.3194444444444444,0.9099999999999999,0.39
131,0.8444444444444444,0.5361111111111111,0.22000000000000003,0.3138888888888889,0.97,0.26
132,0.8444444444444444,0.5361111111111111,0.22000000000000003,0.3138888888888889,0.97,0.26
133,0.8444444444444444,0.5361111111111111,0.22000000000000003,0.3138888888888889,0.97,0.26
134,0.7583333333333333,0.9277777777777778,0.2,0.30833333333333335,1.06,0.37
135,0.7583333333333333,0.9277777777777778,0.2,0.30833333333333335,1.06,0.37
136,0.8277777777777777,0.9722222222222222,0.2,0.31666666666666665,1.09,0.55
137,0.8277777777777777,0.9722222222222222,0.2,0.31666666666666665,1.09,0.55
138,0.9027777777777778,0.005555555555555556,0.18,0.32222222222222224,1.02,0.6
139,0.9027777777777778,0.005555555555555556,0.18,0.32222222222222224,1.02,0.6
140,0.9027777777777778,0.005555555555555556,0.18,0.32222222222222224,1.02,0.6
141,0.8361111111111111,0.13055555555555556,0.2,0.325,1.1199999999999999,0.6799999999999999
142,0.8361111111111111,0.13055555555555556,0.2,0.325,1.1199999999999999,0.6799999999999999
143,0.8361111111111111,0.13055555555555556,0.2,0.325,1.1199999999999999,0.6799999999999999
144,0.8305555555555556,0.13333333333333333,0.29,0.3333333333333333,1.21,0.86
145,0.8305555555555556,0.13333333333333333,0.29,0.3333333333333333,1.21,0.86
146,0.8305555555555556,0.13333333333333333,0.29,0.3333333333333333,1.21,0.86
147,0.8444444444444444,0.225,0.27,0.3333333333333333,1.01,1.01
148,0.8444444444444444,0.225,0.27,0.3333333333333333,1.01,1.01
149,0.8444444444444444,0.225,0.27,0.3333333333333333,1.01,1.01
150,0.8666666666666667,0.325,0.35,0.3194444444444444,1.04,1.1199999999999999
151,0.8666666666666667,0.325,0.35,0.3194444444444444,1.04,1.1199999999999999
152,0.8666666666666667,0.325,0.35,0.3194444444444444,1.04,1.1199999999999999
153,0.8888888888888888,0.075,0.29,0.32222222222222224,0.96,1.0
154,0.8888888888888888,0.075,0.29,0.32222222222222224,0.96,1.0
155,0.8888888888888888,0.075,0.29,0.32222222222222224,0.96,1.0
156,0.8833333333333333,0.18333333333333332,0.33999999999999997,0.34444444444444444,1.09,1.05
157,0.8805555555555555,0.18333333333333332,0.33999999999999997,0.34444444444444444,1.09,0.95
158,0.8805555555555555,0.19722222222222222,0.35,0.3388888888888889,1.1199999999999999,0.95
159,0.8444444444444444,0.15,0.27999999999999997,0.35,1.15,0.93
160,0.8444444444444444,0.15,0.27999999999999997,0.35,1.15,0.93
161,0.8888888888888888,0.11388888888888889,0.31,0.3388888888888889,1.06,0.97
162,0.8888888888888888,0.11388888888888889,0.31,0.3388888888888889,1.06,0.97
163,0.8888888888888888,0.11388888888888889,0.31,0.3388888888888889,1.06,0.97
164,0.8916666666666667,0.09722222222222222,0.26,0.3638888888888889,1.1,1.04
165,0.8916666666666667,0.09722222222222222,0.26,0.3638888888888889,1.1,1.04
166,0.8916666666666667,0.09722222222222222,0.26,0.3638888888888889,1.1,1.04
167,0.9,0.09166666666666666,0.32,0.32222222222222224,0.89,1.0699999999999998
168,0.9,0.09166666666666666,0.32,0.32222222222222224,0.89,1.0699999999999998
169,0.9,0.09166666666666666,0.32,0.32222222222222224,0.89,1.0699999999999998
170,0.8805555555555555,0.06388888888888888,0.37,0.3138888888888889,0.89,1.01
171,0.8805555555555555,0.06388888888888888,0.37,0.3138888888888889,0.89,1.01
172,0.8805555555555555,0.06388888888888888,0.37,0.3138888888888889,0.89,1.01
173,0.8833333333333333,0.10277777777777777,0.29,0.3111111111111111,0.8400000000000001,1.0
174,0.8833333333333333,0.10277777777777777,0.29,0.3111111111111111,0.8400000000000001,1.0
175,0.8833333333333333,0.10277777777777777,0.29,0.3111111111111111,0.8400000000000001,1.0
176,0.8722222222222222,0.12222222222222222,0.26,0.31666666666666665,0.78,0.9800000000000001
177,0.8722222222222222,0.12222222222222222,0.26,0.31666666666666665,0.78,0.9800000000000001
178,0.8722222222222222,0.12222222222222222,0.26,0.31666666666666665,0.78,0.9800000000000001
179,0.8833333333333333,0.20833333333333334,0.32999999999999996,0.3111111111111111,0.6900000000000001,1.0
180,0.8833333333333333,0.20833333333333334,0.32999999999999996,0.3111111111111111,0.6900000000000001,1.0
181,0.8833333333333333,0.20833333333333334,0.32999999999999996,0.3111111111111111,0.6900000000000001,1.0
182,0.8888888888888888,0.2,0.32999999999999996,0.31666666666666665,0.63,1.06
183,0.8888888888888888,0.2,0.32999999999999996,0.31666666666666665,0.63,1.06
184,0.8888888888888888,0.2,0.32999999999999996,0.31666666666666665,0.63,1.06
185,0.8972222222222223,0.41388888888888886,0.2,0.30833333333333335,0.58,1.17
186,0.8972222222222223,0.41388888888888886,0.2,0.30833333333333335,0.58,1.17
187,0.8972222222222223,0.41388888888888886,0.2,0.30833333333333335,0.58,1.17
188,0.8944444444444445,0.4666666666666667,0.15,0.2361111111111111,0.61,1.06
189,0.8944444444444445,0.4666666666666667,0.15,0.2361111111111111,0.61,1.06
190,0.9194444444444444,0.5083333333333333,0.22000000000000003,0.23055555555555557,0.7,0.93
191,0.9194444444444444,0.5083333333333333,0.22000000000000003,0.23055555555555557,0.7,0.93
192,0.9194444444444444,0.5083333333333333,0.22000000000000003,0.23055555555555557,0.7,0.93
193,0.9333333333333333,0.7888888888888889,0.13,0.21944444444444444,0.6900000000000001,0.97
194,0.9333333333333333,0.7888888888888889,0.13,0.21944444444444444,0.6900000000000001,0.97
195,0.9333333333333333,0.7888888888888889,0.13,0.21944444444444444,0.6900000000000001,0.97
196,0.9666666666666667,0.9833333333333333,0.13999999999999999,0.19722222222222222,0.64,0.7
197,0.9666666666666667,0.9833333333333333,0.13999999999999999,0.19722222222222222,0.64,0.7
198,0.9666666666666667,0.9833333333333333,0.13999999999999999,0.19722222222222222,0.64,0.7
199,0.9194444444444444,0.05277777777777778,0.33999999999999997,0.21388888888888888,0.58,0.63
200,0.9194444444444444,0.05277777777777778,0.33999999999999997,0.21388888888888888,0.58,0.63
201,0.9416666666666667,0.09444444444444444,0.61,0.19166666666666668,0.6,0.6599999999999999
202,0.9416666666666667,0.09444444444444444,0.61,0.19166666666666668,0.6,0.6599999999999999
203,0.9583333333333334,0.1,0.77,0.17777777777777778,0.58,0.55
204,0.9583333333333334,0.1,0.77,0.17777777777777778,0.58,0.55
205,0.9583333333333334,0.1,0.77,0.17777777777777778,0.58,0.55
206,0.9583333333333334,0.13333333333333333,0.9,0.17777777777777778,0.58,0.55
207,0.9694444444444444,0.13333333333333333,0.9,0.2,0.5,0.33999999999999997
208,0.9694444444444444,0.13333333333333333,0.9,0.2,0.5,0.33999999999999997
209,0.9194444444444444,0.14444444444444443,0.9400000000000001,0.26944444444444443,0.19,0.48
210,0.9194444444444444,0.14444444444444443,0.9400000000000001,0.26944444444444443,0.19,0.48
211,0.9194444444444444,0.14444444444444443,0.9400000000000001,0.26944444444444443,0.19,0.48
212,0.9333333333333333,0.125,1.0,0.3638888888888889,0.13,0.25
213,0.9333333333333333,0.125,1.0,0.3638888888888889,0.13,0.25
214,0.9333333333333333,0.125,1.0,0.3638888888888889,0.13,0.25
215,0.8777777777777778,0.13333333333333333,0.95,0.9444444444444444,0.13999999999999999,0.39
216,0.8777777777777778,0.13333333333333333,0.95,0.9444444444444444,0.13999999999999999,0.39
217,0.8777777777777778,0.13333333333333333,0.95,0.9444444444444444,0.13999999999999999,0.39
218,0.825,0.125,1.0,0.9416666666666667,0.5,0.45999999999999996
219,0.825,0.125,1.0,0.9416666666666667,0.5,0.45999999999999996
220,0.825,0.125,1.0,0.9416666666666667,0.5,0.45999999999999996
221,0.8527777777777777,0.12222222222222222,1.06,0.8777777777777778,0.64,0.64
222,0.8277777777777777,0.125,1.06,0.8388888888888889,0.64,0.6
223,0.8277777777777777,0.125,1.06,0.8388888888888889,0.64,0.6
224,0.8194444444444444,0.10833333333333334,1.03,0.8444444444444444,0.79,0.51
225,0.8194444444444444,0.10833333333333334,1.03,0.8444444444444444,0.79,0.51
226,0.7916666666666666,0.11666666666666667,0.97,0.8388888888888889,0.74,0.4
227,0.7916666666666666,0.11666666666666667,0.97,0.8388888888888889,0.74,0.4
228,0.7916666666666666,0.11666666666666667,0.97,0.8388888888888889,0.74,0.4
229,0.7416666666666667,0.11388888888888889,0.9400000000000001,0.8666666666666667,0.75,0.33999999999999997
230,0.7416666666666667,0.11388888888888889,0.9400000000000001,0.8666666666666667,0.75,0.33999999999999997
231,0.7416666666666667,0.11388888888888889,0.9400000000000001,0.8666666666666667,0.75,0.33999999999999997
232,0.7527777777777778,0.11944444444444445,0.9099999999999999,0.8527777777777777,0.75,0.51
233,0.7527777777777778,0.11944444444444445,0.9099999999999999,0.8527777777777777,0.75,0.51
234,0.7527777777777778,0.11944444444444445,0.9099999999999999,0.8527777777777777,0.75,0.51
235,0.9166666666666666,0.1111111111111111,0.9400000000000001,0.85,0.7,0.7
236,0.9166666666666666,0.1111111111111111,0.9400000000000001,0.85,0.7,0.7
237,0.9166666666666666,0.1111111111111111,0.9400000000000001,0.85,0.7,0.7
238,0.9333333333333333,0.1,0.96,0.8666666666666667,0.73,0.61
239,0.9333333333333333,0.1,0.96,0.8666666666666667,0.73,0.61
240,0.9333333333333333,0.1,0.96,0.8666666666666667,0.73,0.61
241,0.9694444444444444,0.1111111111111111,1.1099999999999999,0.9111111111111111,0.7,0.72
242,0.9694444444444444,0.1111111111111111,1.1099999999999999,0.9111111111111111,0.7,0.72
243,0.9694444444444444,0.1111111111111111,1.1099999999999999,0.9111111111111111,0.7,0.72
244,0.9722222222222222,0.10833333333333334,1.02,0.9694444444444444,0.63,0.65
245,0.9722222222222222,0.10833333333333334,1.02,0.9694444444444444,0.63,0.65
246,0.9722222222222222,0.10833333333333334,1.02,0.9694444444444444,0.63,0.65
247,0.9666666666666667,0.10833333333333334,0.9400000000000001,0.9777777777777777,0.49000000000000005,0.67
248,0.9666666666666667,0.10833333333333334,0.9400000000000001,0.9777777777777777,0.49000000000000005,0.67
249,0.9666666666666667,0.10833333333333334,0.9400000000000001,0.9777777777777777,0.49000000000000005,0.67
250,0.9777777777777777,0.10277777777777777,0.93,0.008333333333333333,0.49000000000000005,0.73
251,0.9777777777777777,0.10277777777777777,0.93,0.008333333333333333,0.49000000000000005,0.73
252,0.9777777777777777,0.10277777777777777,0.93,0.008333333333333333,0.49000000000000005,0.73
253,0.9916666666666667,0.1111111111111111,0.9099999999999999,0.14166666666666666,0.31,0.6900000000000001
254,0.9916666666666667,0.1111111111111111,0.9099999999999999,0.14166666666666666,0.31,0.6900000000000001
255,0.9944444444444445,0.08611111111111111,1.0,0.18611111111111112,0.27999999999999997,0.82
256,0.9944444444444445,0.08611111111111111,1.0,0.18611111111111112,0.27999999999999997,0.82
257,0.9944444444444445,0.08611111111111111,1.0,0.18611111111111112,0.27999999999999997,0.82
258,0.975,0.09166666666666666,1.01,0.011111111111111112,0.29,0.76
259,0.975,0.09166666666666666,1.01,0.011111111111111112,0.29,0.76
260,0.975,0.09166666666666666,1.01,0.011111111111111112,0.29,0.76
261,0.002777777777777778,0.075,0.95,0.09444444444444444,0.29,0.54
262,0.002777777777777778,0.075,0.95,0.09444444444444444,0.29,0.54
263,0.002777777777777778,0.075,0.95,0.09444444444444444,0.29,0.54
264,0.019444444444444445,0.11666666666666667,1.02,0.11666666666666667,0.32999999999999996,0.5900000000000001
265,0.019444444444444445,0.11666666666666667,1.02,0.11666666666666667,0.32999999999999996,0.5900000000000001
266,0.9888888888888889,0.13055555555555556,0.89,0.9527777777777777,0.3,0.49000000000000005
267,0.9888888888888889,0.13055555555555556,0.89,0.9527777777777777,0.3,0.49000000000000005
268,0.013888888888888888,0.12777777777777777,0.86,0.875,0.24,0.52
269,0.013888888888888888,0.12777777777777777,0.86,0.875,0.24,0.52
270,0.013888888888888888,0.12777777777777777,0.86,0.875,0.24,0.52
271,0.019444444444444445,0.075,0.6,0.12777777777777777,0.06,0.51
272,0.019444444444444445,0.075,0.6,0.12777777777777777,0.06,0.51
273,0.019444444444444445,0.075,0.6,0.12777777777777777,0.06,0.51
274,0.9805555555555555,0.06111111111111111,0.74,0.2638888888888889,0.18,0.45999999999999996
275,0.9805555555555555,0.06111111111111111,0.74,0.2638888888888889,0.18,0.45999999999999996
276,0.9805555555555555,0.06111111111111111,0.74,0.2638888888888889,0.18,0.45999999999999996
277,0.011111111111111112,0.041666666666666664,0.6900000000000001,0.30833333333333335,0.06,0.43
278,0.011111111111111112,0.041666666666666664,0.6900000000000001,0.30833333333333335,0.06,0.43
279,0.011111111111111112,0.041666666666666664,0.6900000000000001,0.30833333333333335,0.06,0.43
280,0.9916666666666667,0.041666666666666664,0.75,0.8972222222222223,0.03,0.41
281,0.9916666666666667,0.041666666666666664,0.75,0.8972222222222223,0.03,0.41
282,0.9916666666666667,0.041666666666666664,0.75,0.8972222222222223,0.03,0.41
283,0.05555555555555555,0.03333333333333333,0.73,0.10555555555555556,0.03,0.39
284,0.05555555555555555,0.03333333333333333,0.73,0.10555555555555556,0.03,0.39
285,0.05555555555555555,0.03333333333333333,0.73,0.10555555555555556,0.03,0.39
286,0.08611111111111111,0.044444444444444446,0.72,0.48333333333333334,0.02,0.43
287,0.10555555555555556,0.03611111111111111,0.75,0.6861111111111111,0.01,0.47000000000000003
288,0.10555555555555556,0.03611111111111111,0.75,0.6861111111111111,0.01,0.47000000000000003
289,0.10833333333333334,0.03888888888888889,0.75,0.18888888888888888,0.02,0.51
290,0.10833333333333334,0.03888888888888889,0.75,0.18888888888888888,0.02,0.51
291,0.14444444444444443,0.06666666666666667,0.5900000000000001,0.13055555555555556,0.11000000000000001,0.39
292,0.14444444444444443,0.06666666666666667,0.5900000000000001,0.13055555555555556,0.11000000000000001,0.39
293,0.14444444444444443,0.06666666666666667,0.5900000000000001,0.13055555555555556,0.11000000000000001,0.39
294,0.15833333333333333,0.058333333333333334,0.62,0.3388888888888889,0.21000000000000002,0.51
295,0.15833333333333333,0.058333333333333334,0.62,0.3388888888888889,0.21000000000000002,0.51
296,0.15833333333333333,0.058333333333333334,0.62,0.3388888888888889,0.21000000000000002,0.51
297,0.14166666666666666,0.05555555555555555,0.65,0.3416666666666667,0.41,0.54
298,0.14166666666666666,0.05555555555555555,0.65,0.3416666666666667,0.41,0.54
299,0.14166666666666666,0.05555555555555555,0.65,0.3416666666666667,0.41,0.54
300,0.18888888888888888,0.08055555555555556,0.5599999999999999,0.2638888888888889,0.25,0.55
301,0.18888888888888888,0.08055555555555556,0.5599999999999999,0.2638888888888889,0.25,0.55
302,0.18888888888888888,0.08055555555555556,0.5599999999999999,0.2638888888888889,0.25,0.55
303,0.25277777777777777,0.05,0.62,0.2833333333333333,0.43,0.62
304,0.25277777777777777,0.05,0.62,0.2833333333333333,0.43,0.62
305,0.25277777777777777,0.05,0.62,0.2833333333333333,0.43,0.62
306,0.23333333333333334,0.10277777777777777,0.6799999999999999,0.2777777777777778,0.22000000000000003,0.53
307,0.23333333333333334,0.10277777777777777,0.6799999999999999,0.2777777777777778,0.22000000000000003,0.53
308,0.23333333333333334,0.10277777777777777,0.6799999999999999,0.2777777777777778,0.22000000000000003,0.53
309,0.2861111111111111,0.11388888888888889,0.74,0.18611111111111112,0.38,0.43
310,0.2861111111111111,0.11388888888888889,0.74,0.18611111111111112,0.38,0.43
311,0.2861111111111111,0.11388888888888889,0.74,0.18611111111111112,0.38,0.43
312,0.25277777777777777,0.11944444444444445,0.76,0.32222222222222224,0.54,0.42000000000000004
313,0.25277777777777777,0.11944444444444445,0.76,0.32222222222222224,0.54,0.42000000000000004
314,0.25277777777777777,0.11944444444444445,0.76,0.32222222222222224,0.54,0.42000000000000004
315,0.25555555555555554,0.11388888888888889,0.86,0.3472222222222222,0.82,0.45
316,0.25555555555555554,0.11388888888888889,0.86,0.3472222222222222,0.82,0.45
317,0.25555555555555554,0.11388888888888889,0.86,0.3472222222222222,0.82,0.45
318,0.25833333333333336,0.12777777777777777,0.82,0.3472222222222222,0.78,0.33999999999999997
319,0.25833333333333336,0.12777777777777777,0.82,0.3472222222222222,0.78,0.33999999999999997
320,0.25833333333333336,0.12777777777777777,0.82,0.3472222222222222,0.78,0.33999999999999997
321,0.2388888888888889,0.08888888888888889,0.9,0.3416666666666667,0.85,0.3
322,0.2388888888888889,0.08888888888888889,0.9,0.3416666666666667,0.85,0.3
323,0.24722222222222223,0.10555555555555556,0.95,0.32222222222222224,0.78,0.3
324,0.24722222222222223,0.10555555555555556,0.95,0.32222222222222224,0.78,0.3
325,0.24722222222222223,0.10555555555555556,0.95,0.32222222222222224,0.78,0.3
326,0.3388888888888889,0.1111111111111111,1.05,0.3388888888888889,0.7,0.24
327,0.3388888888888889,0.1111111111111111,1.05,0.3388888888888889,0.7,0.24
328,0.3388888888888889,0.1111111111111111,1.05,0.3388888888888889,0.7,0.24
329,0.38055555555555554,0.08333333333333333,0.85,0.3388888888888889,0.9,0.16999999999999998
330,0.38055555555555554,0.08333333333333333,0.85,0.3388888888888889,0.9,0.16999999999999998
331,0.3527777777777778,0.15,0.9199999999999999,0.33611111111111114,0.8800000000000001,0.05
332,0.3527777777777778,0.15,0.9199999999999999,0.33611111111111114,0.8800000000000001,0.05
333,0.20277777777777778,0.11666666666666667,0.82,0.325,0.74,0.04
334,0.20277777777777778,0.11666666666666667,0.82,0.325,0.74,0.04
335,0.20277777777777778,0.11666666666666667,0.82,0.325,0.74,0.04
336,0.8638888888888889,0.075,0.9099999999999999,0.325,0.75,0.13
337,0.8638888888888889,0.075,0.9099999999999999,0.325,0.75,0.13
338,0.8638888888888889,0.075,0.9099999999999999,0.325,0.75,0.13
339,0.005555555555555556,0.09722222222222222,0.93,0.3194444444444444,0.64,0.47000000000000003
340,0.005555555555555556,0.09722222222222222,0.93,0.3194444444444444,0.64,0.47000000000000003
341,0.005555555555555556,0.09722222222222222,0.93,0.3194444444444444,0.64,0.47000000000000003
342,0.019444444444444445,0.03333333333333333,1.05,0.32222222222222224,0.6900000000000001,0.53
343,0.019444444444444445,0.03333333333333333,1.05,0.32222222222222224,0.6900000000000001,0.53
344,0.019444444444444445,0.03333333333333333,1.05,0.32222222222222224,0.6900000000000001,0.53
345,0.022222222222222223,0.06111111111111111,0.95,0.3333333333333333,0.58,0.58
346,0.022222222222222223,0.06111111111111111,0.95,0.3333333333333333,0.58,0.58
347,0.022222222222222223,0.06111111111111111,0.95,0.3333333333333333,0.58,0.58
348,0.022222222222222223,0.011111111111111112,0.97,0.33055555555555555,0.54,0.4
349,0.022222222222222223,0.011111111111111112,0.97,0.33055555555555555,0.54,0.4
350,0.022222222222222223,0.011111111111111112,0.97,0.33055555555555555,0.54,0.4
351,0.008333333333333333,0.03888888888888889,0.9,0.31666666666666665,0.48,0.41
352,0.9916666666666667,0.10277777777777777,0.73,0.3388888888888889,0.47000000000000003,0.48
353,0.9916666666666667,0.10277777777777777,0.73,0.3388888888888889,0.47000000000000003,0.48
354,0.9833333333333333,0.016666666666666666,0.76,0.35,0.5,0.61
355,0.9833333333333333,0.016666666666666666,0.76,0.35,0.5,0.61
356,0.9944444444444445,0.05,0.75,0.3416666666666667,0.42000000000000004,0.5
357,0.9944444444444445,0.05,0.75,0.3416666666666667,0.42000000000000004,0.5
358,0.9944444444444445,0.05,0.75,0.3416666666666667,0.42000000000000004,0.5
359,0.03888888888888889,0.06111111111111111,0.89,0.30277777777777776,0.2,0.61
360,0.03888888888888889,0.06111111111111111,0.89,0.30277777777777776,0.2,0.61
361,0.03888888888888889,0.06111111111111111,0.89,0.30277777777777776,0.2,0.61
362,0.05277777777777778,0.07222222222222222,0.65,0.9916666666666667,0.11000000000000001,0.64
363,0.05277777777777778,0.07222222222222222,0.65,0.9916666666666667,0.11000000000000001,0.64
364,0.05277777777777778,0.07222222222222222,0.65,0.9916666666666667,0.11000000000000001,0.64
365,0.06388888888888888,0.09166666666666666,0.61,0.7888888888888889,0.11000000000000001,0.63
366,0.06388888888888888,0.09166666666666666,0.61,0.7888888888888889,0.11000000000000001,0.63
367,0.06388888888888888,0.09166666666666666,0.61,0.7888888888888889,0.11000000000000001,0.63
368,0.09722222222222222,0.1111111111111111,0.72,0.41944444444444445,0.1,0.61
369,0.09722222222222222,0.1111111111111111,0.72,0.41944444444444445,0.1,0.61
370,0.09722222222222222,0.1111111111111111,0.72,0.41944444444444445,0.1,0.61
371,0.10277777777777777,0.11666666666666667,0.75,0.5527777777777778,0.05,0.64
372,0.10277777777777777,0.11666666666666667,0.75,0.5527777777777778,0.05,0.64
373,0.10277777777777777,0.11666666666666667,0.75,0.5527777777777778,0.05,0.64
374,0.10555555555555556,0.1388888888888889,0.62,0.06111111111111111,0.16,0.6900000000000001
375,0.10555555555555556,0.1388888888888889,0.62,0.06111111111111111,0.16,0.6900000000000001
376,0.10555555555555556,0.1388888888888889,0.62,0.06111111111111111,0.16,0.6900000000000001
377,0.11944444444444445,0.15,0.6599999999999999,0.2388888888888889,0.04,0.71
378,0.11944444444444445,0.15,0.6599999999999999,0.2388888888888889,0.04,0.71
379,0.11944444444444445,0.15,0.6599999999999999,0.2388888888888889,0.04,0.71
380,0.10833333333333334,0.17222222222222222,0.6900000000000001,0.8333333333333334,0.32999999999999996,0.72
381,0.10833333333333334,0.17222222222222222,0.6900000000000001,0.8333333333333334,0.32999999999999996,0.72
382,0.10833333333333334,0.17222222222222222,0.6900000000000001,0.8333333333333334,0.32999999999999996,0.72
383,0.09444444444444444,0.15833333333333333,0.64,0.9416666666666667,0.33999999999999997,0.71
384,0.09444444444444444,0.15833333333333333,0.64,0.9416666666666667,0.33999999999999997,0.71
385,0.12777777777777777,0.1111111111111111,0.5599999999999999,0.925,0.3,0.5900000000000001
386,0.12777777777777777,0.1111111111111111,0.5599999999999999,0.925,0.3,0.5900000000000001
387,0.12777777777777777,0.1111111111111111,0.5599999999999999,0.925,0.3,0.5900000000000001
388,0.15,0.11944444444444445,0.6599999999999999,0.8916666666666667,0.27,0.67
389,0.15,0.11944444444444445,0.6599999999999999,0.8916666666666667,0.27,0.67
390,0.15,0.11944444444444445,0.6599999999999999,0.8916666666666667,0.27,0.67
391,0.1361111111111111,0.14722222222222223,0.72,0.925,0.22000000000000003,0.54
392,0.1361111111111111,0.14722222222222223,0.72,0.925,0.22000000000000003,0.54
393,0.1361111111111111,0.14722222222222223,0.72,0.925,0.22000000000000003,0.54
394,0.11388888888888889,0.12222222222222222,0.62,0.8472222222222222,0.26,0.5599999999999999
395,0.11388888888888889,0.12222222222222222,0.62,0.8472222222222222,0.26,0.5599999999999999
396,0.1527777777777778,0.12777777777777777,0.6,0.825,0.25,0.54
397,0.14722222222222223,0.12222222222222222,0.48,0.825,0.26,0.45999999999999996
398,0.14722222222222223,0.12222222222222222,0.48,0.825,0.26,0.45999999999999996
399,0.14722222222222223,0.12222222222222222,0.48,0.825,0.26,0.45999999999999996
400,0.13333333333333333,0.24444444444444444,0.33999999999999997,0.9444444444444444,0.16999999999999998,0.5599999999999999
401,0.13333333333333333,0.24444444444444444,0.33999999999999997,0.9444444444444444,0.16999999999999998,0.5599999999999999
402,0.13333333333333333,0.24444444444444444,0.33999999999999997,0.9444444444444444,0.16999999999999998,0.5599999999999999
403,0.1,0.24166666666666667,0.38,0.3527777777777778,0.13,0.48
404,0.1,0.24166666666666667,0.38,0.3527777777777778,0.13,0.48
405,0.1,0.24166666666666667,0.38,0.3527777777777778,0.13,0.48
406,0.10277777777777777,0.25555555555555554,0.27999999999999997,0.375,0.15,0.52
407,0.10277777777777777,0.25555555555555554,0.27999999999999997,0.375,0.15,0.52
408,0.10277777777777777,0.25555555555555554,0.27999999999999997,0.375,0.15,0.52
409,0.12222222222222222,0.2722222222222222,0.35,0.36944444444444446,0.32,0.5700000000000001
410,0.12222222222222222,0.2722222222222222,0.35,0.36944444444444446,0.32,0.5700000000000001
411,0.12222222222222222,0.2722222222222222,0.35,0.36944444444444446,0.32,0.5700000000000001
412,0.1,0.36944444444444446,0.41,0.3861111111111111,0.47000000000000003,0.5599999999999999
413,0.1,0.36944444444444446,0.41,0.3861111111111111,0.47000000000000003,0.5599999999999999
414,0.1,0.36944444444444446,0.41,0.3861111111111111,0.47000000000000003,0.5599999999999999
415,0.08611111111111111,0.4583333333333333,0.6,0.4083333333333333,0.5599999999999999,0.72
416,0.11666666666666667,0.4666666666666667,0.8800000000000001,0.37777777777777777,0.5700000000000001,0.6799999999999999
417,0.11666666666666667,0.4666666666666667,0.8800000000000001,0.37777777777777777,0.5700000000000001,0.6799999999999999
418,0.1361111111111111,0.5055555555555555,0.6,0.375,0.6,0.64
419,0.1361111111111111,0.5055555555555555,0.6,0.375,0.6,0.64
420,0.18333333333333332,0.5916666666666667,0.9,0.37222222222222223,0.5599999999999999,0.6799999999999999
421,0.18333333333333332,0.5916666666666667,0.9,0.37222222222222223,0.5599999999999999,0.6799999999999999
422,0.18333333333333332,0.5916666666666667,0.9,0.37222222222222223,0.5599999999999999,0.6799999999999999
423,0.18611111111111112,0.55,1.3,0.38333333333333336,0.5900000000000001,0.77
424,0.18611111111111112,0.55,1.3,0.38333333333333336,0.5900000000000001,0.77
425,0.18611111111111112,0.55,1.3,0.38333333333333336,0.5900000000000001,0.77
426,0.20277777777777778,0.5833333333333334,1.03,0.375,0.65,0.8099999999999999
427,0.20277777777777778,0.5833333333333334,1.03,0.375,0.65,0.8099999999999999
428,0.20277777777777778,0.5833333333333334,1.03,0.375,0.65,0.8099999999999999
429,0.23055555555555557,0.55,0.8800000000000001,0.37777777777777777,0.72,0.8300000000000001
430,0.23055555555555557,0.55,0.8800000000000001,0.37777777777777777,0.72,0.8300000000000001
431,0.23055555555555557,0.55,0.8800000000000001,0.37777777777777777,0.72,0.8300000000000001
432,0.25555555555555554,0.5638888888888889,0.77,0.37222222222222223,0.82,0.95
433,0.25555555555555554,0.5638888888888889,0.77,0.37222222222222223,0.82,0.95
434,0.25555555555555554,0.5638888888888889,0.77,0.37222222222222223,0.82,0.95
435,0.2777777777777778,0.5611111111111111,0.7,0.36666666666666664,0.8800000000000001,0.96
436,0.2777777777777778,0.5611111111111111,0.7,0.36666666666666664,0.8800000000000001,0.96
437,0.2777777777777778,0.5611111111111111,0.7,0.36666666666666664,0.8800000000000001,0.96
438,0.2777777777777778,0.5777777777777777,0.75,0.37222222222222223,0.82,1.1199999999999999
439,0.2777777777777778,0.5777777777777777,0.75,0.37222222222222223,0.82,1.1199999999999999
440,0.2777777777777778,0.5777777777777777,0.75,0.37222222222222223,0.82,1.1199999999999999
441,0.29444444444444445,0.6111111111111112,0.71,0.37222222222222223,0.41,1.04
442,0.29444444444444445,0.6111111111111112,0.71,0.37222222222222223,0.41,1.04
443,0.29444444444444445,0.6111111111111112,0.71,0.37222222222222223,0.41,1.04
444,0.29444444444444445,0.6555555555555556,0.6,0.3861111111111111,0.38,1.09
445,0.29444444444444445,0.6555555555555556,0.6,0.3861111111111111,0.38,1.09
446,0.29444444444444445,0.6555555555555556,0.6,0.3861111111111111,0.38,1.09
447,0.3,0.6777777777777778,0.6799999999999999,0.35833333333333334,0.31,0.8699999999999999
448,0.3,0.6777777777777778,0.6799999999999999,0.35833333333333334,0.31,0.8699999999999999
449,0.25277777777777777,0.6861111111111111,0.7,0.4111111111111111,0.13999999999999999,0.8099999999999999
450,0.25277777777777777,0.6861111111111111,0.7,0.4111111111111111,0.13999999999999999,0.8099999999999999
451,0.25277777777777777,0.6861111111111111,0.7,0.4111111111111111,0.13999999999999999,0.8099999999999999
452,0.24444444444444444,0.7138888888888889,0.82,0.20833333333333334,0.15,0.85
453,0.24444444444444444,0.7138888888888889,0.82,0.20833333333333334,0.15,0.85
454,0.24444444444444444,0.7138888888888889,0.82,0.20833333333333334,0.15,0.85
455,0.3611111111111111,0.6694444444444444,0.76,0.21666666666666667,0.32,0.54
456,0.3611111111111111,0.6694444444444444,0.76,0.21666666666666667,0.32,0.54
457,0.3611111111111111,0.6694444444444444,0.76,0.21666666666666667,0.32,0.54
458,0.4583333333333333,0.7111111111111111,0.71,0.19166666666666668,0.06999999999999999,1.2
459,0.4583333333333333,0.7111111111111111,0.71,0.19166666666666668,0.06999999999999999,1.2
460,0.5111111111111111,0.8,0.6900000000000001,0.19722222222222222,0.31,1.33
461,0.5111111111111111,0.8,0.6900000000000001,0.19722222222222222,0.31,1.33
462,0.6388888888888888,0.7888888888888889,0.5,0.2861111111111111,0.21000000000000002,0.55
463,0.6388888888888888,0.7888888888888889,0.5,0.2861111111111111,0.21000000000000002,0.55
464,0.6388888888888888,0.7888888888888889,0.5,0.2861111111111111,0.21000000000000002,0.55
465,0.6388888888888888,0.8055555555555556,0.47000000000000003,0.2861111111111111,0.21000000000000002,0.55
466,0.5944444444444444,0.8055555555555556,0.47000000000000003,0.13333333333333333,0.32999999999999996,0.39
467,0.5944444444444444,0.8055555555555556,0.47000000000000003,0.13333333333333333,0.32999999999999996,0.39
468,0.6111111111111112,0.8111111111111111,0.22999999999999998,0.005555555555555556,0.13999999999999999,0.52
469,0.6111111111111112,0.8111111111111111,0.22999999999999998,0.005555555555555556,0.13999999999999999,0.52
470,0.6111111111111112,0.8111111111111111,0.22999999999999998,0.005555555555555556,0.13999999999999999,0.52
471,0.6888888888888889,0.8055555555555556,0.2,0.11666666666666667,0.03,0.33999999999999997
472,0.6888888888888889,0.8055555555555556,0.2,0.11666666666666667,0.03,0.33999999999999997
473,0.6888888888888889,0.8055555555555556,0.2,0.11666666666666667,0.03,0.33999999999999997
474,0.925,0.7722222222222223,0.19,0.26666666666666666,0.02,0.65
475,0.925,0.7722222222222223,0.19,0.26666666666666666,0.02,0.65
476,0.925,0.7722222222222223,0.19,0.26666666666666666,0.02,0.65
477,0.9166666666666666,0.8361111111111111,0.37,0.9277777777777778,0.03,0.44000000000000006
478,0.9166666666666666,0.8361111111111111,0.37,0.9277777777777778,0.03,0.44000000000000006
479,0.9166666666666666,0.8361111111111111,0.37,0.9277777777777778,0.03,0.44000000000000006
480,0.8472222222222222,0.8222222222222222,0.49000000000000005,0.4222222222222222,0.2,0.6900000000000001
481,0.7944444444444444,0.8222222222222222,0.49000000000000005,0.4222222222222222,0.2,0.8400000000000001
482,0.7944444444444444,0.8555555555555555,0.47000000000000003,0.3416666666666667,0.55,0.8400000000000001
483,0.7805555555555556,0.8666666666666667,0.54,0.3638888888888889,0.26,0.8800000000000001
484,0.7805555555555556,0.8666666666666667,0.54,0.3638888888888889,0.26,0.8800000000000001
485,0.7305555555555555,0.8777777777777778,0.5700000000000001,0.18055555555555555,0.12,1.05
486,0.7305555555555555,0.8777777777777778,0.5700000000000001,0.18055555555555555,0.12,1.05
487,0.7305555555555555,0.8777777777777778,0.5700000000000001,0.18055555555555555,0.12,1.05
488,0.7333333333333333,0.9138888888888889,0.62,0.23333333333333334,0.36,1.21
489,0.7333333333333333,0.9138888888888889,0.62,0.23333333333333334,0.36,1.21
490,0.7333333333333333,0.9138888888888889,0.62,0.23333333333333334,0.36,1.21
491,0.7777777777777778,0.9416666666666667,0.5900000000000001,0.3,0.45,1.47
492,0.7777777777777778,0.9416666666666667,0.5900000000000001,0.3,0.45,1.47
493,0.7777777777777778,0.9416666666666667,0.5900000000000001,0.3,0.45,1.47
494,0.7888888888888889,0.95,0.5900000000000001,0.32222222222222224,0.93,1.47
495,0.7888888888888889,0.95,0.5900000000000001,0.32222222222222224,0.93,1.47
496,0.7888888888888889,0.95,0.5900000000000001,0.32222222222222224,0.93,1.47
497,0.7888888888888889,0.95,0.5900000000000001,0.32222222222222224,0.93,1.47
498,0.7888888888888889,0.95,0.5900000000000001,0.32222222222222224,0.93,1.47
499,0.7888888888888889,0.95,0.5900000000000001,0.32222222222222224,0.93,1.47
500,0.7861111111111111,0.9805555555555555,0.6,0.3333333333333333,1.06,1.4300000000000002
501,0.7861111111111111,0.9805555555555555,0.6,0.3333333333333333,1.06,1.4300000000000002
502,0.7861111111111111,0.9805555555555555,0.6,0.3333333333333333,1.06,1.4300000000000002
503,0.7861111111111111,0.9805555555555555,0.6,0.3333333333333333,1.06,1.4300000000000002
504,0.7861111111111111,0.9805555555555555,0.6,0.3333333333333333,1.06,1.4300000000000002
505,0.7861111111111111,0.9805555555555555,0.6,0.3333333333333333,1.06,1.4300000000000002
506,0.8166666666666667,0.03888888888888889,0.71,0.4222222222222222,0.77,1.3599999999999999
507,0.8166666666666667,0.03888888888888889,0.71,0.4222222222222222,0.77,1.3599999999999999
508,0.85,0.075,0.6799999999999999,0.4083333333333333,1.03,1.2
509,0.85,0.075,0.6799999999999999,0.4083333333333333,1.03,1.2
510,0.85,0.075,0.6799999999999999,0.4083333333333333,1.03,1.2
511,0.85,0.075,0.6799999999999999,0.4083333333333333,1.03,1.2
512,0.85,0.075,0.6799999999999999,0.4083333333333333,1.03,1.2
513,0.85,0.075,0.6799999999999999,0.4083333333333333,1.03,1.2
514,0.8888888888888888,0.07777777777777778,0.77,0.4027777777777778,1.25,1.08
515,0.8888888888888888,0.07777777777777778,0.77,0.4027777777777778,1.25,1.08
516,0.8888888888888888,0.07777777777777778,0.77,0.4027777777777778,1.25,1.08
517,0.9166666666666666,0.06944444444444445,0.9099999999999999,0.34444444444444444,1.21,0.8300000000000001
518,0.9166666666666666,0.06944444444444445,0.9099999999999999,0.34444444444444444,1.21,0.8300000000000001
519,0.9166666666666666,0.06944444444444445,0.9099999999999999,0.34444444444444444,1.21,0.8300000000000001
520,0.9083333333333333,0.016666666666666666,0.8300000000000001,0.3472222222222222,1.34,0.78
521,0.8944444444444445,0.075,0.8,0.3527777777777778,1.5,0.76
522,0.8944444444444445,0.075,0.8,0.3527777777777778,1.5,0.76
523,0.8944444444444445,0.075,0.8,0.3527777777777778,1.5,0.76
524,0.9,0.10833333333333334,0.8300000000000001,0.35555555555555557,1.56,0.6900000000000001
525,0.9055555555555556,0.09444444444444444,0.79,0.35,1.59,0.9199999999999999
526,0.9055555555555556,0.09444444444444444,0.79,0.35,1.59,0.9199999999999999
527,0.9055555555555556,0.09444444444444444,0.79,0.35,1.59,0.9199999999999999
528,0.8833333333333333,0.1,0.71,0.35,1.51,0.95
529,0.8833333333333333,0.1,0.71,0.35,1.51,0.95
530,0.8833333333333333,0.1,0.71,0.35,1.51,0.95
531,0.9055555555555556,0.12222222222222222,0.74,0.35833333333333334,1.58,1.1
532,0.9055555555555556,0.12222222222222222,0.74,0.35833333333333334,1.58,1.1
533,0.9055555555555556,0.12222222222222222,0.74,0.35833333333333334,1.58,1.1
534,0.8861111111111111,0.04722222222222222,0.6900000000000001,0.34444444444444444,1.1400000000000001,1.0
535,0.8861111111111111,0.04722222222222222,0.6900000000000001,0.34444444444444444,1.1400000000000001,1.0
536,0.8861111111111111,0.04722222222222222,0.6900000000000001,0.34444444444444444,1.1400000000000001,1.0
537,0.8777777777777778,0.05555555555555555,0.82,0.4305555555555556,0.5599999999999999,0.8099999999999999
538,0.8777777777777778,0.05555555555555555,0.82,0.4305555555555556,0.5599999999999999,0.8099999999999999
539,0.8777777777777778,0.05555555555555555,0.82,0.4305555555555556,0.5599999999999999,0.8099999999999999
540,0.8861111111111111,0.05555555555555555,0.8699999999999999,0.3472222222222222,0.95,1.06
541,0.8861111111111111,0.05555555555555555,0.8699999999999999,0.3472222222222222,0.95,1.06
542,0.8861111111111111,0.05555555555555555,0.8699999999999999,0.3472222222222222,0.95,1.06
543,0.8694444444444445,0.08888888888888889,0.9199999999999999,0.37222222222222223,0.78,0.75
544,0.8694444444444445,0.08888888888888889,0.9199999999999999,0.37222222222222223,0.78,0.75
545,0.8694444444444445,0.08888888888888889,0.9199999999999999,0.37222222222222223,0.78,0.75
546,0.8944444444444445,0.11666666666666667,0.97,0.33611111111111114,0.74,0.77
547,0.8916666666666667,0.13333333333333333,0.8300000000000001,0.3416666666666667,1.1300000000000001,0.6900000000000001
548,0.8916666666666667,0.13333333333333333,0.8300000000000001,0.3416666666666667,1.1300000000000001,0.6900000000000001
549,0.8944444444444445,0.14444444444444443,0.74,0.3388888888888889,1.1199999999999999,0.63
550,0.8944444444444445,0.14444444444444443,0.74,0.3388888888888889,1.1199999999999999,0.63
551,0.9,0.07777777777777778,0.64,0.33611111111111114,1.17,0.5900000000000001
552,0.9,0.07777777777777778,0.64,0.33611111111111114,1.17,0.5900000000000001
553,0.9,0.07777777777777778,0.64,0.33611111111111114,1.17,0.5900000000000001
554,0.9138888888888889,0.06666666666666667,0.5900000000000001,0.3388888888888889,1.1199999999999999,0.5599999999999999
555,0.9138888888888889,0.06666666666666667,0.5900000000000001,0.3388888888888889,1.1199999999999999,0.5599999999999999
556,0.9138888888888889,0.06666666666666667,0.5900000000000001,0.3388888888888889,1.1199999999999999,0.5599999999999999
557,0.9166666666666666,0.13055555555555556,0.5599999999999999,0.3388888888888889,1.16,0.6
558,0.9166666666666666,0.13055555555555556,0.5599999999999999,0.3388888888888889,1.16,0.6
559,0.9166666666666666,0.13055555555555556,0.5599999999999999,0.3388888888888889,1.16,0.6
560,0.9527777777777777,0.13055555555555556,0.4,0.325,1.15,0.62
561,0.9527777777777777,0.13055555555555556,0.4,0.325,1.15,0.62
562,0.9527777777777777,0.13055555555555556,0.4,0.325,1.15,0.62
563,0.9638888888888889,0.25,0.27,0.3472222222222222,1.42,0.62
564,0.9638888888888889,0.25,0.27,0.3472222222222222,1.42,0.62
565,0.9638888888888889,0.25,0.27,0.3472222222222222,1.42,0.62
566,0.9777777777777777,0.4027777777777778,0.4,0.425,1.09,0.7
567,0.9777777777777777,0.4027777777777778,0.4,0.425,1.09,0.7
568,0.9777777777777777,0.4027777777777778,0.4,0.425,1.09,0.7
569,0.005555555555555556,0.41944444444444445,0.41,0.3611111111111111,1.16,0.71
570,0.005555555555555556,0.41944444444444445,0.41,0.3611111111111111,1.16,0.71
571,0.005555555555555556,0.41944444444444445,0.41,0.3611111111111111,1.16,0.71
572,0.025,0.4638888888888889,0.42000000000000004,0.38055555555555554,1.08,0.54
573,0.025,0.4638888888888889,0.42000000000000004,0.38055555555555554,1.08,0.54
574,0.025,0.4638888888888889,0.42000000000000004,0.38055555555555554,1.08,0.54
575,0.025,0.5,0.38,0.3472222222222222,1.1199999999999999,0.45
576,0.025,0.5,0.38,0.3472222222222222,1.1199999999999999,0.45
577,0.025,0.5,0.38,0.3472222222222222,1.1199999999999999,0.45
578,0.05,0.5166666666666667,0.5599999999999999,0.3472222222222222,1.08,0.53
579,0.05,0.5166666666666667,0.5599999999999999,0.3472222222222222,1.08,0.53
580,0.09166666666666666,0.5444444444444444,0.71,0.33611111111111114,1.01,0.43
581,0.09166666666666666,0.5444444444444444,0.71,0.33611111111111114,1.01,0.43
582,0.09166666666666666,0.5444444444444444,0.71,0.33611111111111114,1.01,0.43
583,0.09722222222222222,0.5416666666666666,0.54,0.3472222222222222,1.0,0.5599999999999999
584,0.09722222222222222,0.5416666666666666,0.54,0.3472222222222222,1.0,0.5599999999999999
585,0.09722222222222222,0.5416666666666666,0.54,0.3472222222222222,1.0,0.5599999999999999
586,0.09444444444444444,0.5055555555555555,0.72,0.3527777777777778,0.9,0.49000000000000005
587,0.09444444444444444,0.5055555555555555,0.72,0.3527777777777778,0.9,0.49000000000000005
588,0.09444444444444444,0.5055555555555555,0.72,0.3527777777777778,0.9,0.49000000000000005
589,0.09444444444444444,0.5055555555555555,0.72,0.34444444444444444,0.76,0.49000000000000005
590,0.1111111111111111,0.49722222222222223,0.5900000000000001,0.3388888888888889,0.75,0.29
591,0.1111111111111111,0.49722222222222223,0.5900000000000001,0.3388888888888889,0.75,0.29
592,0.20277777777777778,0.49166666666666664,0.52,0.3138888888888889,0.52,0.27
593,0.20277777777777778,0.49166666666666664,0.52,0.3138888888888889,0.52,0.27
594,0.20277777777777778,0.49166666666666664,0.52,0.3138888888888889,0.52,0.27
595,0.15555555555555556,0.48333333333333334,0.5,0.175,0.22000000000000003,0.19
596,0.15555555555555556,0.48333333333333334,0.5,0.175,0.22000000000000003,0.19
597,0.15555555555555556,0.48333333333333334,0.5,0.175,0.22000000000000003,0.19
598,0.20277777777777778,0.475,0.61,0.9472222222222222,0.45,0.27999999999999997
599,0.20277777777777778,0.475,0.61,0.9472222222222222,0.45,0.27999999999999997
600,0.20277777777777778,0.475,0.61,0.9472222222222222,0.45,0.27999999999999997
601,0.1111111111111111,0.46944444444444444,0.74,0.8361111111111111,0.51,0.12
602,0.1111111111111111,0.46944444444444444,0.74,0.8361111111111111,0.51,0.12
603,0.1111111111111111,0.46944444444444444,0.74,0.8361111111111111,0.51,0.12
604,0.125,0.4722222222222222,0.73,0.8527777777777777,0.5599999999999999,0.06999999999999999
605,0.125,0.4722222222222222,0.73,0.8527777777777777,0.5599999999999999,0.06999999999999999
606,0.125,0.4722222222222222,0.73,0.8527777777777777,0.5599999999999999,0.06999999999999999
607,0.125,0.4722222222222222,0.73,0.8527777777777777,0.5599999999999999,0.06999999999999999
608,0.125,0.4722222222222222,0.73,0.8527777777777777,0.5599999999999999,0.06999999999999999
609,0.125,0.4722222222222222,0.73,0.8527777777777777,0.5599999999999999,0.06999999999999999
610,0.125,0.4722222222222222,0.73,0.8527777777777777,0.5599999999999999,0.06999999999999999
611,0.125,0.4722222222222222,0.73,0.8527777777777777,0.5599999999999999,0.06999999999999999
612,0.125,0.4722222222222222,0.73,0.8527777777777777,0.5599999999999999,0.06999999999999999
613,0.125,0.4722222222222222,0.73,0.8527777777777777,0.5599999999999999,0.06999999999999999
614,0.125,0.8305555555555556,0.47000000000000003,0.925,0.61,0.06999999999999999
615,0.12777777777777777,0.11388888888888889,0.71,0.975,0.42000000000000004,0.32
616,0.12777777777777777,0.11388888888888889,0.71,0.975,0.42000000000000004,0.32
617,0.12777777777777777,0.11388888888888889,0.71,0.975,0.42000000000000004,0.32
618,0.12777777777777777,0.12222222222222222,0.67,0.9805555555555555,0.35,0.33999999999999997
619,0.12777777777777777,0.12222222222222222,0.67,0.9805555555555555,0.35,0.33999999999999997
620,0.12777777777777777,0.12222222222222222,0.67,0.9805555555555555,0.35,0.33999999999999997
621,0.15555555555555556,0.08611111111111111,0.63,0.8222222222222222,0.5,0.35
622,0.15555555555555556,0.08611111111111111,0.63,0.8222222222222222,0.5,0.35
623,0.15555555555555556,0.08611111111111111,0.63,0.8222222222222222,0.5,0.35
624,0.15,0.08055555555555556,0.62,0.8111111111111111,0.5900000000000001,0.37
625,0.15,0.08055555555555556,0.62,0.8111111111111111,0.5900000000000001,0.37
626,0.15,0.08055555555555556,0.62,0.8111111111111111,0.5900000000000001,0.37
627,0.13333333333333333,0.15,0.52,0.8444444444444444,0.6,0.45999999999999996
628,0.13333333333333333,0.15,0.52,0.8444444444444444,0.6,0.45999999999999996
629,0.13333333333333333,0.15,0.52,0.8444444444444444,0.6,0.45999999999999996
630,0.13333333333333333,0.2388888888888889,0.4,0.8722222222222222,0.64,0.5599999999999999
631,0.13333333333333333,0.2388888888888889,0.4,0.8722222222222222,0.64,0.5599999999999999
632,0.13333333333333333,0.2388888888888889,0.4,0.8722222222222222,0.64,0.5599999999999999
633,0.17222222222222222,0.9527777777777777,0.7,0.8638888888888889,0.61,0.63
634,0.17222222222222222,0.9527777777777777,0.7,0.8638888888888889,0.61,0.63
635,0.17222222222222222,0.9527777777777777,0.7,0.8638888888888889,0.61,0.63
636,0.14166666666666666,0.06666666666666667,0.55,0.9083333333333333,0.5,0.6900000000000001
637,0.14166666666666666,0.06666666666666667,0.55,0.9083333333333333,0.5,0.6900000000000001
638,0.14166666666666666,0.06666666666666667,0.55,0.9083333333333333,0.5,0.6900000000000001
639,0.17777777777777778,0.9972222222222222,0.72,0.8833333333333333,0.61,0.7
640,0.17777777777777778,0.9972222222222222,0.72,0.8833333333333333,0.61,0.7
641,0.17777777777777778,0.9972222222222222,0.72,0.8833333333333333,0.61,0.7
642,0.17777777777777778,0.9388888888888889,0.8400000000000001,0.825,0.6900000000000001,0.67
643,0.17777777777777778,0.9388888888888889,0.8400000000000001,0.825,0.6900000000000001,0.67
644,0.18888888888888888,0.9611111111111111,0.77,0.8083333333333333,0.75,0.6599999999999999
645,0.18888888888888888,0.9611111111111111,0.77,0.8083333333333333,0.75,0.6599999999999999
646,0.18888888888888888,0.9611111111111111,0.77,0.8083333333333333,0.75,0.6599999999999999
647,0.18333333333333332,0.9527777777777777,0.65,0.8611111111111112,0.79,0.67
648,0.18333333333333332,0.9527777777777777,0.65,0.8611111111111112,0.79,0.67
649,0.18333333333333332,0.9527777777777777,0.65,0.8611111111111112,0.79,0.67
650,0.17777777777777778,0.9861111111111112,0.62,0.8138888888888889,0.95,0.67
651,0.17777777777777778,0.9861111111111112,0.62,0.8138888888888889,0.95,0.67
652,0.17777777777777778,0.9861111111111112,0.62,0.8138888888888889,0.95,0.67
653,0.2111111111111111,0.8916666666666667,0.63,0.85,0.8699999999999999,0.72
654,0.2111111111111111,0.8916666666666667,0.63,0.85,0.8699999999999999,0.72
655,0.23333333333333334,0.9333333333333333,0.64,0.9027777777777778,0.8400000000000001,0.73
656,0.2222222222222222,0.9305555555555556,0.7,0.8222222222222222,1.1099999999999999,0.6799999999999999
657,0.2222222222222222,0.9305555555555556,0.7,0.8222222222222222,1.1099999999999999,0.6799999999999999
658,0.2222222222222222,0.9305555555555556,0.7,0.8222222222222222,1.1099999999999999,0.6799999999999999
659,0.19444444444444445,0.9388888888888889,0.76,0.7833333333333333,1.1300000000000001,0.71
660,0.19444444444444445,0.9388888888888889,0.76,0.7833333333333333,1.1300000000000001,0.71
661,0.19444444444444445,0.9388888888888889,0.76,0.7833333333333333,1.1300000000000001,0.71
662,0.20277777777777778,0.9388888888888889,0.76,0.7833333333333333,1.1300000000000001,0.77
663,0.20277777777777778,0.8972222222222223,0.8099999999999999,0.7944444444444444,1.23,0.77
664,0.20277777777777778,0.8972222222222223,0.8099999999999999,0.7944444444444444,1.23,0.77
665,0.18333333333333332,0.8972222222222223,0.9199999999999999,0.7833333333333333,1.24,0.9199999999999999
666,0.18333333333333332,0.8972222222222223,0.9199999999999999,0.7833333333333333,1.24,0.9199999999999999
667,0.18333333333333332,0.8972222222222223,0.9199999999999999,0.7833333333333333,1.24,0.9199999999999999
668,0.17777777777777778,0.9166666666666666,0.89,0.8,1.1800000000000002,0.9
669,0.17777777777777778,0.9166666666666666,0.89,0.8,1.1800000000000002,0.9
670,0.17777777777777778,0.9166666666666666,0.89,0.8,1.1800000000000002,0.9
671,0.125,0.9194444444444444,0.99,0.8111111111111111,1.22,0.97
672,0.125,0.9194444444444444,0.99,0.8111111111111111,1.22,0.97
673,0.125,0.9194444444444444,0.99,0.8111111111111111,1.22,0.97
674,0.125,0.925,0.97,0.8222222222222222,1.1800000000000002,0.9400000000000001
675,0.10833333333333334,0.9166666666666666,0.89,0.8333333333333334,1.2,0.9
676,0.10833333333333334,0.9166666666666666,0.89,0.8333333333333334,1.2,0.9
677,0.09722222222222222,0.9194444444444444,0.8300000000000001,0.8138888888888889,1.05,0.8
678,0.09722222222222222,0.9194444444444444,0.8300000000000001,0.8138888888888889,1.05,0.8
679,0.12222222222222222,0.8916666666666667,0.65,0.8111111111111111,0.9800000000000001,0.71
680,0.12222222222222222,0.8916666666666667,0.65,0.8111111111111111,0.9800000000000001,0.71
681,0.12222222222222222,0.8916666666666667,0.65,0.8111111111111111,0.9800000000000001,0.71
682,0.12222222222222222,0.8666666666666667,0.77,0.8361111111111111,1.05,0.78
683,0.12222222222222222,0.8666666666666667,0.77,0.8361111111111111,1.05,0.78
684,0.12222222222222222,0.8666666666666667,0.77,0.8361111111111111,1.05,0.78
685,0.044444444444444446,0.8861111111111111,0.72,0.85,1.04,0.79
686,0.044444444444444446,0.8861111111111111,0.72,0.85,1.04,0.79
687,0.044444444444444446,0.8861111111111111,0.72,0.85,1.04,0.79
688,0.03888888888888889,0.8833333333333333,0.85,0.825,0.8099999999999999,0.8400000000000001
689,0.03888888888888889,0.8833333333333333,0.85,0.825,0.8099999999999999,0.8400000000000001
690,0.03888888888888889,0.8833333333333333,0.85,0.825,0.8099999999999999,0.8400000000000001
691,0.030555555555555555,0.8972222222222223,0.72,0.8388888888888889,0.74,0.8400000000000001
692,0.030555555555555555,0.8972222222222223,0.72,0.8388888888888889,0.74,0.8400000000000001
693,0.030555555555555555,0.8972222222222223,0.72,0.8388888888888889,0.74,0.8400000000000001
694,0.027777777777777776,0.9111111111111111,0.6900000000000001,0.8388888888888889,0.7,0.79
695,0.027777777777777776,0.9111111111111111,0.6900000000000001,0.8388888888888889,0.7,0.79
696,0.027777777777777776,0.9111111111111111,0.6900000000000001,0.8388888888888889,0.7,0.79
697,0.016666666666666666,0.9416666666666667,0.77,0.8194444444444444,0.71,0.76
698,0.016666666666666666,0.9416666666666667,0.77,0.8194444444444444,0.71,0.76
699,0.016666666666666666,0.9416666666666667,0.77,0.8194444444444444,0.71,0.76
700,0.019444444444444445,0.9472222222222222,0.82,0.8583333333333333,0.62,0.6799999999999999
701,0.019444444444444445,0.9472222222222222,0.82,0.8583333333333333,0.62,0.6799999999999999
702,0.019444444444444445,0.9472222222222222,0.82,0.8583333333333333,0.62,0.6799999999999999
703,0.9861111111111112,0.9666666666666667,0.71,0.075,0.54,0.52
704,0.9861111111111112,0.9666666666666667,0.71,0.075,0.54,0.52
705,0.9861111111111112,0.9666666666666667,0.71,0.075,0.54,0.52
706,0.9666666666666667,0.002777777777777778,0.5599999999999999,0.125,0.44000000000000006,0.5
707,0.9666666666666667,0.002777777777777778,0.5599999999999999,0.125,0.44000000000000006,0.5
708,0.9777777777777777,0.9916666666666667,0.51,0.15833333333333333,0.51,0.61
709,0.9777777777777777,0.9916666666666667,0.51,0.15833333333333333,0.51,0.61
710,0.9777777777777777,0.9916666666666667,0.51,0.15833333333333333,0.51,0.61
711,0.975,0.9472222222222222,0.54,0.15,0.5,0.63
712,0.975,0.9472222222222222,0.54,0.15,0.5,0.63
713,0.975,0.9472222222222222,0.54,0.15,0.5,0.63
714,0.9416666666666667,0.005555555555555556,0.5900000000000001,0.20277777777777778,0.63,0.61
715,0.9416666666666667,0.005555555555555556,0.5900000000000001,0.20277777777777778,0.63,0.61
716,0.9416666666666667,0.005555555555555556,0.5900000000000001,0.20277777777777778,0.63,0.61
717,0.9694444444444444,0.027777777777777776,0.5900000000000001,0.275,0.75,0.5599999999999999
718,0.9694444444444444,0.027777777777777776,0.5900000000000001,0.275,0.75,0.5599999999999999
719,0.9166666666666666,0.016666666666666666,0.58,0.25833333333333336,0.63,0.61
720,0.9166666666666666,0.016666666666666666,0.58,0.25833333333333336,0.63,0.61
721,0.9194444444444444,0.04722222222222222,0.54,0.3111111111111111,0.8400000000000001,0.6
722,0.9194444444444444,0.04722222222222222,0.54,0.3111111111111111,0.8400000000000001,0.6
723,0.9194444444444444,0.04722222222222222,0.54,0.3111111111111111,0.8400000000000001,0.6
724,0.9138888888888889,0.04722222222222222,0.54,0.30833333333333335,0.74,0.64
725,0.9138888888888889,0.022222222222222223,0.5700000000000001,0.30833333333333335,0.74,0.64
726,0.9138888888888889,0.022222222222222223,0.5700000000000001,0.30833333333333335,0.74,0.64
727,0.9,0.041666666666666664,0.5599999999999999,0.32222222222222224,0.96,0.54
728,0.9,0.041666666666666664,0.5599999999999999,0.32222222222222224,0.96,0.54
729,0.9,0.041666666666666664,0.5599999999999999,0.32222222222222224,0.96,0.54
730,0.8611111111111112,0.12777777777777777,0.6,0.30833333333333335,0.78,0.62
731,0.8611111111111112,0.12777777777777777,0.6,0.30833333333333335,0.78,0.62
732,0.8611111111111112,0.12777777777777777,0.6,0.30833333333333335,0.78,0.62
733,0.875,0.175,0.5700000000000001,0.23333333333333334,0.8400000000000001,0.62
734,0.875,0.175,0.5700000000000001,0.23333333333333334,0.8400000000000001,0.62
735,0.875,0.175,0.5700000000000001,0.23333333333333334,0.8400000000000001,0.62
736,0.9,0.21388888888888888,0.53,0.15833333333333333,0.77,0.6799999999999999
737,0.9,0.21388888888888888,0.53,0.15833333333333333,0.77,0.6799999999999999
738,0.9,0.21388888888888888,0.53,0.15833333333333333,0.77,0.6799999999999999
739,0.9944444444444445,0.22777777777777777,0.48,0.16111111111111112,0.77,0.65
740,0.9,0.22777777777777777,0.48,0.11944444444444445,0.65,0.75
741,0.9,0.19722222222222222,0.39,0.11944444444444445,0.65,0.75
742,0.975,0.21666666666666667,0.31,0.09166666666666666,0.8099999999999999,0.93
743,0.975,0.21666666666666667,0.31,0.09166666666666666,0.8099999999999999,0.93
744,0.9416666666666667,0.19444444444444445,0.33999999999999997,0.07777777777777778,0.93,0.9099999999999999
745,0.9416666666666667,0.19444444444444445,0.33999999999999997,0.07777777777777778,0.93,0.9099999999999999
746,0.9416666666666667,0.19444444444444445,0.33999999999999997,0.07777777777777778,0.93,0.9099999999999999
747,0.9611111111111111,0.17777777777777778,0.33999999999999997,0.04722222222222222,0.85,0.9199999999999999
748,0.9611111111111111,0.17777777777777778,0.33999999999999997,0.04722222222222222,0.85,0.9199999999999999
749,0.9611111111111111,0.17777777777777778,0.33999999999999997,0.04722222222222222,0.85,0.9199999999999999
750,0.9555555555555556,0.18888888888888888,0.4,0.022222222222222223,0.85,0.8800000000000001
751,0.9555555555555556,0.18888888888888888,0.4,0.022222222222222223,0.85,0.8800000000000001
752,0.9555555555555556,0.18888888888888888,0.4,0.022222222222222223,0.85,0.8800000000000001
753,0.9611111111111111,0.1638888888888889,0.5,0.9527777777777777,0.9199999999999999,0.89
754,0.9611111111111111,0.1638888888888889,0.5,0.9527777777777777,0.9199999999999999,0.89
755,0.9611111111111111,0.1638888888888889,0.5,0.9527777777777777,0.9199999999999999,0.89
756,0.9611111111111111,0.17777777777777778,0.49000000000000005,0.8888888888888888,1.05,0.89
757,0.9611111111111111,0.17777777777777778,0.49000000000000005,0.8888888888888888,1.05,0.89
758,0.9611111111111111,0.17777777777777778,0.49000000000000005,0.8888888888888888,1.05,0.89
759,0.9416666666666667,0.18333333333333332,0.53,0.8277777777777777,1.05,0.89
760,0.9416666666666667,0.18333333333333332,0.53,0.8277777777777777,1.05,0.89
761,0.9416666666666667,0.18333333333333332,0.53,0.8277777777777777,1.05,0.89
762,0.9444444444444444,0.18888888888888888,0.61,0.8222222222222222,1.03,0.85
763,0.9444444444444444,0.18888888888888888,0.61,0.8222222222222222,1.03,0.85
764,0.9444444444444444,0.18888888888888888,0.61,0.8222222222222222,1.03,0.85
765,0.95,0.18333333333333332,0.67,0.8222222222222222,0.7,0.8800000000000001
766,0.95,0.18333333333333332,0.67,0.8222222222222222,0.7,0.8800000000000001
767,0.95,0.18333333333333332,0.67,0.8222222222222222,0.7,0.8800000000000001
768,0.9583333333333334,0.175,0.73,0.7888888888888889,0.64,0.89
769,0.9583333333333334,0.175,0.73,0.7888888888888889,0.64,0.89
770,0.9583333333333334,0.175,0.73,0.7888888888888889,0.64,0.89
771,0.9472222222222222,0.18055555555555555,0.74,0.9583333333333334,0.52,0.86
772,0.9472222222222222,0.18055555555555555,0.74,0.9583333333333334,0.52,0.86
773,0.975,0.18055555555555555,0.72,0.6694444444444444,0.04,0.9099999999999999
774,0.975,0.18055555555555555,0.72,0.6694444444444444,0.04,0.9099999999999999
775,0.975,0.18055555555555555,0.72,0.6694444444444444,0.04,0.9099999999999999
776,0.9805555555555555,0.18055555555555555,0.8300000000000001,0.6916666666666667,0.32999999999999996,0.9
777,0.9805555555555555,0.18055555555555555,0.8300000000000001,0.6916666666666667,0.32999999999999996,0.9
778,0.9805555555555555,0.18055555555555555,0.8300000000000001,0.6916666666666667,0.32999999999999996,0.9
779,0.9583333333333334,0.17222222222222222,0.8099999999999999,0.8444444444444444,0.5,0.78
780,0.9583333333333334,0.17222222222222222,0.8099999999999999,0.8444444444444444,0.5,0.78
781,0.9583333333333334,0.17222222222222222,0.8099999999999999,0.8444444444444444,0.5,0.78
782,0.9555555555555556,0.16666666666666666,0.85,0.027777777777777776,0.48,0.78
783,0.9555555555555556,0.16666666666666666,0.85,0.027777777777777776,0.48,0.78
784,0.95,0.19444444444444445,0.79,0.03888888888888889,0.42000000000000004,0.77
785,0.95,0.19444444444444445,0.79,0.03888888888888889,0.42000000000000004,0.77
786,0.9277777777777778,0.2,0.75,0.03611111111111111,0.6,0.73
787,0.9277777777777778,0.2,0.75,0.03611111111111111,0.6,0.73
788,0.9277777777777778,0.2,0.75,0.03611111111111111,0.6,0.73
789,0.9055555555555556,0.18055555555555555,0.8099999999999999,0.03888888888888889,0.5700000000000001,0.6799999999999999
790,0.9055555555555556,0.18055555555555555,0.8099999999999999,0.03888888888888889,0.5700000000000001,0.6799999999999999
791,0.9055555555555556,0.18055555555555555,0.8099999999999999,0.03888888888888889,0.5700000000000001,0.6799999999999999
792,0.9,0.18611111111111112,0.86,0.9388888888888889,0.53,0.64
793,0.9,0.18611111111111112,0.86,0.9388888888888889,0.53,0.64
794,0.9,0.18611111111111112,0.86,0.9388888888888889,0.53,0.64
795,0.9,0.19166666666666668,0.9199999999999999,0.9861111111111112,0.5,0.5599999999999999
796,0.9,0.19166666666666668,0.9199999999999999,0.9861111111111112,0.5,0.5599999999999999
797,0.9,0.19166666666666668,0.9199999999999999,0.9861111111111112,0.5,0.5599999999999999
798,0.9194444444444444,0.18333333333333332,0.85,0.09444444444444444,0.49000000000000005,0.55
799,0.9194444444444444,0.18333333333333332,0.85,0.09444444444444444,0.49000000000000005,0.55
800,0.9194444444444444,0.18333333333333332,0.85,0.09444444444444444,0.49000000000000005,0.55
801,0.8416666666666667,0.18888888888888888,0.8699999999999999,0.15,0.36,0.44000000000000006
802,0.8416666666666667,0.18888888888888888,0.8699999999999999,0.15,0.36,0.44000000000000006
803,0.8416666666666667,0.18888888888888888,0.8699999999999999,0.15,0.36,0.44000000000000006
804,0.8305555555555556,0.18888888888888888,0.85,0.2,0.16999999999999998,0.43
805,0.8027777777777778,0.18888888888888888,0.85,0.2,0.16999999999999998,0.45
806,0.8027777777777778,0.19722222222222222,0.8699999999999999,0.37777777777777777,0.4,0.45
807,0.8138888888888889,0.2,0.79,0.29444444444444445,0.26,0.39
808,0.8138888888888889,0.2,0.79,0.29444444444444445,0.26,0.39
809,0.7472222222222222,0.19722222222222222,0.5700000000000001,0.24444444444444444,0.39,0.35
810,0.7472222222222222,0.19722222222222222,0.5700000000000001,0.24444444444444444,0.39,0.35
811,0.7472222222222222,0.19722222222222222,0.5700000000000001,0.24444444444444444,0.39,0.35
812,0.7611111111111111,0.28055555555555556,0.27999999999999997,0.25277777777777777,0.16999999999999998,0.5599999999999999
813,0.7611111111111111,0.28055555555555556,0.27999999999999997,0.25277777777777777,0.16999999999999998,0.5599999999999999
814,0.7611111111111111,0.28055555555555556,0.27999999999999997,0.25277777777777777,0.16999999999999998,0.5599999999999999
815,0.7138888888888889,0.3638888888888889,0.45,0.23055555555555557,0.11000000000000001,0.43
816,0.7138888888888889,0.3638888888888889,0.45,0.23055555555555557,0.11000000000000001,0.43
817,0.7138888888888889,0.3638888888888889,0.45,0.23055555555555557,0.11000000000000001,0.43
818,0.7138888888888889,0.37222222222222223,0.5,0.2388888888888889,0.42000000000000004,0.45999999999999996
819,0.7138888888888889,0.37222222222222223,0.5,0.2388888888888889,0.42000000000000004,0.45999999999999996
820,0.7138888888888889,0.37222222222222223,0.5,0.2388888888888889,0.42000000000000004,0.45999999999999996
821,0.6916666666666667,0.3888888888888889,0.4,0.22777777777777777,0.47000000000000003,0.52
822,0.6916666666666667,0.3888888888888889,0.4,0.22777777777777777,0.47000000000000003,0.52
823,0.6916666666666667,0.3888888888888889,0.4,0.22777777777777777,0.47000000000000003,0.52
824,0.7166666666666667,0.375,0.36,0.22777777777777777,0.36,0.55
825,0.7166666666666667,0.375,0.36,0.22777777777777777,0.36,0.55
826,0.7166666666666667,0.375,0.36,0.22777777777777777,0.36,0.55
827,0.7166666666666667,0.3194444444444444,0.12,0.24444444444444444,0.3,0.61
828,0.7166666666666667,0.3194444444444444,0.12,0.24444444444444444,0.3,0.61
829,0.7166666666666667,0.3194444444444444,0.12,0.24444444444444444,0.3,0.61
830,0.725,0.20555555555555555,0.03,0.16944444444444445,0.27,0.53
831,0.725,0.20555555555555555,0.03,0.16944444444444445,0.27,0.53
832,0.725,0.20555555555555555,0.03,0.16944444444444445,0.27,0.53
833,0.6805555555555556,0.95,0.22000000000000003,0.20833333333333334,0.22999999999999998,0.5
834,0.6805555555555556,0.95,0.22000000000000003,0.20833333333333334,0.22999999999999998,0.5
835,0.6805555555555556,0.95,0.22000000000000003,0.20833333333333334,0.22999999999999998,0.5
836,0.6472222222222223,0.013888888888888888,0.16999999999999998,0.18055555555555555,0.2,0.54
837,0.6472222222222223,0.013888888888888888,0.16999999999999998,0.18055555555555555,0.2,0.54
838,0.6472222222222223,0.013888888888888888,0.16999999999999998,0.18055555555555555,0.2,0.54
839,0.5944444444444444,0.23333333333333334,0.1,0.16111111111111112,0.2,0.64
840,0.5944444444444444,0.23333333333333334,0.1,0.16111111111111112,0.2,0.64
841,0.5944444444444444,0.23333333333333334,0.1,0.16111111111111112,0.2,0.64
842,0.6194444444444445,0.45555555555555555,0.41,0.7305555555555555,0.29,0.75
843,0.6194444444444445,0.45555555555555555,0.41,0.7305555555555555,0.29,0.75
844,0.6194444444444445,0.45555555555555555,0.41,0.7305555555555555,0.29,0.75
845,0.6083333333333333,0.475,0.58,0.7916666666666666,0.63,0.75
846,0.6083333333333333,0.475,0.58,0.7916666666666666,0.63,0.75
847,0.6083333333333333,0.475,0.58,0.7916666666666666,0.63,0.75
848,0.6083333333333333,0.475,0.58,0.7916666666666666,0.63,0.75
849,0.5944444444444444,0.475,0.48,0.8277777777777777,0.5599999999999999,0.9
850,0.6055555555555555,0.5027777777777778,0.6,0.8166666666666667,0.63,0.96
851,0.5305555555555556,0.49722222222222223,0.72,0.8222222222222222,0.67,0.89
852,0.5305555555555556,0.49722222222222223,0.72,0.8222222222222222,0.67,0.89
853,0.5305555555555556,0.49722222222222223,0.72,0.8222222222222222,0.67,0.89
854,0.5277777777777778,0.5277777777777778,0.72,0.8694444444444445,0.8400000000000001,1.03
855,0.5277777777777778,0.5277777777777778,0.72,0.8694444444444445,0.8400000000000001,1.03
856,0.5277777777777778,0.5277777777777778,0.72,0.8694444444444445,0.8400000000000001,1.03
857,0.5027777777777778,0.5638888888888889,0.5700000000000001,0.7833333333333333,0.77,1.06
858,0.5027777777777778,0.5638888888888889,0.5700000000000001,0.7833333333333333,0.77,1.06
859,0.5027777777777778,0.5638888888888889,0.5700000000000001,0.7833333333333333,0.77,1.06
860,0.4722222222222222,0.6388888888888888,0.5900000000000001,0.8,0.79,1.15
861,0.4722222222222222,0.6388888888888888,0.5900000000000001,0.8,0.79,1.15
862,0.4722222222222222,0.6388888888888888,0.5900000000000001,0.8,0.79,1.15
863,0.4638888888888889,0.6944444444444444,0.5700000000000001,0.8194444444444444,0.9,1.1400000000000001
864,0.4638888888888889,0.6944444444444444,0.5700000000000001,0.8194444444444444,0.9,1.1400000000000001
865,0.4638888888888889,0.6944444444444444,0.5700000000000001,0.8194444444444444,0.9,1.1400000000000001
866,0.48333333333333334,0.7722222222222223,0.29,0.8138888888888889,0.85,1.29
867,0.48333333333333334,0.7722222222222223,0.29,0.8138888888888889,0.85,1.29
868,0.48333333333333334,0.7722222222222223,0.29,0.8138888888888889,0.85,1.29
869,0.46944444444444444,0.7722222222222223,0.29,0.8083333333333333,0.89,1.1800000000000002
870,0.46111111111111114,0.6861111111111111,0.24,0.8277777777777777,1.04,1.2
871,0.46111111111111114,0.6861111111111111,0.24,0.8277777777777777,1.04,1.2
872,0.4166666666666667,0.6527777777777778,0.22999999999999998,0.7944444444444444,1.06,1.19
873,0.4166666666666667,0.6527777777777778,0.22999999999999998,0.7944444444444444,1.06,1.19
874,0.44166666666666665,0.6833333333333333,0.16,0.8027777777777778,1.06,1.1199999999999999
875,0.44166666666666665,0.6833333333333333,0.16,0.8027777777777778,1.06,1.1199999999999999
876,0.44166666666666665,0.6833333333333333,0.16,0.8027777777777778,1.06,1.1199999999999999
877,0.6361111111111111,0.5916666666666667,0.36,0.7694444444444445,0.96,0.52
878,0.6361111111111111,0.5916666666666667,0.36,0.7694444444444445,0.96,0.52
879,0.6361111111111111,0.5916666666666667,0.36,0.7694444444444445,0.96,0.52
880,0.7611111111111111,0.6444444444444445,0.4,0.8,0.96,1.1099999999999999
881,0.7611111111111111,0.6444444444444445,0.4,0.8,0.96,1.1099999999999999
882,0.7611111111111111,0.6444444444444445,0.4,0.8,0.96,1.1099999999999999
883,0.7666666666666667,0.6805555555555556,0.38,0.7972222222222223,0.89,1.1
884,0.7666666666666667,0.6805555555555556,0.38,0.7972222222222223,0.89,1.1
885,0.7666666666666667,0.6805555555555556,0.38,0.7972222222222223,0.89,1.1
886,0.7861111111111111,0.7111111111111111,0.42000000000000004,0.7888888888888889,0.9,1.09
887,0.7861111111111111,0.7111111111111111,0.42000000000000004,0.7888888888888889,0.9,1.09
888,0.7861111111111111,0.7111111111111111,0.42000000000000004,0.7888888888888889,0.9,1.09
889,0.7777777777777778,0.7527777777777778,0.58,0.7916666666666666,0.9199999999999999,1.1300000000000001
890,0.7777777777777778,0.7527777777777778,0.58,0.7916666666666666,0.9199999999999999,1.1300000000000001
891,0.7777777777777778,0.7527777777777778,0.58,0.7916666666666666,0.9199999999999999,1.1300000000000001
892,0.775,0.7694444444444445,0.41,0.7861111111111111,0.85,1.06
893,0.775,0.7694444444444445,0.41,0.7861111111111111,0.85,1.06
894,0.775,0.7694444444444445,0.41,0.7861111111111111,0.85,1.06
895,0.7833333333333333,0.8,0.47000000000000003,0.8138888888888889,0.74,0.8400000000000001
896,0.7833333333333333,0.8,0.47000000000000003,0.8138888888888889,0.74,0.8400000000000001
897,0.7833333333333333,0.8,0.47000000000000003,0.8138888888888889,0.74,0.8400000000000001
898,0.7638888888888888,0.8694444444444445,0.51,0.8222222222222222,0.71,0.8099999999999999
899,0.7638888888888888,0.8694444444444445,0.51,0.8222222222222222,0.71,0.8099999999999999
900,0.7638888888888888,0.8694444444444445,0.51,0.8222222222222222,0.71,0.8099999999999999
901,0.775,0.9055555555555556,0.6,0.8527777777777777,0.64,0.8099999999999999
902,0.775,0.9055555555555556,0.6,0.8527777777777777,0.64,0.8099999999999999
903,0.7666666666666667,0.8944444444444445,0.7,0.8166666666666667,0.53,0.82
904,0.7666666666666667,0.8944444444444445,0.7,0.8166666666666667,0.53,0.82
905,0.7666666666666667,0.8944444444444445,0.7,0.8166666666666667,0.53,0.82
906,0.7833333333333333,0.8416666666666667,0.58,0.8611111111111112,0.48,0.86
907,0.7833333333333333,0.8416666666666667,0.58,0.8611111111111112,0.48,0.86
908,0.7833333333333333,0.8416666666666667,0.58,0.8611111111111112,0.48,0.86
909,0.8055555555555556,0.8472222222222222,0.64,0.8861111111111111,0.45,0.7
910,0.8055555555555556,0.8472222222222222,0.64,0.8861111111111111,0.45,0.7
911,0.8055555555555556,0.8472222222222222,0.64,0.8861111111111111,0.45,0.7
912,0.8,0.8388888888888889,0.5599999999999999,0.10555555555555556,0.35,0.6599999999999999
913,0.8,0.8388888888888889,0.5599999999999999,0.10555555555555556,0.35,0.6599999999999999
914,0.8027777777777778,0.8,0.41,0.1527777777777778,0.35,0.55
915,0.7777777777777778,0.6611111111111111,0.19,0.19444444444444445,0.24,0.39
916,0.7777777777777778,0.6611111111111111,0.19,0.19444444444444445,0.24,0.39
917,0.7777777777777778,0.6611111111111111,0.19,0.19444444444444445,0.24,0.39
918,0.6972222222222222,0.6111111111111112,0.22000000000000003,0.3,0.32999999999999996,0.44000000000000006
919,0.6972222222222222,0.6111111111111112,0.22000000000000003,0.3,0.32999999999999996,0.44000000000000006
920,0.6972222222222222,0.6111111111111112,0.22000000000000003,0.3,0.32999999999999996,0.44000000000000006
921,0.675,0.5638888888888889,0.3,0.33611111111111114,0.58,0.5900000000000001
922,0.675,0.5638888888888889,0.3,0.33611111111111114,0.58,0.5900000000000001
923,0.675,0.5638888888888889,0.3,0.33611111111111114,0.58,0.5900000000000001
924,0.675,0.5527777777777778,0.4,0.3472222222222222,0.8300000000000001,0.62
925,0.675,0.5527777777777778,0.4,0.3472222222222222,0.8300000000000001,0.62
926,0.675,0.5527777777777778,0.4,0.3472222222222222,0.8300000000000001,0.62
927,0.675,0.5583333333333333,0.4,0.3472222222222222,0.86,0.64
928,0.675,0.5583333333333333,0.4,0.3472222222222222,0.86,0.64
929,0.675,0.5583333333333333,0.4,0.3472222222222222,0.86,0.64
930,0.6694444444444444,0.5583333333333333,0.4,0.33611111111111114,0.85,0.67
931,0.6694444444444444,0.5555555555555556,0.45,0.33611111111111114,0.85,0.67
932,0.6694444444444444,0.5555555555555556,0.45,0.33611111111111114,0.85,0.67
933,0.6722222222222223,0.5777777777777777,0.38,0.3277777777777778,0.49000000000000005,0.5700000000000001
934,0.6888888888888889,0.5777777777777777,0.38,0.3277777777777778,0.49000000000000005,0.55
935,0.7666666666666667,0.6166666666666667,0.44000000000000006,0.3472222222222222,1.0,0.7
936,0.7666666666666667,0.6166666666666667,0.44000000000000006,0.3472222222222222,1.0,0.7
937,0.7666666666666667,0.6166666666666667,0.44000000000000006,0.3472222222222222,1.0,0.7
938,0.8222222222222222,0.625,0.4,0.3138888888888889,0.65,0.64
939,0.8222222222222222,0.625,0.4,0.3138888888888889,0.65,0.64
940,0.8222222222222222,0.625,0.4,0.3138888888888889,0.65,0.64
941,0.7888888888888889,0.6166666666666667,0.37,0.325,0.73,0.8099999999999999
942,0.7888888888888889,0.6166666666666667,0.37,0.325,0.73,0.8099999999999999
943,0.7888888888888889,0.6166666666666667,0.37,0.325,0.73,0.8099999999999999
944,0.8305555555555556,0.6222222222222222,0.41,0.32222222222222224,0.8699999999999999,0.78
945,0.8305555555555556,0.6222222222222222,0.41,0.32222222222222224,0.8699999999999999,0.78
946,0.8305555555555556,0.6222222222222222,0.41,0.32222222222222224,0.8699999999999999,0.78
947,0.8472222222222222,0.5916666666666667,0.29,0.2833333333333333,0.5700000000000001,0.79
948,0.8472222222222222,0.5916666666666667,0.29,0.2833333333333333,0.5700000000000001,0.79
949,0.8472222222222222,0.5916666666666667,0.29,0.2833333333333333,0.5700000000000001,0.79
950,0.8611111111111112,0.5638888888888889,0.36,0.325,0.5700000000000001,0.78
951,0.8611111111111112,0.5638888888888889,0.36,0.325,0.5700000000000001,0.78
952,0.8611111111111112,0.5638888888888889,0.36,0.325,0.5700000000000001,0.78
953,0.85,0.5944444444444444,0.35,0.31666666666666665,1.1099999999999999,0.8
954,0.85,0.5944444444444444,0.35,0.31666666666666665,1.1099999999999999,0.8
955,0.85,0.5944444444444444,0.35,0.31666666666666665,1.1099999999999999,0.8
956,0.8583333333333333,0.6388888888888888,0.26,0.3416666666666667,1.28,0.51
957,0.8583333333333333,0.6388888888888888,0.26,0.3416666666666667,1.28,0.51
958,0.8583333333333333,0.6388888888888888,0.26,0.3416666666666667,1.28,0.51
959,0.7666666666666667,0.6416666666666667,0.19,0.3416666666666667,1.41,0.58
960,0.7666666666666667,0.6416666666666667,0.19,0.3416666666666667,1.41,0.58
961,0.7666666666666667,0.6416666666666667,0.19,0.3416666666666667,1.41,0.58
962,0.7638888888888888,0.6083333333333333,0.16999999999999998,0.3472222222222222,1.4300000000000002,0.6900000000000001
963,0.7638888888888888,0.6083333333333333,0.16999999999999998,0.3472222222222222,1.4300000000000002,0.6900000000000001
964,0.7638888888888888,0.6083333333333333,0.16999999999999998,0.3472222222222222,1.4300000000000002,0.6900000000000001
965,0.7777777777777778,0.6388888888888888,0.2,0.3472222222222222,1.4300000000000002,0.6799999999999999
966,0.7777777777777778,0.6388888888888888,0.2,0.3472222222222222,1.4300000000000002,0.6799999999999999
967,0.75,0.7361111111111112,0.25,0.34444444444444444,1.41,0.78
968,0.75,0.7361111111111112,0.25,0.34444444444444444,1.41,0.78
969,0.75,0.7361111111111112,0.25,0.34444444444444444,1.41,0.78
970,0.7527777777777778,0.675,0.32,0.3416666666666667,1.45,0.8800000000000001
971,0.7527777777777778,0.675,0.32,0.3416666666666667,1.45,0.8800000000000001
972,0.7527777777777778,0.675,0.32,0.3416666666666667,1.45,0.8800000000000001
973,0.7638888888888888,0.6833333333333333,0.35,0.3388888888888889,1.3900000000000001,0.97
974,0.7638888888888888,0.6833333333333333,0.35,0.3388888888888889,1.3900000000000001,0.97
975,0.7638888888888888,0.6833333333333333,0.35,0.3388888888888889,1.3900000000000001,0.97
976,0.7694444444444445,0.675,0.29,0.3388888888888889,1.41,0.8
977,0.7694444444444445,0.5805555555555556,0.2,0.3388888888888889,1.41,0.82
978,0.7694444444444445,0.5805555555555556,0.2,0.3388888888888889,1.41,0.82
979,0.7694444444444445,0.5805555555555556,0.2,0.3388888888888889,1.41,0.82
980,0.7138888888888889,0.5722222222222222,0.12,0.3333333333333333,1.3800000000000001,0.63
981,0.7138888888888889,0.5722222222222222,0.12,0.3333333333333333,1.3800000000000001,0.63
982,0.7138888888888889,0.5722222222222222,0.12,0.3333333333333333,1.3800000000000001,0.63
983,0.7138888888888889,0.5722222222222222,0.12,0.3333333333333333,1.3800000000000001,0.63
984,0.7138888888888889,0.5722222222222222,0.12,0.3333333333333333,1.3800000000000001,0.63
985,0.7138888888888889,0.5722222222222222,0.12,0.3333333333333333,1.3800000000000001,0.63
986,0.6527777777777778,0.44166666666666665,0.2,0.3277777777777778,1.4300000000000002,0.8400000000000001
987,0.6527777777777778,0.44166666666666665,0.2,0.3277777777777778,1.4300000000000002,0.8400000000000001
988,0.6527777777777778,0.44166666666666665,0.2,0.3277777777777778,1.4300000000000002,0.8400000000000001
989,0.6444444444444445,0.44166666666666665,0.2,0.3277777777777778,1.4300000000000002,0.63
990,0.6444444444444445,0.39166666666666666,0.33999999999999997,0.3138888888888889,1.26,0.63
991,0.6444444444444445,0.39166666666666666,0.33999999999999997,0.3138888888888889,1.26,0.63
992,0.5444444444444444,0.38333333333333336,0.38,0.30277777777777776,1.27,0.58
993,0.5444444444444444,0.38333333333333336,0.38,0.30277777777777776,1.27,0.58
994,0.5444444444444444,0.38333333333333336,0.38,0.30277777777777776,1.27,0.58
995,0.5361111111111111,0.3888888888888889,0.37,0.2916666666666667,1.19,0.82
996,0.5361111111111111,0.3888888888888889,0.37,0.2916666666666667,1.19,0.82
997,0.5361111111111111,0.3888888888888889,0.37,0.2916666666666667,1.19,0.82
998,0.5111111111111111,0.39166666666666666,0.27,0.21944444444444444,0.8300000000000001,0.8099999999999999
999,0.5666666666666667,0.39166666666666666,0.27,0.14722222222222223,0.8099999999999999,1.06
